car_age,kms_run,kms_per_year,total_owners,times_viewed,assured_buy,is_hot,reserved,warranty_avail,fitness_certificate,fuel_type,body_type,transmission,make,car_rating,registered_state,sale_price
6,8063,1343.8333333333333,2,18715,1,1,0,0,1,petrol,hatchback,manual,maruti,great,delhi,386399
5,23104,4620.8,1,2676,1,1,0,0,1,petrol,hatchback,manual,maruti,great,uttar pradesh,265499
4,23402,5850.5,1,609,1,1,0,0,1,petrol,hatchback,manual,hyundai,great,uttar pradesh,477699
8,39124,4890.5,1,6511,1,1,0,0,1,diesel,hatchback,manual,maruti,great,delhi,307999
6,22116,3686.0,1,3225,0,1,0,0,1,petrol,hatchback,manual,hyundai,great,delhi,361499
3,23534,7844.666666666667,1,1055,1,1,0,0,1,petrol,hatchback,unknown,maruti,great,delhi,335299
9,41213,4579.222222222223,1,909,1,1,0,0,1,diesel,hatchback,manual,maruti,great,delhi,281999
9,38328,4258.666666666667,3,2760,1,1,0,0,1,petrol,hatchback,manual,hyundai,great,uttar pradesh,321499
7,56402,8057.428571428572,1,2475,1,1,0,0,1,diesel,hatchback,manual,hyundai,great,uttar pradesh,456199
3,32703,10901.0,1,2497,1,1,0,0,1,petrol,hatchback,manual,renault,great,uttar pradesh,281299
7,53180,7597.142857142857,1,1446,1,1,0,0,1,petrol,hatchback,manual,maruti,great,delhi,206899
13,44219,3401.4615384615386,1,1798,1,1,0,0,1,petrol,hatchback,manual,hyundai,good,haryana,194699
9,55764,6196.0,2,3115,1,1,0,0,1,diesel,hatchback,manual,hyundai,great,delhi,287999
9,58581,6509.0,1,1752,1,1,0,0,1,petrol,hatchback,manual,honda,great,uttar pradesh,235699
10,49761,4976.1,1,2226,1,1,0,0,1,petrol,hatchback,manual,hyundai,good,delhi,207499
11,63808,5800.727272727273,1,2493,1,1,0,0,1,petrol,sedan,manual,honda,great,uttar pradesh,304199
10,70126,7012.6,1,2450,1,1,0,0,1,petrol,hatchback,manual,hyundai,great,delhi,217599
8,49817,6227.125,1,1498,1,1,0,0,1,petrol,hatchback,manual,hyundai,great,haryana,216899
6,62806,10467.666666666666,1,2965,1,1,0,0,1,diesel,hatchback,manual,maruti,great,uttar pradesh,396499
6,58396,9732.666666666666,2,620,1,1,0,0,1,petrol,hatchback,manual,honda,great,delhi,347399
7,59559,8508.42857142857,1,2216,1,1,0,0,1,petrol,hatchback,manual,hyundai,great,uttar pradesh,209799
9,68355,7595.0,1,1960,1,1,0,0,1,diesel,sedan,manual,hyundai,great,haryana,398799
11,82078,7461.636363636364,1,881,1,1,0,0,1,petrol,hatchback,manual,maruti,great,delhi,207099
8,66350,8293.75,1,779,1,1,0,0,1,diesel,hatchback,manual,maruti,great,delhi,318399
11,56231,5111.909090909091,2,1161,1,1,0,0,1,petrol,hatchback,manual,maruti,good,uttar pradesh,180999
11,72985,6635.0,1,1505,1,1,0,0,1,petrol,hatchback,manual,hyundai,great,haryana,227699
12,79244,6603.666666666667,1,2030,1,1,0,0,1,petrol,hatchback,manual,hyundai,good,delhi,164899
7,71876,10268.0,1,1151,1,1,0,0,1,petrol,hatchback,manual,maruti,great,delhi,389699
10,90479,9047.9,1,2775,1,1,0,0,1,petrol,sedan,manual,maruti,great,haryana,224299
8,66940,8367.5,1,3986,1,1,0,0,1,diesel,suv,manual,ford,great,haryana,397199
8,80394,10049.25,1,1491,1,1,0,0,1,diesel,sedan,manual,maruti,great,uttar pradesh,332499
9,77954,8661.555555555555,2,748,1,1,0,0,1,diesel,sedan,manual,maruti,great,delhi,306899
9,82364,9151.555555555555,1,1537,1,1,0,0,1,petrol,sedan,manual,nissan,great,delhi,287099
7,66743,9534.714285714286,1,1339,1,1,0,0,1,diesel,sedan,manual,hyundai,great,delhi,276299
9,114402,12711.333333333334,1,491,0,1,0,0,1,diesel,hatchback,manual,maruti,great,delhi,228699
9,83767,9307.444444444445,1,4003,1,1,0,0,1,diesel,hatchback,manual,hyundai,great,uttar pradesh,244399
9,87914,9768.222222222223,1,606,1,1,0,0,1,diesel,hatchback,manual,toyota,great,delhi,266299
8,74429,9303.625,2,1418,1,1,0,0,1,diesel,hatchback,manual,maruti,great,uttar pradesh,314499
7,81137,11591.0,2,770,1,1,0,0,1,diesel,hatchback,manual,maruti,great,uttar pradesh,381299
9,85689,9521.0,1,1268,1,1,0,0,1,diesel,hatchback,manual,hyundai,great,uttar pradesh,302299
10,139038,13903.8,1,2258,1,1,0,0,1,petrol,hatchback,manual,hyundai,great,delhi,165499
8,82328,10291.0,1,400,1,1,0,0,1,petrol,hatchback,manual,hyundai,great,delhi,364399
6,87238,14539.666666666666,1,1289,1,1,0,0,1,diesel,sedan,manual,hyundai,great,uttar pradesh,542699
11,95236,8657.818181818182,2,2344,1,1,0,0,1,petrol,sedan,manual,maruti,great,uttar pradesh,202499
9,92532,10281.333333333334,1,493,1,1,0,0,1,petrol,hatchback,manual,maruti,great,delhi,215599
5,104962,20992.4,1,2613,1,1,0,0,1,petrol & cng,hatchback,manual,maruti,great,haryana,326499
5,88453,17690.6,1,1463,1,1,0,0,1,diesel,hatchback,manual,maruti,great,delhi,545799
8,77823,9727.875,1,468,1,1,0,0,1,diesel,sedan,manual,maruti,great,delhi,390699
8,82016,10252.0,2,2521,1,1,0,0,1,diesel,sedan,manual,maruti,great,delhi,274399
9,112314,12479.333333333334,1,608,1,1,0,0,1,diesel,hatchback,manual,hyundai,great,haryana,294799
8,96826,12103.25,1,1102,1,1,0,0,1,diesel,sedan,manual,maruti,great,uttar pradesh,352799
6,91280,15213.333333333334,1,572,1,1,0,0,1,diesel,hatchback,manual,maruti,great,haryana,405399
6,92527,15421.166666666666,1,1172,1,1,0,0,1,diesel,hatchback,manual,maruti,great,uttar pradesh,372899
8,81971,10246.375,1,1946,1,1,0,0,1,diesel,luxury sedan,manual,hyundai,great,haryana,604299
9,118130,13125.555555555555,3,1385,1,1,0,0,1,diesel,hatchback,manual,hyundai,great,uttar pradesh,243299
7,124969,17852.714285714286,1,812,1,1,0,0,1,diesel,hatchback,manual,maruti,great,uttar pradesh,367999
10,133175,13317.5,1,1424,1,1,0,0,1,diesel,hatchback,manual,maruti,great,uttar pradesh,289199
8,110484,13810.5,1,776,1,1,0,0,1,diesel,sedan,manual,maruti,great,haryana,391499
7,78097,11156.714285714286,2,1330,1,1,0,0,1,petrol,sedan,manual,honda,great,haryana,337799
9,100995,11221.666666666666,1,701,1,1,0,0,1,diesel,hatchback,manual,maruti,great,uttar pradesh,234399
9,123546,13727.333333333334,1,770,1,1,0,0,1,diesel,hatchback,manual,maruti,great,uttar pradesh,215699
6,110531,18421.833333333332,1,1774,1,1,0,0,1,diesel,hatchback,manual,hyundai,great,uttar pradesh,420299
3,78027,26009.0,2,1175,1,1,0,0,1,diesel,suv,automatic,hyundai,great,uttar pradesh,1149984
9,129639,14404.333333333334,1,569,1,1,0,0,1,diesel,hatchback,manual,maruti,great,uttar pradesh,306199
12,118559,9879.916666666666,2,2935,1,1,0,0,1,petrol & cng,hatchback,manual,maruti,great,delhi,215299
9,156680,17408.88888888889,1,482,1,1,0,0,1,diesel,hatchback,manual,maruti,great,delhi,291399
11,176287,16026.09090909091,1,1530,1,1,0,0,1,petrol & cng,hatchback,manual,maruti,good,delhi,219999
6,123934,20655.666666666668,2,1352,1,1,0,0,1,diesel,sedan,manual,honda,great,uttar pradesh,315599
7,66027,9432.42857142857,1,3871,1,1,0,0,1,diesel,luxury suv,unknown,audi,great,delhi,1332390
6,88375,14729.166666666666,1,1009,1,1,0,0,1,diesel,suv,unknown,hyundai,great,delhi,789799
9,180639,20071.0,1,669,1,1,0,0,1,diesel,sedan,manual,maruti,great,uttar pradesh,312099
6,116697,19449.5,1,676,1,1,0,0,1,diesel,hatchback,manual,hyundai,great,haryana,536999
5,111613,22322.6,1,755,1,1,0,0,1,diesel,suv,manual,maruti,great,delhi,593099
7,98992,14141.714285714286,1,1790,1,1,0,0,1,diesel,sedan,manual,honda,great,uttar pradesh,293999
4,148526,37131.5,1,1140,1,1,0,0,1,diesel,hatchback,manual,hyundai,great,uttar pradesh,514799
7,103033,14719.0,1,3101,1,1,0,0,1,diesel,luxury sedan,manual,toyota,great,haryana,694599
8,194203,24275.375,1,1020,1,1,0,0,1,diesel,hatchback,manual,maruti,great,delhi,284099
7,90959,12994.142857142857,1,3892,1,1,0,0,1,diesel,luxury suv,unknown,audi,great,uttar pradesh,1103827
6,111562,18593.666666666668,1,1356,1,1,0,0,1,diesel,suv,manual,toyota,great,haryana,844899
8,219642,27455.25,1,1241,1,1,0,0,1,diesel,sedan,manual,renault,good,haryana,264299
6,11343,1890.5,1,3337,1,1,0,0,1,petrol,hatchback,manual,maruti,great,uttar pradesh,334899
2,2510,1255.0,1,2873,1,1,0,0,1,petrol & cng,hatchback,manual,maruti,great,uttar pradesh,346599
8,21784,2723.0,2,963,1,1,0,0,1,petrol,hatchback,manual,maruti,great,uttar pradesh,240199
2,4279,2139.5,1,502,1,1,0,0,1,petrol,hatchback,manual,renault,great,delhi,341199
2,11393,5696.5,1,6046,1,1,0,0,1,petrol,sedan,manual,maruti,great,uttar pradesh,516599
2,11221,5610.5,1,1039,1,1,0,0,1,petrol,hatchback,unknown,maruti,great,uttar pradesh,358099
11,47405,4309.545454545455,1,1064,1,1,0,0,1,petrol,sedan,manual,honda,great,delhi,360799
8,43803,5475.375,1,1184,1,1,0,0,1,petrol,hatchback,manual,maruti,great,uttar pradesh,352799
8,24955,3119.375,1,924,1,1,0,0,1,petrol,hatchback,manual,hyundai,great,delhi,226199
5,34451,6890.2,1,816,1,1,0,0,1,petrol,hatchback,manual,maruti,great,haryana,259999
5,40154,8030.8,1,5697,1,1,0,0,1,petrol,hatchback,manual,renault,great,uttar pradesh,213999
5,37916,7583.2,1,5518,1,1,0,0,1,petrol,hatchback,manual,renault,great,haryana,234099
4,25826,6456.5,1,935,1,1,0,0,1,petrol,hatchback,unknown,hyundai,great,delhi,488699
4,38901,9725.25,1,1702,1,1,0,0,1,petrol & cng,hatchback,unknown,hyundai,great,delhi,462899
9,39131,4347.888888888889,1,1501,1,1,0,0,1,petrol,hatchback,manual,maruti,great,haryana,232999
8,28769,3596.125,1,2393,0,1,0,0,1,diesel,suv,manual,renault,great,uttar pradesh,454599
3,3212,1070.6666666666667,1,846,1,1,0,0,1,petrol,hatchback,manual,maruti,great,delhi,394399
5,14776,2955.2,1,1063,1,1,0,0,1,petrol,hatchback,manual,hyundai,great,delhi,278199
8,50647,6330.875,2,664,1,1,0,0,1,diesel,hatchback,manual,maruti,great,delhi,349299
2,21556,10778.0,1,1725,1,1,0,0,1,petrol,hatchback,unknown,hyundai,great,uttar pradesh,571299
8,48461,6057.625,1,775,1,1,0,0,1,petrol,hatchback,manual,maruti,great,delhi,370599
9,62476,6941.777777777777,1,693,1,1,0,0,1,diesel,hatchback,manual,maruti,great,uttar pradesh,317399
4,85779,21444.75,2,1000,1,1,0,0,1,diesel,hatchback,manual,tata,great,delhi,332399
6,20087,3347.8333333333335,2,1301,1,1,0,0,1,petrol,suv,manual,hyundai,great,uttar pradesh,823499
10,59431,5943.1,1,1066,1,1,0,0,1,petrol,hatchback,manual,hyundai,great,uttar pradesh,223599
8,40911,5113.875,2,1343,1,1,0,0,1,petrol,hatchback,manual,toyota,good,delhi,294399
2,8326,4163.0,1,6979,1,1,0,0,1,petrol,suv,unknown,maruti,great,delhi,897199
10,71538,7153.8,1,878,1,1,0,0,1,petrol,hatchback,manual,hyundai,great,haryana,256699
5,28840,5768.0,1,1922,1,1,0,0,1,petrol,hatchback,manual,datsun,good,delhi,221399
6,53095,8849.166666666666,1,649,1,1,0,0,1,petrol,hatchback,manual,maruti,great,delhi,354999
9,59922,6658.0,1,991,1,1,0,0,1,diesel,hatchback,manual,hyundai,good,haryana,276399
3,28290,9430.0,1,2443,1,1,0,0,1,petrol,suv,manual,honda,great,uttar pradesh,709899
4,34205,8551.25,1,519,1,1,0,0,1,petrol,hatchback,manual,maruti,great,uttar pradesh,509399
6,57972,9662.0,3,938,1,1,0,0,1,petrol,hatchback,manual,maruti,great,delhi,369399
13,61909,4762.2307692307695,1,654,1,1,0,0,1,petrol,hatchback,manual,maruti,good,delhi,203099
9,49367,5485.222222222223,3,4922,1,1,0,0,1,diesel,luxury suv,manual,mahindra,good,uttar pradesh,479899
7,64950,9278.57142857143,2,3259,1,1,0,0,1,diesel,luxury suv,manual,mahindra,great,delhi,555999
11,61261,5569.181818181818,1,1143,1,1,0,0,1,petrol,sedan,manual,maruti,good,uttar pradesh,232899
8,72461,9057.625,1,778,1,1,0,0,1,diesel,sedan,manual,honda,great,delhi,301399
8,67011,8376.375,1,494,1,1,0,0,1,diesel,hatchback,manual,maruti,great,haryana,369299
6,53171,8861.833333333334,1,1015,1,1,0,0,1,petrol,hatchback,manual,hyundai,great,uttar pradesh,480399
4,93152,23288.0,1,631,1,1,0,0,1,petrol,hatchback,unknown,hyundai,good,delhi,377799
10,59541,5954.1,2,496,1,1,0,0,1,petrol,hatchback,manual,volkswagen,good,haryana,275099
10,89510,8951.0,1,1377,1,1,0,0,1,petrol,hatchback,manual,maruti,good,uttar pradesh,188399
5,55538,11107.6,1,1373,1,1,0,0,1,petrol,hatchback,manual,tata,great,delhi,359399
6,50968,8494.666666666666,1,2106,1,1,0,0,1,diesel,suv,manual,mahindra,great,delhi,801099
4,42841,10710.25,1,1528,1,1,0,0,1,diesel,suv,manual,toyota,great,uttar pradesh,1415109
8,65942,8242.75,1,1320,1,1,0,0,1,petrol,hatchback,manual,volkswagen,great,haryana,317199
5,59831,11966.2,1,3284,1,1,0,0,1,diesel,suv,manual,mahindra,great,uttar pradesh,1092313
5,61582,12316.4,2,1680,1,1,0,0,1,petrol,suv,manual,hyundai,great,uttar pradesh,720299
5,61330,12266.0,2,2581,1,1,0,0,1,diesel,suv,manual,mahindra,great,uttar pradesh,1030804
9,58699,6522.111111111111,1,380,1,1,0,0,1,diesel,hatchback,manual,ford,fair,haryana,233099
12,96354,8029.5,2,338,1,1,0,0,1,petrol,hatchback,manual,maruti,good,delhi,239299
12,95127,7927.25,3,2828,1,1,0,0,1,petrol,luxury suv,manual,mitsubishi,great,delhi,307099
7,81676,11668.0,1,204,1,1,0,0,1,diesel,sedan,manual,hyundai,great,uttar pradesh,520499
7,84334,12047.714285714286,1,743,1,1,0,0,1,diesel,sedan,manual,hyundai,great,delhi,510699
4,73768,18442.0,1,1242,1,1,0,0,1,diesel,sedan,manual,volkswagen,great,uttar pradesh,486299
11,65057,5914.272727272727,1,351,1,1,0,0,1,petrol,hatchback,manual,maruti,good,delhi,208999
9,89988,9998.666666666666,2,750,1,1,0,0,1,petrol,hatchback,manual,maruti,good,delhi,206399
5,100780,20156.0,2,1776,0,1,0,0,1,petrol & cng,hatchback,manual,maruti,great,delhi,358299
8,90659,11332.375,2,448,1,1,0,0,1,petrol,hatchback,manual,honda,good,delhi,251399
8,79800,9975.0,1,1251,1,1,0,0,1,petrol,hatchback,manual,hyundai,great,delhi,220699
9,90220,10024.444444444445,1,1831,1,1,0,0,1,petrol,sedan,manual,maruti,great,uttar pradesh,290899
8,99113,12389.125,1,1508,1,1,0,0,1,diesel,suv,manual,ford,great,uttar pradesh,413099
7,60070,8581.42857142857,1,1583,1,1,0,0,1,diesel,luxury suv,manual,mahindra,great,maharashtra,699399
7,110471,15781.57142857143,1,842,1,1,0,0,1,diesel,suv,manual,nissan,great,uttar pradesh,469099
7,86304,12329.142857142857,1,535,1,1,0,0,1,petrol,sedan,manual,honda,great,uttar pradesh,364599
11,108338,9848.90909090909,1,490,1,1,0,0,1,petrol,hatchback,manual,maruti,great,uttar pradesh,230799
9,122256,13584.0,1,524,1,1,0,0,1,diesel,hatchback,manual,hyundai,great,uttar pradesh,299399
6,168109,28018.166666666668,1,938,1,1,0,0,1,petrol,sedan,manual,toyota,great,uttar pradesh,330899
9,186207,20689.666666666668,1,1085,1,1,0,0,1,diesel,suv,manual,maruti,good,uttar pradesh,440199
8,192715,24089.375,1,888,1,1,0,0,1,diesel,sedan,manual,volkswagen,great,uttar pradesh,377799
7,134937,19276.714285714286,1,1166,1,1,0,0,1,petrol,luxury sedan,manual,toyota,great,uttar pradesh,751399
8,114155,14269.375,2,1288,1,1,0,0,1,diesel,luxury suv,automatic,audi,great,delhi,1072517
5,124714,24942.8,1,924,1,1,0,0,1,diesel,suv,unknown,hyundai,great,uttar pradesh,818799
8,107465,13433.125,2,1937,1,1,0,0,1,diesel,luxury sedan,automatic,audi,great,delhi,1202706
8,154297,19287.125,1,2095,1,1,0,0,1,diesel,luxury suv,automatic,toyota,great,uttar pradesh,1213917
7,214389,30627.0,1,876,1,1,0,0,1,diesel,suv,manual,toyota,great,delhi,619299
6,158356,26392.666666666668,1,1278,1,1,0,0,1,petrol & cng,hatchback,manual,maruti,great,delhi,316399
6,27191,4531.833333333333,1,2550,1,1,1,0,1,petrol,hatchback,manual,maruti,great,delhi,365799
4,15581,3895.25,1,3272,1,1,1,0,1,petrol,hatchback,manual,maruti,great,haryana,257699
10,15248,1524.8,1,2660,1,1,1,0,1,petrol,sedan,manual,maruti,great,delhi,254299
3,17599,5866.333333333333,1,1102,1,1,1,0,1,petrol,hatchback,manual,maruti,great,delhi,335199
8,34861,4357.625,1,1701,1,1,1,0,1,diesel,suv,manual,mahindra,great,delhi,506799
2,9218,4609.0,1,2291,1,1,1,0,1,petrol,hatchback,manual,maruti,great,delhi,568299
2,7794,3897.0,1,2127,1,1,1,0,1,petrol,hatchback,manual,hyundai,great,delhi,513399
3,14537,4845.666666666667,1,1185,1,1,1,0,1,petrol,hatchback,unknown,datsun,great,uttar pradesh,277899
8,45994,5749.25,1,1291,1,1,1,0,1,diesel,hatchback,manual,maruti,great,uttar pradesh,356099
11,55388,5035.272727272727,2,2158,1,1,1,0,1,petrol,hatchback,manual,hyundai,great,delhi,190499
11,51871,4715.545454545455,1,1026,1,1,1,0,1,petrol,sedan,unknown,maruti,good,delhi,238199
10,41762,4176.2,1,1252,1,1,1,0,1,petrol,hatchback,manual,maruti,great,delhi,239399
5,37219,7443.8,1,3898,1,1,1,0,1,diesel,suv,automatic,mahindra,great,delhi,551499
1,11146,11146.0,1,6329,1,1,1,0,1,petrol,hatchback,unknown,hyundai,great,delhi,532799
7,48845,6977.857142857143,1,2855,1,1,1,0,1,petrol,sedan,manual,honda,great,delhi,530499
2,21000,10500.0,1,2197,1,1,1,0,1,petrol,unknown,unknown,maruti,great,delhi,397699
4,37426,9356.5,1,1624,1,1,1,0,1,petrol,sedan,manual,honda,great,uttar pradesh,450999
3,31537,10512.333333333334,1,4740,1,1,1,0,1,petrol,hatchback,manual,renault,great,uttar pradesh,283999
11,68453,6223.0,1,1693,1,1,1,0,1,petrol,hatchback,manual,hyundai,great,delhi,174499
4,28074,7018.5,1,1517,0,1,1,0,1,petrol & cng,sedan,manual,honda,great,delhi,791599
7,68235,9747.857142857143,2,1416,1,1,1,0,1,diesel,sedan,manual,hyundai,great,delhi,275699
8,67411,8426.375,1,1264,1,1,1,0,1,diesel,sedan,manual,maruti,great,delhi,271499
9,80671,8963.444444444445,1,871,1,1,1,0,1,diesel,sedan,manual,maruti,great,uttar pradesh,336099
12,48907,4075.5833333333335,1,1318,1,1,1,0,1,petrol,hatchback,manual,maruti,great,delhi,189299
6,57933,9655.5,2,1224,1,1,1,0,1,diesel,suv,manual,maruti,great,delhi,574199
12,86251,7187.583333333333,2,4681,1,1,1,0,1,petrol,hatchback,manual,hyundai,great,delhi,175299
2,50244,25122.0,2,1664,1,1,1,0,1,petrol & cng,hatchback,manual,maruti,great,uttar pradesh,313399
7,70930,10132.857142857143,1,808,1,1,1,0,1,petrol & cng,hatchback,manual,maruti,good,delhi,274799
9,83630,9292.222222222223,1,1670,1,1,1,0,1,petrol & cng,hatchback,manual,maruti,great,haryana,218899
3,38712,12904.0,1,6516,1,1,1,0,1,diesel,sedan,automatic,hyundai,great,uttar pradesh,949499
4,39663,9915.75,1,1186,1,1,1,0,1,diesel,suv,manual,maruti,great,uttar pradesh,732399
4,38307,9576.75,1,4483,1,1,1,0,1,diesel,sedan,manual,hyundai,great,delhi,747999
6,71692,11948.666666666666,2,1830,1,1,1,0,1,diesel,suv,automatic,mahindra,great,delhi,579599
2,25800,12900.0,1,5905,1,1,1,0,1,diesel,sedan,unknown,hyundai,great,delhi,846799
9,89257,9917.444444444445,1,2159,1,1,1,0,1,diesel,suv,manual,maruti,great,delhi,419599
3,42277,14092.333333333334,1,276,1,1,1,0,1,petrol & cng,hatchback,manual,hyundai,great,delhi,523699
3,28572,9524.0,1,2814,1,1,1,0,1,diesel,suv,manual,maruti,great,uttar pradesh,780799
3,11844,3948.0,1,2157,1,1,1,0,1,petrol,suv,manual,ford,great,delhi,791199
9,81227,9025.222222222223,2,2065,1,1,1,0,1,diesel,suv,manual,maruti,great,delhi,380599
9,84027,9336.333333333334,2,3776,1,1,1,0,1,diesel,sedan,manual,hyundai,great,delhi,283299
2,10643,5321.5,2,2581,1,1,1,0,1,petrol,suv,unknown,maruti,great,haryana,877199
2,50873,25436.5,1,7645,1,1,1,0,1,diesel,suv,unknown,tata,great,haryana,1280577
7,74867,10695.285714285714,2,1561,1,1,1,0,1,diesel,sedan,manual,honda,great,delhi,514499
11,86619,7874.454545454545,2,3364,1,1,1,0,1,petrol,sedan,automatic,honda,great,delhi,273199
12,89564,7463.666666666667,2,2924,0,1,1,0,1,petrol,hatchback,manual,maruti,great,delhi,177099
7,75854,10836.285714285714,1,2142,1,1,1,0,1,diesel,sedan,manual,hyundai,great,uttar pradesh,488299
7,76938,10991.142857142857,1,1519,1,1,1,0,1,petrol,hatchback,manual,honda,great,delhi,273899
6,87634,14605.666666666666,1,1362,1,1,1,0,1,petrol & cng,hatchback,manual,hyundai,good,delhi,297599
5,81175,16235.0,1,824,0,1,1,0,1,diesel,hatchback,manual,maruti,great,uttar pradesh,538099
9,88696,9855.111111111111,1,663,1,1,1,0,1,petrol,hatchback,manual,hyundai,great,delhi,200799
3,56926,18975.333333333332,1,2893,1,1,1,0,1,diesel,sedan,manual,honda,great,uttar pradesh,569899
3,57860,19286.666666666668,1,1808,1,1,1,0,1,diesel,sedan,manual,maruti,great,uttar pradesh,770199
5,99569,19913.8,1,3386,1,1,1,0,1,diesel,suv,manual,mahindra,great,haryana,266299
12,133196,11099.666666666666,2,1327,1,1,1,0,1,petrol,sedan,unknown,honda,great,delhi,201899
4,105847,26461.75,1,1936,1,1,1,0,1,petrol & cng,suv,manual,maruti,great,haryana,280699
12,109466,9122.166666666666,2,3658,1,1,1,0,0,petrol & cng,hatchback,manual,maruti,great,delhi,105999
5,76749,15349.8,1,3457,1,1,1,0,1,petrol,luxury sedan,automatic,audi,great,delhi,1663670
8,95093,11886.625,1,457,1,1,1,0,1,petrol,sedan,manual,maruti,great,delhi,288599
7,82866,11838.0,2,3729,1,1,1,0,1,diesel,luxury suv,manual,mahindra,great,delhi,504199
9,118659,13184.333333333334,2,1267,1,1,1,0,1,petrol,luxury sedan,automatic,toyota,great,delhi,444299
7,93529,13361.285714285714,2,907,1,1,1,1,1,petrol,sedan,manual,honda,great,uttar pradesh,478899
4,109022,27255.5,1,1382,1,1,1,0,1,diesel,suv,unknown,hyundai,great,uttar pradesh,754099
8,93866,11733.25,1,1412,1,1,1,0,1,petrol,hatchback,manual,hyundai,great,uttar pradesh,234299
7,110019,15717.0,1,1164,1,1,1,0,1,diesel,sedan,manual,honda,great,delhi,282299
7,101288,14469.714285714286,1,2278,1,1,1,0,1,petrol & cng,hatchback,manual,maruti,great,delhi,212699
7,104448,14921.142857142857,1,1730,1,1,1,0,1,petrol & cng,hatchback,manual,maruti,great,delhi,314999
9,169704,18856.0,1,2557,1,1,1,0,1,diesel,luxury suv,manual,toyota,great,uttar pradesh,1089687
6,147944,24657.333333333332,2,725,1,1,1,0,1,petrol,sedan,manual,honda,great,delhi,554899
11,84568,7688.0,2,442,0,0,0,1,1,petrol & cng,hatchback,manual,hyundai,good,delhi,135000
6,45412,7568.666666666667,1,179,0,0,0,0,1,diesel,suv,manual,mahindra,good,uttar pradesh,700000
8,29656,3707.0,1,4397,1,1,1,0,1,petrol,hatchback,manual,hyundai,great,uttar pradesh,339299
9,48415,5379.444444444444,1,3180,1,1,1,0,1,petrol,hatchback,manual,honda,great,delhi,199499
2,5906,2953.0,1,3004,1,1,1,0,1,petrol,sedan,manual,honda,great,delhi,581299
7,45361,6480.142857142857,1,2730,1,1,1,0,1,petrol,hatchback,manual,hyundai,great,uttar pradesh,265899
7,22307,3186.714285714286,1,244,1,1,1,0,1,petrol & cng,hatchback,manual,maruti,good,delhi,254999
4,29238,7309.5,1,988,1,1,1,0,1,petrol,hatchback,manual,renault,great,uttar pradesh,301499
7,27619,3945.5714285714284,1,2225,1,1,1,0,1,diesel,sedan,manual,maruti,great,uttar pradesh,481099
2,5631,2815.5,1,3203,1,1,1,0,1,petrol,hatchback,manual,maruti,great,delhi,602799
3,11550,3850.0,1,1728,1,1,1,0,1,petrol,hatchback,manual,maruti,great,uttar pradesh,537399
3,24883,8294.333333333334,1,1204,1,1,1,0,1,petrol,sedan,manual,maruti,great,uttar pradesh,563999
5,31898,6379.6,1,886,0,1,1,0,1,petrol,hatchback,manual,renault,great,delhi,245999
4,21259,5314.75,1,29223,1,1,1,0,1,petrol,hatchback,manual,datsun,good,delhi,233399
13,50292,3868.6153846153848,2,3149,1,1,1,0,0,petrol,sedan,manual,maruti,great,delhi,128299
5,44946,8989.2,1,2343,1,1,1,0,1,petrol,hatchback,manual,renault,great,uttar pradesh,248699
6,42878,7146.333333333333,1,1940,1,1,1,0,1,petrol,hatchback,manual,tata,fair,delhi,152399
6,51368,8561.333333333334,1,1975,1,1,1,0,1,petrol,hatchback,manual,hyundai,great,delhi,305599
6,27144,4524.0,1,800,1,1,1,0,1,petrol,suv,manual,hyundai,great,delhi,802499
3,28594,9531.333333333334,1,1289,1,1,1,0,1,petrol,hatchback,manual,maruti,great,delhi,624399
3,22800,7600.0,2,2588,1,1,1,0,1,diesel,suv,manual,mahindra,great,delhi,764399
6,57988,9664.666666666666,1,1038,1,1,1,0,1,petrol,sedan,manual,maruti,great,haryana,393799
4,57086,14271.5,2,2178,1,1,1,0,1,petrol & cng,sedan,manual,honda,great,delhi,470799
8,136954,17119.25,1,2272,1,1,1,0,1,diesel,hatchback,manual,chevrolet,great,delhi,157999
3,52916,17638.666666666668,1,2033,1,1,1,0,1,diesel,sedan,manual,maruti,great,uttar pradesh,558599
7,72120,10302.857142857143,1,2387,1,1,1,0,1,diesel,suv,manual,maruti,great,uttar pradesh,529099
8,85174,10646.75,1,716,1,1,1,0,1,diesel,sedan,manual,maruti,great,delhi,297499
6,59372,9895.333333333334,1,3013,1,1,1,0,1,diesel,luxury suv,manual,toyota,great,uttar pradesh,1502599
2,33317,16658.5,1,848,1,1,1,0,1,diesel,suv,unknown,maruti,great,uttar pradesh,802799
8,80307,10038.375,1,1198,1,1,1,0,1,diesel,suv,manual,toyota,great,uttar pradesh,691399
2,41908,20954.0,2,3549,1,1,1,0,1,diesel,suv,manual,mahindra,great,uttar pradesh,1307948
5,105733,21146.6,1,650,1,1,1,0,1,diesel,hatchback,manual,hyundai,great,delhi,469399
5,71231,14246.2,1,3269,1,1,1,0,1,diesel,suv,unknown,mahindra,great,uttar pradesh,865499
5,74429,14885.8,1,6942,1,1,1,0,1,petrol & cng,hatchback,manual,maruti,great,uttar pradesh,276299
8,191884,23985.5,1,1392,1,1,1,0,1,diesel,suv,manual,maruti,great,uttar pradesh,441199
8,64676,8084.5,1,667,1,0,0,1,1,diesel,sedan,manual,maruti,great,uttar pradesh,280000
9,73920,8213.333333333334,3,180,0,0,0,1,1,diesel,hatchback,manual,maruti,great,delhi,240000
7,38295,5470.714285714285,2,247,0,0,0,1,1,petrol,hatchback,manual,maruti,great,delhi,170000
5,34501,6900.2,2,489,0,0,0,1,1,petrol,hatchback,manual,renault,good,delhi,210000
9,98040,10893.333333333334,1,186,0,0,0,0,1,diesel,hatchback,manual,maruti,great,delhi,270000
16,136658,8541.125,1,236,0,0,0,0,0,petrol & cng,hatchback,manual,hyundai,overpriced,delhi,47000
9,94634,10514.888888888889,1,176,1,0,0,0,1,diesel,sedan,manual,hyundai,fair,haryana,482000
12,42024,3502.0,2,268,0,0,0,1,0,petrol,hatchback,manual,chevrolet,overpriced,delhi,90000
16,147503,9218.9375,2,258,0,0,0,0,0,petrol,sedan,manual,honda,great,haryana,60000
10,120066,12006.6,2,286,0,0,0,0,0,diesel,hatchback,manual,tata,overpriced,uttar pradesh,115000
9,98644,10960.444444444445,1,212,1,0,0,0,1,diesel,sedan,manual,hyundai,good,uttar pradesh,375000
10,117782,11778.2,2,491,0,0,0,0,1,diesel,sedan,manual,hyundai,great,delhi,250000
9,37193,4132.555555555556,1,196,0,0,0,1,1,diesel,hatchback,manual,toyota,great,uttar pradesh,250000
10,34028,3402.8,1,7472,1,1,0,0,1,petrol,hatchback,manual,maruti,great,delhi,184599
4,11976,2994.0,1,5217,1,1,0,0,1,petrol,hatchback,manual,maruti,great,haryana,323999
6,17181,2863.5,1,2256,1,1,0,0,1,petrol,hatchback,manual,hyundai,great,delhi,378699
5,20092,4018.4,1,5808,1,1,0,0,1,petrol,hatchback,manual,maruti,great,haryana,499499
5,19069,3813.8,1,1107,1,1,0,0,1,petrol,hatchback,manual,hyundai,great,delhi,461699
11,41190,3744.5454545454545,1,2489,1,1,0,0,1,petrol,hatchback,manual,maruti,great,haryana,183599
7,29959,4279.857142857143,1,1188,1,1,0,0,1,diesel,hatchback,unknown,maruti,great,haryana,387499
8,36501,4562.625,2,3043,1,1,0,0,1,petrol,hatchback,manual,maruti,great,haryana,270599
4,27705,6926.25,1,1097,1,1,0,0,1,petrol,hatchback,unknown,maruti,great,uttar pradesh,339399
11,47182,4289.272727272727,1,5319,1,1,0,0,1,petrol,hatchback,manual,maruti,great,haryana,158599
10,61632,6163.2,1,5601,1,1,0,0,1,petrol,sedan,manual,honda,great,haryana,343099
7,44353,6336.142857142857,1,1901,1,1,0,0,1,diesel,hatchback,unknown,maruti,great,haryana,346099
8,40273,5034.125,1,1178,1,1,0,0,1,petrol,hatchback,manual,hyundai,great,delhi,350099
3,11949,3983.0,1,2499,1,1,0,0,1,petrol,hatchback,manual,renault,great,delhi,311199
5,41227,8245.4,3,1495,1,1,0,0,1,petrol,hatchback,manual,hyundai,great,haryana,381799
7,48866,6980.857142857143,1,1277,1,1,0,0,1,petrol,hatchback,manual,maruti,great,delhi,398399
4,23274,5818.5,1,1861,1,1,0,0,1,petrol,sedan,manual,honda,great,delhi,520199
3,27886,9295.333333333334,1,763,1,1,0,0,1,petrol,hatchback,manual,maruti,great,haryana,289299
11,45983,4180.272727272727,1,722,1,1,0,0,1,petrol,sedan,manual,maruti,great,haryana,306099
3,4220,1406.6666666666667,1,1982,1,1,0,0,1,petrol,sedan,unknown,maruti,great,haryana,890399
8,46210,5776.25,1,2055,1,1,0,0,1,petrol,hatchback,manual,honda,great,haryana,277299
9,48288,5365.333333333333,1,2166,1,1,0,0,1,diesel,sedan,manual,hyundai,great,delhi,410499
4,43373,10843.25,2,4513,1,1,0,0,1,petrol,hatchback,manual,hyundai,great,haryana,368699
6,58187,9697.833333333334,2,682,1,1,0,0,1,petrol & cng,hatchback,unknown,maruti,great,haryana,270399
9,48390,5376.666666666667,1,1949,1,1,0,0,1,diesel,sedan,manual,maruti,great,delhi,326999
5,43120,8624.0,1,1741,1,1,0,0,1,petrol,hatchback,manual,hyundai,great,haryana,401299
11,47870,4351.818181818182,1,1401,1,1,0,0,1,petrol,hatchback,manual,hyundai,great,haryana,219699
8,56137,7017.125,1,852,1,1,0,0,1,petrol,hatchback,manual,honda,great,haryana,251499
4,44311,11077.75,1,1322,1,1,0,0,1,petrol,hatchback,manual,hyundai,great,haryana,406399
6,19037,3172.8333333333335,3,1913,1,1,0,0,1,petrol,hatchback,manual,hyundai,great,delhi,245799
4,38245,9561.25,2,5247,1,1,0,0,1,petrol,hatchback,manual,renault,great,haryana,229499
6,52490,8748.333333333334,1,1720,1,1,0,0,1,diesel,hatchback,manual,maruti,great,haryana,424499
12,53021,4418.416666666667,1,2655,1,1,0,0,1,petrol,hatchback,manual,hyundai,great,delhi,173899
4,18113,4528.25,1,636,1,1,0,0,1,petrol,hatchback,manual,maruti,great,delhi,307899
4,30113,7528.25,1,1217,1,1,0,0,1,petrol,hatchback,manual,maruti,great,haryana,314099
5,60011,12002.2,1,983,1,1,0,0,1,petrol,hatchback,manual,hyundai,great,haryana,394299
4,51476,12869.0,1,1748,1,1,0,0,1,petrol,hatchback,manual,maruti,great,haryana,308199
4,51147,12786.75,2,4168,1,1,0,0,1,petrol & cng,hatchback,manual,maruti,great,haryana,275799
9,82002,9111.333333333334,1,428,1,1,0,0,1,diesel,sedan,manual,maruti,great,delhi,346799
7,59700,8528.57142857143,2,1513,1,1,0,0,1,diesel,hatchback,manual,toyota,great,haryana,386999
4,71937,17984.25,1,790,1,1,0,0,1,petrol & cng,hatchback,manual,maruti,great,delhi,267399
8,49004,6125.5,2,1687,1,1,0,0,1,petrol,hatchback,manual,volkswagen,great,delhi,316199
7,31745,4535.0,1,677,1,1,0,0,1,petrol,hatchback,manual,maruti,good,delhi,266399
6,63435,10572.5,1,2645,1,1,0,0,1,diesel,hatchback,manual,maruti,great,haryana,446199
7,68678,9811.142857142857,1,2557,1,1,0,0,1,petrol,hatchback,manual,hyundai,great,haryana,389299
5,47218,9443.6,1,2935,1,1,0,0,1,petrol,sedan,manual,maruti,great,delhi,547199
7,43574,6224.857142857143,1,1272,1,1,0,0,1,petrol,hatchback,manual,maruti,great,haryana,307299
6,66476,11079.333333333334,1,708,1,1,0,0,1,diesel,hatchback,manual,maruti,great,haryana,401299
3,69958,23319.333333333332,1,549,1,1,0,0,1,petrol,hatchback,manual,maruti,great,haryana,378599
2,14775,7387.5,1,1087,1,1,0,0,1,petrol,hatchback,automatic,maruti,great,delhi,630599
8,51901,6487.625,2,291,1,1,0,0,1,petrol,hatchback,manual,hyundai,great,delhi,376299
10,45122,4512.2,3,293,1,1,0,0,1,petrol,hatchback,manual,hyundai,good,delhi,232999
5,56403,11280.6,1,1598,1,1,0,1,1,petrol,sedan,manual,honda,great,haryana,580899
4,27711,6927.75,1,2840,1,1,0,0,1,diesel,suv,manual,maruti,great,haryana,739899
12,79226,6602.166666666667,1,4990,1,1,0,0,1,petrol,hatchback,manual,maruti,great,haryana,198799
5,54854,10970.8,1,237,1,1,0,0,1,petrol,hatchback,manual,hyundai,good,delhi,268299
10,73397,7339.7,1,1315,1,1,0,0,1,petrol,hatchback,manual,hyundai,great,haryana,285499
10,73453,7345.3,1,1196,1,1,0,0,1,petrol,hatchback,manual,hyundai,great,delhi,221699
6,53523,8920.5,1,704,1,1,0,0,1,diesel,hatchback,manual,hyundai,great,haryana,516999
12,72093,6007.75,1,1936,1,1,0,0,1,petrol,sedan,manual,honda,great,delhi,256999
6,55683,9280.5,1,1053,1,1,0,0,1,petrol,hatchback,manual,hyundai,great,haryana,556499
5,51803,10360.6,2,4065,1,1,0,0,1,diesel,sedan,manual,honda,great,haryana,574899
8,61470,7683.75,1,1044,1,1,0,0,1,petrol,hatchback,manual,maruti,great,delhi,336199
14,95040,6788.571428571428,1,5101,1,1,0,0,1,petrol,hatchback,manual,maruti,good,haryana,149199
7,64348,9192.57142857143,1,1191,1,1,0,0,1,petrol,sedan,manual,hyundai,great,haryana,413499
5,43864,8772.8,1,1825,1,1,0,0,1,petrol,hatchback,manual,maruti,great,haryana,486899
4,65194,16298.5,1,353,1,1,0,0,1,petrol,hatchback,manual,hyundai,great,haryana,459499
11,66292,6026.545454545455,1,396,1,1,0,0,1,petrol,hatchback,manual,hyundai,good,haryana,224399
1,20199,20199.0,1,7280,1,1,0,0,1,diesel,unknown,unknown,kia,great,haryana,1399656
3,14337,4779.0,1,1801,1,1,0,0,1,diesel,suv,automatic,maruti,great,haryana,1010806
13,91018,7001.384615384615,1,4082,1,1,0,0,1,petrol,hatchback,manual,hyundai,good,delhi,126699
2,25835,12917.5,1,2512,1,1,0,0,1,diesel,suv,unknown,hyundai,great,haryana,1050802
9,49146,5460.666666666667,1,250,1,1,0,0,1,petrol,hatchback,manual,hyundai,good,haryana,212099
10,62890,6289.0,3,2339,1,1,0,0,1,petrol,hatchback,manual,volkswagen,good,delhi,238499
3,21843,7281.0,2,1782,1,1,0,0,1,diesel,suv,manual,maruti,great,haryana,783599
3,17350,5783.333333333333,1,2088,1,1,0,0,1,diesel,suv,automatic,maruti,great,delhi,921299
11,89560,8141.818181818182,1,1331,1,1,0,0,1,petrol,sedan,manual,honda,great,delhi,305499
10,66094,6609.4,1,496,1,1,0,0,1,petrol & cng,hatchback,manual,maruti,good,delhi,242799
2,26930,13465.0,1,1117,1,1,0,0,1,diesel,suv,manual,maruti,great,delhi,796099
10,118427,11842.7,1,1027,1,1,0,0,1,petrol,hatchback,manual,maruti,great,delhi,177299
7,79144,11306.285714285714,1,662,1,1,0,0,1,diesel,hatchback,manual,maruti,great,haryana,381099
8,68546,8568.25,1,404,1,1,0,0,1,diesel,hatchback,manual,maruti,great,haryana,353499
3,77097,25699.0,2,3736,1,1,0,0,1,petrol & cng,hatchback,manual,maruti,great,haryana,338099
6,70952,11825.333333333334,1,635,1,1,0,0,1,diesel,hatchback,manual,maruti,great,haryana,446499
8,63628,7953.5,1,669,1,1,0,0,1,petrol,hatchback,manual,hyundai,good,haryana,225399
12,94856,7904.666666666667,2,1171,1,1,0,0,1,petrol,hatchback,manual,hyundai,great,haryana,203799
5,84427,16885.4,1,1901,1,1,0,0,1,petrol,hatchback,manual,honda,great,delhi,435399
10,114464,11446.4,1,1105,1,1,0,0,1,diesel,sedan,manual,toyota,great,haryana,235099
9,78059,8673.222222222223,1,2374,1,1,0,1,1,diesel,suv,manual,toyota,great,haryana,549699
9,99207,11023.0,1,1965,1,1,0,0,1,petrol,hatchback,manual,maruti,good,delhi,192799
6,85657,14276.166666666666,1,2154,1,1,0,0,1,diesel,suv,manual,maruti,great,haryana,429599
12,133401,11116.75,1,2948,1,1,0,0,1,petrol,sedan,manual,maruti,great,haryana,198399
7,83368,11909.714285714286,1,1003,1,1,0,0,1,diesel,hatchback,manual,maruti,great,haryana,360999
7,86132,12304.57142857143,1,1330,1,1,0,0,1,petrol,sedan,automatic,honda,great,delhi,390399
3,40585,13528.333333333334,2,1789,1,1,0,0,1,diesel,sedan,automatic,hyundai,great,haryana,917999
12,99003,8250.25,2,1028,1,1,0,0,1,petrol,sedan,manual,honda,great,haryana,258599
6,73411,12235.166666666666,1,2553,1,1,0,0,1,petrol,hatchback,manual,maruti,great,delhi,342399
6,74165,12360.833333333334,1,891,1,1,0,0,1,diesel,suv,automatic,mahindra,good,haryana,530399
9,89809,9978.777777777777,1,470,1,1,0,0,1,diesel,hatchback,manual,maruti,great,delhi,292199
9,98304,10922.666666666666,1,1320,1,1,0,0,1,diesel,hatchback,manual,hyundai,great,uttar pradesh,253699
5,84113,16822.6,1,1117,1,1,0,0,1,diesel,sedan,manual,volkswagen,great,uttar pradesh,448699
11,74464,6769.454545454545,2,1233,1,1,0,0,1,petrol,sedan,manual,honda,great,delhi,298999
10,112222,11222.2,1,614,1,1,0,0,1,petrol,hatchback,manual,honda,good,haryana,231499
4,70268,17567.0,1,1619,1,1,0,0,1,diesel,sedan,manual,maruti,great,haryana,579799
5,87720,17544.0,3,1951,1,1,0,0,1,diesel,suv,manual,ford,great,haryana,502599
6,54862,9143.666666666666,1,1044,1,1,0,0,1,diesel,hatchback,manual,maruti,great,haryana,505199
9,97973,10885.888888888889,1,446,1,1,0,0,1,diesel,sedan,manual,maruti,great,haryana,350199
8,93447,11680.875,1,850,1,1,0,0,1,diesel,sedan,manual,honda,great,delhi,323599
8,87567,10945.875,1,354,1,1,0,0,1,diesel,hatchback,manual,maruti,great,delhi,342199
4,60967,15241.75,2,1574,1,1,0,0,1,diesel,suv,automatic,hyundai,great,uttar pradesh,975299
6,82388,13731.333333333334,1,1987,1,1,0,1,1,diesel,hatchback,manual,hyundai,great,haryana,489199
9,90249,10027.666666666666,1,225,1,1,0,0,1,diesel,sedan,manual,maruti,great,delhi,326399
9,93626,10402.888888888889,1,507,1,1,0,0,1,petrol,hatchback,manual,maruti,great,haryana,203399
9,26566,2951.777777777778,2,3103,1,1,0,0,1,diesel,luxury sedan,automatic,bmw,great,haryana,1090697
8,84308,10538.5,2,812,0,1,0,0,1,diesel,hatchback,manual,maruti,great,haryana,319599
9,108007,12000.777777777777,2,1359,1,1,0,0,1,diesel,hatchback,manual,hyundai,great,delhi,316199
8,93013,11626.625,1,2632,1,1,0,0,1,petrol,hatchback,manual,honda,great,delhi,223599
6,81692,13615.333333333334,2,2237,1,1,0,0,1,diesel,sedan,manual,maruti,great,haryana,474599
11,94371,8579.181818181818,1,892,1,1,0,0,1,petrol,hatchback,manual,hyundai,great,haryana,237399
8,82786,10348.25,2,2813,1,1,0,0,1,diesel,hatchback,manual,maruti,great,delhi,264299
5,80252,16050.4,1,733,1,1,0,0,1,petrol,luxury sedan,manual,toyota,great,delhi,1591960
9,106913,11879.222222222223,2,1391,1,1,0,0,1,diesel,sedan,manual,maruti,great,haryana,276399
8,90030,11253.75,1,784,1,1,0,0,1,diesel,hatchback,manual,maruti,great,delhi,319199
6,64236,10706.0,2,110,1,1,0,0,1,petrol,hatchback,manual,hyundai,great,haryana,407299
4,58561,14640.25,2,1353,1,1,0,1,1,petrol,sedan,manual,honda,great,haryana,720299
7,97711,13958.714285714286,1,597,1,1,0,0,1,diesel,hatchback,manual,maruti,great,delhi,368799
8,106300,13287.5,1,521,1,1,0,0,1,diesel,sedan,manual,maruti,great,haryana,339699
8,90775,11346.875,1,487,1,1,0,0,1,diesel,sedan,manual,maruti,great,delhi,362699
10,105271,10527.1,1,761,1,1,0,0,1,petrol,hatchback,manual,hyundai,good,delhi,209599
9,107016,11890.666666666666,1,2433,1,1,0,0,1,petrol,sedan,automatic,ford,great,haryana,299599
9,121312,13479.111111111111,1,1238,1,1,0,0,1,petrol,sedan,manual,maruti,great,delhi,289099
9,89318,9924.222222222223,1,549,1,1,0,0,1,diesel,hatchback,manual,maruti,great,haryana,307299
7,101891,14555.857142857143,1,727,1,1,0,0,1,diesel,sedan,manual,maruti,great,delhi,381499
6,82393,13732.166666666666,1,289,1,1,0,0,1,petrol,hatchback,manual,hyundai,good,delhi,277499
6,73479,12246.5,2,345,1,1,0,0,1,diesel,suv,manual,maruti,great,uttar pradesh,538799
6,126440,21073.333333333332,1,823,1,1,0,1,1,diesel,sedan,manual,maruti,great,delhi,405899
8,104976,13122.0,2,336,1,1,0,0,1,diesel,sedan,manual,maruti,great,delhi,335799
9,105865,11762.777777777777,1,1560,1,1,0,0,1,diesel,luxury sedan,manual,toyota,great,delhi,366899
9,46303,5144.777777777777,1,4777,1,1,0,0,1,diesel,luxury sedan,unknown,audi,great,delhi,948899
9,45643,5071.444444444444,1,4004,1,1,0,0,1,diesel,luxury sedan,automatic,audi,great,haryana,1159074
7,106521,15217.285714285714,1,988,1,1,0,0,1,diesel,hatchback,manual,maruti,great,haryana,385999
9,121820,13535.555555555555,1,666,1,1,0,0,1,diesel,sedan,manual,toyota,good,haryana,300599
8,100427,12553.375,2,623,1,1,0,0,1,diesel,sedan,manual,maruti,great,haryana,317199
9,160408,17823.11111111111,1,537,1,1,0,0,1,diesel,hatchback,manual,toyota,great,haryana,263599
7,103867,14838.142857142857,1,826,1,1,0,0,1,diesel,sedan,manual,maruti,great,haryana,479099
6,105284,17547.333333333332,2,3385,1,1,0,0,1,petrol & cng,hatchback,automatic,maruti,great,haryana,324499
8,130274,16284.25,1,1376,1,1,0,1,1,diesel,suv,manual,ford,great,haryana,420199
5,104467,20893.4,1,1844,1,1,0,0,1,diesel,luxury suv,unknown,mahindra,great,haryana,969399
8,134080,16760.0,1,876,1,1,0,0,1,diesel,sedan,manual,hyundai,great,delhi,385699
9,128836,14315.111111111111,1,1043,1,1,0,0,1,diesel,sedan,manual,maruti,great,haryana,290399
6,109260,18210.0,1,3159,1,1,0,0,1,diesel,luxury suv,automatic,audi,great,haryana,1616402
7,69781,9968.714285714286,1,1283,1,1,0,0,1,diesel,suv,manual,toyota,great,delhi,1016967
8,136399,17049.875,1,1123,1,1,0,0,1,diesel,suv,manual,toyota,great,haryana,614199
9,87995,9777.222222222223,3,887,1,1,0,0,1,diesel,hatchback,manual,hyundai,good,delhi,261399
9,136700,15188.888888888889,1,953,1,1,0,0,1,diesel,hatchback,manual,maruti,great,haryana,318299
7,82096,11728.0,1,621,1,1,0,0,1,diesel,suv,manual,toyota,great,haryana,1013331
6,149249,24874.833333333332,1,1540,1,1,0,0,1,diesel,suv,unknown,hyundai,great,haryana,730599
9,96301,10700.111111111111,2,3083,1,1,0,0,1,diesel,luxury suv,manual,toyota,great,haryana,1040904
9,166542,18504.666666666668,1,1600,1,1,0,0,1,diesel,luxury suv,manual,toyota,great,haryana,1102413
9,194439,21604.333333333332,1,1443,1,1,0,0,1,diesel,luxury suv,manual,toyota,great,delhi,1158367
10,86336,8633.6,2,1316,1,1,0,0,1,petrol,hatchback,manual,volkswagen,good,delhi,245799
4,22003,5500.75,1,81,1,1,0,0,1,petrol,hatchback,manual,hyundai,great,uttar pradesh,288499
6,29903,4983.833333333333,1,155,1,1,0,0,1,diesel,hatchback,manual,maruti,great,haryana,453799
6,19172,3195.3333333333335,1,2355,1,1,0,0,1,petrol,hatchback,manual,maruti,great,delhi,314699
6,39401,6566.833333333333,1,4317,1,1,0,1,1,petrol,hatchback,manual,maruti,great,delhi,246499
10,80346,8034.6,1,133,1,1,0,0,1,petrol,hatchback,manual,maruti,great,delhi,179299
7,50941,7277.285714285715,1,85,1,1,0,0,1,petrol,hatchback,manual,hyundai,great,delhi,388299
9,64085,7120.555555555556,1,942,1,1,0,1,1,diesel,sedan,manual,maruti,great,haryana,358999
12,72497,6041.416666666667,2,5824,1,1,1,0,1,petrol & cng,hatchback,manual,hyundai,great,delhi,120099
2,29804,14902.0,1,64,1,1,0,0,1,diesel,suv,manual,maruti,great,haryana,800199
11,86768,7888.0,3,143,1,1,0,0,1,petrol,sedan,manual,honda,great,haryana,296499
2,45528,22764.0,1,132,1,1,0,0,1,diesel,suv,unknown,maruti,great,delhi,798999
7,84706,12100.857142857143,2,49,1,1,0,0,1,petrol,hatchback,manual,maruti,great,uttar pradesh,293899
7,76208,10886.857142857143,1,678,1,1,0,0,1,diesel,hatchback,manual,toyota,great,delhi,302499
3,41612,13870.666666666666,1,579,1,1,0,0,1,diesel,suv,manual,mahindra,great,haryana,1018886
13,91288,7022.153846153846,1,540,1,1,0,0,1,petrol,hatchback,manual,hyundai,great,delhi,154499
7,73916,10559.42857142857,1,453,1,1,0,0,1,petrol,hatchback,unknown,maruti,great,delhi,288399
5,80256,16051.2,1,1199,1,1,0,1,1,petrol,hatchback,automatic,honda,great,haryana,449299
7,92498,13214.0,1,691,1,1,0,0,1,diesel,hatchback,manual,maruti,great,haryana,359799
3,75459,25153.0,1,978,1,1,0,0,1,diesel,suv,automatic,hyundai,great,delhi,1207251
4,98685,24671.25,2,1258,1,1,0,0,1,diesel,suv,unknown,hyundai,great,haryana,858999
11,161419,14674.454545454546,2,125,1,1,0,0,1,petrol,hatchback,manual,maruti,great,haryana,183299
12,168110,14009.166666666666,1,724,1,1,0,0,1,petrol,hatchback,manual,hyundai,good,haryana,214399
7,101927,14561.0,1,1178,1,1,0,0,1,diesel,suv,manual,toyota,great,delhi,748099
9,95741,10637.888888888889,1,660,1,1,0,0,1,diesel,sedan,manual,hyundai,great,uttar pradesh,413899
9,67267,7474.111111111111,1,1201,1,1,0,0,1,diesel,luxury sedan,automatic,bmw,good,haryana,1056256
6,17575,2929.1666666666665,1,1945,1,1,1,0,1,petrol,hatchback,unknown,maruti,great,haryana,295299
6,23701,3950.1666666666665,1,3399,1,1,1,0,1,petrol,hatchback,manual,maruti,great,haryana,414699
7,29626,4232.285714285715,1,5823,1,1,1,0,1,diesel,sedan,manual,maruti,great,haryana,408099
5,17015,3403.0,2,6196,1,1,1,0,1,petrol,hatchback,manual,maruti,great,delhi,363599
10,62664,6266.4,3,2245,1,1,1,1,1,petrol,hatchback,manual,honda,great,delhi,219899
1,6003,6003.0,1,6794,1,1,1,0,1,petrol,unknown,unknown,maruti,great,haryana,434699
5,8265,1653.0,1,2744,1,1,1,0,1,petrol,hatchback,unknown,maruti,great,haryana,281799
5,29477,5895.4,1,2836,1,1,1,0,1,petrol,hatchback,manual,maruti,great,haryana,322799
5,21898,4379.6,1,1187,1,1,1,0,1,petrol,hatchback,manual,hyundai,great,delhi,394099
7,27716,3959.4285714285716,2,2390,1,1,1,0,1,petrol,hatchback,automatic,maruti,great,haryana,305599
4,25355,6338.75,1,970,1,1,1,0,1,petrol,hatchback,manual,hyundai,great,haryana,434999
3,21043,7014.333333333333,1,2009,1,1,1,0,1,petrol,sedan,manual,maruti,great,haryana,471699
10,43114,4311.4,1,2721,0,1,1,0,1,petrol,luxury sedan,unknown,toyota,great,delhi,417499
9,46077,5119.666666666667,1,1189,1,1,1,0,1,diesel,sedan,manual,maruti,great,haryana,312599
8,48097,6012.125,1,1825,1,1,1,0,1,petrol,sedan,manual,hyundai,great,delhi,399899
10,46475,4647.5,3,1604,1,1,1,0,1,petrol,sedan,automatic,volkswagen,good,haryana,307899
4,38100,9525.0,1,1875,1,1,1,0,1,diesel,hatchback,manual,hyundai,great,haryana,395799
7,45027,6432.428571428572,1,2275,1,1,1,0,1,petrol,hatchback,manual,maruti,great,delhi,285699
5,15844,3168.8,1,1278,1,1,1,0,1,petrol,hatchback,manual,hyundai,great,haryana,422099
5,45391,9078.2,1,1097,1,1,1,1,1,petrol,hatchback,manual,hyundai,great,delhi,373099
9,46907,5211.888888888889,2,1359,1,1,1,0,1,petrol,hatchback,manual,maruti,great,delhi,242699
5,37705,7541.0,1,926,1,1,1,0,1,petrol,hatchback,manual,hyundai,great,delhi,405599
3,14882,4960.666666666667,1,2364,1,1,1,0,1,petrol,hatchback,manual,tata,great,haryana,428499
7,52879,7554.142857142857,2,3023,1,1,1,0,1,petrol,hatchback,manual,maruti,great,delhi,346499
2,18699,9349.5,1,4296,1,1,1,0,1,petrol,hatchback,manual,renault,great,haryana,295799
5,48780,9756.0,2,2052,1,1,1,1,1,diesel,hatchback,manual,maruti,great,haryana,456899
11,65467,5951.545454545455,3,4411,1,1,1,0,1,petrol,hatchback,manual,volkswagen,great,delhi,154599
7,48498,6928.285714285715,1,3195,1,1,1,0,1,diesel,sedan,manual,hyundai,great,haryana,523699
5,37822,7564.4,1,1939,1,1,1,0,1,petrol,hatchback,manual,tata,great,haryana,309399
13,67127,5163.615384615385,1,3626,1,1,1,0,0,petrol,hatchback,manual,maruti,good,delhi,179499
2,25167,12583.5,1,3421,1,1,1,0,1,petrol,hatchback,unknown,volkswagen,great,haryana,462099
2,4400,2200.0,1,5349,1,1,1,0,1,petrol,suv,manual,ford,great,haryana,810799
2,6439,3219.5,1,3702,1,1,1,0,1,petrol,sedan,unknown,honda,great,haryana,729299
4,35270,8817.5,1,2353,1,1,1,0,1,diesel,sedan,automatic,hyundai,great,uttar pradesh,853499
5,48792,9758.4,1,5122,1,1,1,0,1,petrol & cng,sedan,manual,maruti,great,haryana,385299
2,13740,6870.0,1,3883,1,1,1,0,1,petrol,sedan,unknown,honda,great,haryana,1744268
2,22471,11235.5,1,2693,1,1,1,0,1,petrol,hatchback,manual,renault,great,delhi,323799
4,32496,8124.0,1,1723,1,1,1,0,1,diesel,suv,manual,maruti,great,haryana,773499
9,73120,8124.444444444444,1,2363,1,1,1,0,1,petrol,luxury sedan,manual,toyota,great,delhi,410299
11,58964,5360.363636363636,2,1572,1,1,1,0,1,petrol,hatchback,manual,hyundai,great,delhi,222699
6,51344,8557.333333333334,1,556,1,1,1,0,1,petrol,hatchback,manual,hyundai,great,haryana,252099
13,69766,5366.615384615385,1,1998,1,1,1,0,1,petrol,hatchback,manual,hyundai,great,haryana,182599
4,41796,10449.0,1,1377,1,1,1,0,1,diesel,suv,manual,maruti,great,uttar pradesh,625099
13,73135,5625.7692307692305,3,2068,1,1,1,0,1,petrol & cng,sedan,manual,honda,good,delhi,232099
8,63834,7979.25,1,2138,1,1,1,0,1,petrol,sedan,manual,hyundai,great,delhi,431099
4,40553,10138.25,1,2961,1,1,1,0,1,diesel,suv,unknown,hyundai,great,haryana,802999
5,83683,16736.6,1,1639,1,1,1,0,1,petrol,hatchback,manual,renault,great,haryana,224799
3,70583,23527.666666666668,1,1842,1,1,1,0,1,petrol & cng,hatchback,manual,maruti,great,haryana,387299
6,78491,13081.833333333334,1,708,1,1,1,0,1,petrol,sedan,unknown,honda,great,haryana,603599
3,44983,14994.333333333334,1,2010,1,1,1,0,1,petrol & cng,suv,manual,maruti,great,haryana,304299
5,56105,11221.0,3,2067,1,1,1,0,1,petrol,suv,manual,hyundai,great,haryana,697799
5,66278,13255.6,1,1893,0,1,1,0,1,diesel,sedan,manual,maruti,great,delhi,584899
9,80048,8894.222222222223,1,516,1,1,1,0,1,petrol,sedan,manual,maruti,great,delhi,318599
11,59658,5423.454545454545,3,2364,1,1,1,0,1,petrol,luxury sedan,manual,skoda,good,haryana,219999
5,73846,14769.2,1,1905,1,1,1,0,1,petrol,hatchback,manual,maruti,great,delhi,435099
12,89020,7418.333333333333,2,2131,1,1,1,0,1,petrol,sedan,automatic,honda,great,haryana,260699
5,49159,9831.8,2,2748,1,1,1,0,1,diesel,luxury suv,automatic,mahindra,great,delhi,981399
3,74494,24831.333333333332,1,2776,1,1,1,0,1,petrol & cng,hatchback,manual,maruti,great,haryana,484099
3,44149,14716.333333333334,1,1682,1,1,1,0,1,diesel,hatchback,manual,maruti,great,haryana,582299
12,98596,8216.333333333334,1,932,1,1,1,0,1,petrol,sedan,manual,honda,great,haryana,251099
3,63056,21018.666666666668,1,1283,1,1,1,0,1,diesel,hatchback,manual,maruti,great,uttar pradesh,579899
4,65370,16342.5,1,1718,1,1,1,0,1,petrol,hatchback,manual,tata,great,haryana,366099
4,58298,14574.5,2,1812,1,1,1,0,1,diesel,suv,automatic,hyundai,great,haryana,991799
3,30186,10062.0,2,1259,1,1,1,0,1,petrol,suv,unknown,hyundai,great,haryana,1123320
4,80820,20205.0,2,2992,1,1,1,0,1,diesel,suv,automatic,mahindra,great,haryana,570999
5,94910,18982.0,1,1349,1,1,1,0,1,petrol & cng,sedan,manual,honda,great,delhi,396099
13,82904,6377.2307692307695,1,4677,1,1,0,0,1,petrol,hatchback,manual,maruti,great,haryana,118199
6,79123,13187.166666666666,1,1593,1,1,1,0,1,diesel,sedan,manual,toyota,great,haryana,410599
5,72491,14498.2,2,1789,1,1,1,0,1,diesel,suv,manual,maruti,great,haryana,581299
8,102048,12756.0,2,1486,1,1,1,0,1,petrol & cng,hatchback,manual,maruti,great,delhi,240899
9,94180,10464.444444444445,1,2476,1,1,1,0,1,diesel,luxury suv,manual,mahindra,great,uttar pradesh,390799
3,44750,14916.666666666666,1,585,1,1,1,0,1,diesel,suv,automatic,maruti,great,haryana,780799
8,87987,10998.375,1,1247,1,1,1,0,1,petrol,hatchback,automatic,volkswagen,great,haryana,379899
4,79368,19842.0,1,1618,1,1,1,0,1,diesel,suv,unknown,ford,great,haryana,690399
8,71426,8928.25,1,2278,1,1,1,0,1,diesel,sedan,manual,hyundai,great,haryana,433899
11,99103,9009.363636363636,2,1169,1,1,1,0,1,petrol & cng,hatchback,manual,maruti,great,haryana,202599
5,73312,14662.4,1,2050,1,1,1,0,1,petrol & cng,suv,manual,maruti,great,delhi,256799
7,77656,11093.714285714286,3,930,1,1,1,0,1,petrol,sedan,manual,honda,great,haryana,508199
10,124966,12496.6,1,486,1,1,1,0,1,petrol,hatchback,manual,ford,great,haryana,166099
14,110801,7914.357142857143,1,12499,1,1,1,0,1,petrol,sedan,manual,toyota,great,delhi,107799
6,91915,15319.166666666666,1,855,1,1,1,0,1,petrol,sedan,manual,maruti,great,delhi,360799
7,83433,11919.0,1,1015,1,1,1,0,1,diesel,suv,manual,renault,great,haryana,411699
8,100898,12612.25,2,4582,1,1,1,0,1,diesel,luxury sedan,unknown,skoda,great,haryana,468999
9,125145,13905.0,1,3301,1,1,1,0,1,diesel,luxury suv,manual,mahindra,great,haryana,398799
7,149605,21372.14285714286,1,3422,1,1,1,0,1,diesel,luxury suv,manual,mahindra,great,uttar pradesh,462899
10,58021,5802.1,3,11,1,0,0,0,0,petrol,hatchback,manual,hyundai,great,delhi,172013
12,103285,8607.083333333334,2,165,1,0,0,0,1,petrol,hatchback,manual,maruti,great,rajasthan,170000
9,101882,11320.222222222223,1,272,1,0,0,1,1,diesel,hatchback,manual,ford,fair,haryana,208000
15,100000,6666.666666666667,2,469,0,0,0,0,0,petrol,sedan,manual,maruti,great,haryana,39760
9,10150,1127.7777777777778,1,122,1,1,1,0,1,petrol,sedan,manual,maruti,great,delhi,349399
10,157428,15742.8,1,1935,0,0,0,0,1,diesel,suv,manual,mahindra,good,haryana,250000
3,11593,3864.3333333333335,1,1665,1,1,1,0,1,petrol,hatchback,automatic,hyundai,great,uttar pradesh,440999
12,113165,9430.416666666666,1,219,0,0,0,0,1,petrol,hatchback,manual,hyundai,good,haryana,125000
4,26406,6601.5,1,1339,1,1,1,0,1,petrol,hatchback,manual,hyundai,great,delhi,538299
7,68661,9808.714285714286,2,1794,1,1,1,0,1,diesel,sedan,manual,hyundai,great,delhi,392499
8,68561,8570.125,2,678,1,1,1,0,1,petrol,sedan,manual,maruti,great,haryana,327099
6,44386,7397.666666666667,1,3457,1,1,1,0,1,diesel,luxury sedan,automatic,volvo,great,delhi,1142399
3,44160,14720.0,1,84,1,1,1,0,1,diesel,suv,unknown,maruti,great,haryana,744599
7,106923,15274.714285714286,2,78,1,1,1,0,1,diesel,sedan,manual,maruti,great,delhi,280899
4,48000,12000.0,1,304,0,0,0,0,1,diesel,unknown,unknown,renault,good,unknown,600000
8,105134,13141.75,2,266,1,0,0,1,1,diesel,suv,manual,maruti,great,haryana,450000
10,62182,6218.2,2,205,1,0,0,0,1,diesel,luxury sedan,manual,mercedes benz,overpriced,haryana,1500000
9,88300,9811.111111111111,1,143,0,0,0,0,1,petrol,unknown,unknown,maruti,good,unknown,260000
10,118777,11877.7,2,607,0,0,0,1,1,diesel,luxury sedan,automatic,hyundai,overpriced,haryana,390000
16,109658,6853.625,3,416,0,0,0,0,0,petrol & cng,sedan,manual,hyundai,fair,maharashtra,35340
15,77260,5150.666666666667,2,239,0,0,0,0,0,petrol,hatchback,manual,hyundai,fair,delhi,70000
13,89675,6898.076923076923,1,183,1,0,0,0,0,petrol,hatchback,manual,hyundai,fair,uttar pradesh,120000
9,175047,19449.666666666668,1,422,1,0,0,0,1,diesel,sedan,manual,volkswagen,good,haryana,175000
3,16259,5419.666666666667,1,196,1,0,0,0,1,petrol,hatchback,manual,maruti,good,delhi,675000
7,75985,10855.0,2,204,1,0,0,1,1,diesel,hatchback,manual,maruti,fair,haryana,430000
4,59250,14812.5,1,135,1,0,0,1,1,diesel,suv,manual,maruti,great,haryana,750000
6,107558,17926.333333333332,1,146,0,0,0,0,1,petrol & cng,suv,manual,maruti,fair,haryana,250000
9,63249,7027.666666666667,1,152,1,0,0,0,1,diesel,suv,manual,mahindra,overpriced,haryana,750000
13,159036,12233.538461538461,3,386,0,0,0,0,0,petrol & cng,hatchback,manual,hyundai,great,delhi,90000
9,102335,11370.555555555555,3,534,1,0,0,0,1,petrol & cng,hatchback,manual,maruti,great,delhi,160000
6,29643,4940.5,1,174,1,0,0,1,1,petrol,hatchback,manual,maruti,good,rajasthan,340000
15,111757,7450.466666666666,2,1009,0,0,0,0,0,petrol & cng,hatchback,manual,maruti,good,haryana,48000
6,59167,9861.166666666666,1,77,1,0,0,1,1,diesel,unknown,unknown,hyundai,great,haryana,930000
6,122284,20380.666666666668,1,55,1,0,0,1,1,diesel,sedan,manual,maruti,great,haryana,530000
5,69336,13867.2,1,39,0,0,0,0,1,diesel,hatchback,manual,hyundai,great,haryana,390000
8,117259,14657.375,2,554,0,0,0,0,1,diesel,sedan,manual,hyundai,good,haryana,540000
4,26186,6546.5,2,305,0,0,0,1,1,diesel,suv,manual,mahindra,good,haryana,1275000
10,120060,12006.0,1,329,0,0,0,0,1,diesel,suv,manual,mahindra,good,haryana,440000
8,67225,8403.125,1,60,0,0,0,0,1,diesel,sedan,manual,hyundai,great,haryana,460000
10,28710,2871.0,1,136,0,0,0,0,1,diesel,hatchback,manual,hyundai,great,haryana,270000
9,100983,11220.333333333334,1,123,0,0,0,0,1,petrol & cng,hatchback,manual,maruti,overpriced,delhi,176000
11,40198,3654.3636363636365,2,13391,1,1,0,0,1,petrol,hatchback,manual,hyundai,fair,karnataka,339099
11,23012,2092.0,2,10358,1,1,0,0,1,petrol,hatchback,manual,hyundai,great,karnataka,297699
11,32291,2935.5454545454545,1,3671,0,1,0,0,1,petrol,hatchback,manual,maruti,great,karnataka,238899
6,13978,2329.6666666666665,1,7725,1,1,0,0,1,petrol,hatchback,manual,tata,great,karnataka,178899
5,6190,1238.0,1,16915,0,1,0,0,1,petrol,hatchback,manual,renault,great,karnataka,368799
4,8709,2177.25,1,1106,1,1,0,0,1,petrol,hatchback,unknown,renault,great,karnataka,438699
7,25514,3644.8571428571427,1,1294,1,1,0,0,1,petrol,hatchback,manual,tata,good,karnataka,188499
5,13203,2640.6,1,2515,1,1,0,0,1,petrol,hatchback,manual,tata,great,karnataka,198599
10,39755,3975.5,1,634,1,1,0,0,1,petrol,hatchback,manual,maruti,great,karnataka,377499
9,19565,2173.8888888888887,1,1707,1,1,0,0,1,petrol,hatchback,manual,maruti,great,karnataka,275299
11,47596,4326.909090909091,1,5351,1,1,0,0,1,petrol,hatchback,manual,hyundai,great,karnataka,356499
13,70527,5425.153846153846,2,1160,1,1,0,0,1,petrol,hatchback,manual,hyundai,good,karnataka,286199
5,19290,3858.0,2,3135,1,1,0,0,1,petrol,hatchback,automatic,maruti,great,karnataka,444599
4,10242,2560.5,2,1954,1,1,0,0,1,petrol,hatchback,automatic,maruti,great,karnataka,437399
9,34739,3859.8888888888887,1,4756,0,1,0,0,1,petrol,hatchback,manual,hyundai,great,karnataka,300999
5,18981,3796.2,1,2315,1,1,0,0,1,petrol,hatchback,manual,tata,great,karnataka,193299
6,31398,5233.0,1,2539,1,1,0,0,1,petrol,hatchback,manual,renault,great,karnataka,292399
8,34146,4268.25,1,3223,0,1,0,0,1,petrol,hatchback,manual,maruti,great,karnataka,394299
10,27561,2756.1,2,1392,1,1,0,0,1,petrol,hatchback,manual,maruti,great,karnataka,348199
8,33225,4153.125,1,1181,0,1,0,0,1,petrol,hatchback,manual,maruti,great,karnataka,420499
10,73911,7391.1,2,1601,1,1,0,0,1,petrol,hatchback,manual,hyundai,great,karnataka,329199
6,28815,4802.5,1,5537,1,1,0,0,1,petrol,sedan,automatic,hyundai,great,karnataka,496499
6,24612,4102.0,2,2757,0,1,0,0,1,petrol,hatchback,manual,maruti,great,karnataka,313199
14,20585,1470.357142857143,1,1791,1,1,0,0,1,petrol,hatchback,manual,hyundai,good,karnataka,214899
9,39773,4419.222222222223,2,853,1,1,0,0,1,petrol,hatchback,manual,maruti,great,karnataka,268799
8,36029,4503.625,1,835,1,1,0,0,1,petrol,hatchback,manual,maruti,great,karnataka,296699
7,11139,1591.2857142857142,1,1715,1,1,0,0,1,petrol,hatchback,manual,hyundai,great,karnataka,328499
8,23439,2929.875,2,1886,0,1,0,0,1,petrol,hatchback,manual,hyundai,great,karnataka,425699
9,17312,1923.5555555555557,1,15859,0,1,0,0,1,petrol,hatchback,manual,maruti,great,karnataka,233599
6,15252,2542.0,1,124,0,1,0,0,1,petrol,hatchback,automatic,maruti,great,karnataka,443499
9,44118,4902.0,1,683,0,1,0,0,1,petrol,hatchback,manual,maruti,great,karnataka,278799
11,35088,3189.818181818182,3,683,1,1,0,0,1,petrol,hatchback,manual,hyundai,good,karnataka,377599
6,24628,4104.666666666667,1,3272,1,1,0,0,1,petrol,hatchback,manual,hyundai,great,karnataka,372499
9,29624,3291.5555555555557,1,1209,1,1,0,0,1,petrol,hatchback,manual,maruti,great,karnataka,447099
10,10252,1025.2,1,1107,1,1,0,0,1,petrol,hatchback,manual,hyundai,great,karnataka,315099
10,6863,686.3,1,9404,1,1,0,0,1,petrol,hatchback,manual,maruti,great,karnataka,320899
8,54931,6866.375,1,881,1,1,0,0,1,petrol,hatchback,manual,maruti,great,karnataka,251199
5,24432,4886.4,2,809,1,1,0,0,1,petrol,hatchback,automatic,maruti,great,karnataka,477899
8,23011,2876.375,2,6858,1,1,0,0,1,petrol,hatchback,manual,honda,great,karnataka,363899
9,22030,2447.777777777778,1,1124,1,1,0,0,1,petrol,hatchback,manual,hyundai,great,karnataka,314299
6,28768,4794.666666666667,1,6484,1,1,0,0,1,petrol,suv,manual,maruti,great,karnataka,324599
8,14346,1793.25,1,665,1,1,0,0,1,petrol,hatchback,manual,maruti,great,karnataka,289099
11,57125,5193.181818181818,2,2212,0,1,0,0,1,petrol,suv,manual,maruti,great,karnataka,260899
6,21715,3619.1666666666665,1,1565,1,1,0,0,1,petrol,hatchback,automatic,maruti,great,karnataka,426699
8,47169,5896.125,1,875,0,1,0,0,1,petrol,hatchback,manual,maruti,great,karnataka,263799
8,36275,4534.375,1,3673,1,1,0,0,1,petrol,hatchback,manual,tata,great,karnataka,133399
4,6202,1550.5,2,985,1,1,0,0,1,petrol,hatchback,manual,maruti,great,karnataka,374799
11,28345,2576.818181818182,1,1150,0,1,0,0,1,petrol,hatchback,manual,maruti,great,karnataka,217599
5,8540,1708.0,1,2603,1,1,0,0,1,petrol,hatchback,manual,renault,great,karnataka,356699
11,36141,3285.5454545454545,1,398,1,1,0,0,1,petrol,hatchback,manual,maruti,good,karnataka,261999
7,42845,6120.714285714285,1,1450,1,1,0,0,1,petrol,hatchback,manual,maruti,great,karnataka,252299
4,12375,3093.75,2,1372,1,1,0,0,1,petrol,hatchback,manual,renault,great,karnataka,356499
5,28652,5730.4,2,483,1,1,0,0,1,petrol,hatchback,unknown,maruti,great,karnataka,395599
5,5000,1000.0,1,3610,1,1,0,0,1,electric,hatchback,manual,mahindra,great,karnataka,366399
6,10755,1792.5,1,1143,1,1,0,0,1,petrol,hatchback,manual,hyundai,great,karnataka,501099
5,27002,5400.4,1,959,0,1,0,0,1,petrol,hatchback,manual,renault,great,karnataka,371699
13,41579,3198.3846153846152,1,777,1,1,0,0,1,petrol,hatchback,manual,maruti,good,karnataka,219799
4,17942,4485.5,2,3160,1,1,0,0,1,petrol,hatchback,manual,maruti,great,karnataka,571499
11,32707,2973.3636363636365,1,1356,1,1,0,0,1,petrol,hatchback,manual,hyundai,great,karnataka,407399
6,24449,4074.8333333333335,2,1357,1,1,0,0,1,petrol,hatchback,manual,maruti,great,karnataka,472399
8,46248,5781.0,1,516,1,1,0,0,1,petrol,hatchback,manual,maruti,great,karnataka,398099
9,36453,4050.3333333333335,1,81,1,1,0,0,1,petrol,hatchback,manual,maruti,great,karnataka,300899
4,27757,6939.25,1,964,1,1,0,0,1,petrol,hatchback,manual,hyundai,great,karnataka,339799
9,32591,3621.222222222222,1,823,1,1,0,0,1,petrol,hatchback,manual,maruti,great,karnataka,390799
4,28568,7142.0,1,872,1,1,0,0,1,petrol,hatchback,unknown,renault,great,karnataka,416199
9,42699,4744.333333333333,2,2150,1,1,0,0,1,petrol,hatchback,manual,maruti,great,karnataka,462699
2,15290,7645.0,2,1469,1,1,0,0,1,petrol,suv,manual,maruti,great,karnataka,476299
8,35235,4404.375,1,2330,0,1,0,0,1,petrol,unknown,unknown,maruti,great,karnataka,255499
4,11167,2791.75,1,1468,1,1,0,0,1,petrol,hatchback,manual,hyundai,great,karnataka,355399
8,18428,2303.5,1,748,1,1,0,0,1,petrol,suv,manual,maruti,great,karnataka,340699
10,46155,4615.5,1,2345,1,1,0,0,1,petrol,hatchback,manual,maruti,great,karnataka,224099
11,25571,2324.6363636363635,1,333,1,1,0,0,1,petrol,hatchback,manual,hyundai,good,karnataka,370199
6,17835,2972.5,2,4693,1,1,0,0,1,petrol,hatchback,manual,hyundai,great,karnataka,389399
5,28762,5752.4,1,2725,1,1,0,0,1,petrol,hatchback,manual,honda,great,karnataka,576099
9,10260,1140.0,1,1232,0,1,0,0,1,petrol,hatchback,manual,maruti,great,karnataka,254999
6,22017,3669.5,1,882,0,1,0,0,1,petrol,hatchback,manual,hyundai,great,karnataka,322799
9,41889,4654.333333333333,2,1510,1,1,0,0,1,petrol,hatchback,automatic,hyundai,great,karnataka,368299
9,59345,6593.888888888889,1,2136,1,1,0,0,1,diesel,hatchback,manual,tata,great,karnataka,321999
7,32866,4695.142857142857,1,1470,1,1,0,0,1,petrol,hatchback,manual,hyundai,great,karnataka,293399
11,38191,3471.909090909091,1,477,1,1,0,0,1,petrol,hatchback,manual,maruti,good,karnataka,400299
9,32292,3588.0,1,1560,1,1,0,0,1,petrol,hatchback,manual,maruti,great,karnataka,457099
11,22696,2063.2727272727275,1,557,1,1,0,0,1,petrol,hatchback,manual,maruti,great,karnataka,351299
5,23598,4719.6,1,976,1,1,0,0,1,petrol,hatchback,manual,maruti,great,karnataka,310299
12,35925,2993.75,1,449,1,1,0,0,1,petrol,hatchback,manual,hyundai,great,karnataka,326299
8,20587,2573.375,2,1356,0,1,0,0,1,petrol,sedan,manual,maruti,great,karnataka,511399
9,34182,3798.0,3,4714,0,1,0,0,1,diesel,hatchback,manual,hyundai,great,karnataka,368899
8,38726,4840.75,1,766,1,1,0,0,1,petrol,hatchback,manual,hyundai,great,karnataka,364999
4,24651,6162.75,1,1340,1,1,0,0,1,petrol,hatchback,manual,renault,great,karnataka,334999
8,17291,2161.375,1,2623,1,1,0,0,1,petrol,hatchback,manual,maruti,great,karnataka,354699
4,11194,2798.5,1,1609,1,1,0,0,1,petrol,hatchback,unknown,renault,great,karnataka,408299
10,33686,3368.6,3,547,0,1,0,0,1,petrol,hatchback,manual,hyundai,great,karnataka,337099
7,32647,4663.857142857143,1,371,0,1,0,0,1,petrol,hatchback,manual,maruti,great,karnataka,374199
5,23213,4642.6,1,535,1,1,0,0,1,petrol,hatchback,manual,maruti,great,karnataka,439099
7,25857,3693.8571428571427,1,507,1,1,0,0,1,petrol,hatchback,manual,hyundai,great,karnataka,324499
5,34448,6889.6,2,1635,0,1,0,0,1,petrol,hatchback,manual,hyundai,great,karnataka,443299
3,10044,3348.0,1,1331,1,1,0,0,1,petrol,hatchback,automatic,maruti,great,karnataka,514599
10,34888,3488.8,1,345,0,1,0,0,1,petrol,hatchback,manual,toyota,great,karnataka,422299
8,20524,2565.5,1,604,1,1,0,0,1,petrol,hatchback,manual,hyundai,great,karnataka,405999
6,25908,4318.0,1,880,1,1,0,0,1,petrol,hatchback,automatic,maruti,great,karnataka,410899
6,46783,7797.166666666667,1,3207,1,1,0,0,1,petrol,sedan,manual,maruti,great,karnataka,445999
6,38701,6450.166666666667,1,935,1,1,0,0,1,petrol,hatchback,automatic,maruti,great,karnataka,408899
6,55157,9192.833333333334,1,1558,1,1,0,0,1,petrol,hatchback,automatic,maruti,great,karnataka,402199
3,12731,4243.666666666667,1,2454,1,1,0,0,1,petrol,hatchback,manual,maruti,great,karnataka,643099
6,44013,7335.5,1,731,0,1,0,0,1,petrol,hatchback,manual,hyundai,great,karnataka,472299
7,39824,5689.142857142857,2,728,1,1,0,0,1,petrol,hatchback,manual,maruti,great,karnataka,301199
1,3175,3175.0,1,2232,1,1,0,0,1,petrol,hatchback,manual,maruti,great,karnataka,392599
13,57944,4457.2307692307695,1,3289,1,1,0,0,1,petrol,hatchback,manual,hyundai,great,karnataka,186399
6,23775,3962.5,2,1391,1,1,0,0,1,petrol,hatchback,automatic,maruti,great,karnataka,391599
9,38630,4292.222222222223,1,1820,1,1,0,0,1,petrol,hatchback,manual,hyundai,great,karnataka,429799
9,30224,3358.222222222222,2,6468,0,1,0,0,1,petrol,sedan,manual,toyota,great,karnataka,419199
10,34963,3496.3,2,2406,1,1,0,0,1,petrol,sedan,manual,honda,great,karnataka,457499
6,26140,4356.666666666667,2,673,1,1,0,0,1,petrol,hatchback,manual,maruti,great,karnataka,319099
4,22422,5605.5,1,783,1,1,0,0,1,petrol,hatchback,manual,renault,great,karnataka,354999
4,21549,5387.25,1,3252,1,1,0,0,1,petrol,hatchback,manual,hyundai,great,karnataka,491599
12,63584,5298.666666666667,3,2667,0,1,0,0,1,petrol,sedan,manual,maruti,great,karnataka,274599
10,62717,6271.7,2,888,1,1,0,0,1,petrol,hatchback,manual,maruti,great,karnataka,221299
6,29556,4926.0,2,854,1,1,0,0,1,petrol,hatchback,automatic,tata,great,karnataka,236099
9,25985,2887.222222222222,1,393,1,1,0,0,1,petrol,hatchback,manual,maruti,great,karnataka,304199
10,16438,1643.8,1,3878,0,1,0,0,1,petrol,sedan,manual,toyota,great,karnataka,383499
9,24679,2742.1111111111113,3,659,1,1,0,0,1,petrol,hatchback,manual,maruti,great,karnataka,257799
7,27274,3896.285714285714,1,385,0,1,0,0,1,petrol,hatchback,manual,maruti,great,karnataka,416899
11,19693,1790.2727272727273,2,1331,1,1,0,0,1,petrol,hatchback,manual,hyundai,good,karnataka,442899
3,11156,3718.6666666666665,1,1642,1,1,0,0,1,petrol,hatchback,manual,hyundai,great,karnataka,731099
10,74130,7413.0,3,3169,1,1,0,0,1,diesel,hatchback,manual,maruti,great,karnataka,361099
12,38304,3192.0,1,647,1,1,0,0,1,petrol,hatchback,manual,hyundai,great,karnataka,294599
9,67346,7482.888888888889,1,648,1,1,0,0,1,petrol,hatchback,manual,maruti,great,karnataka,266599
8,23279,2909.875,1,734,1,1,0,0,1,petrol,sedan,manual,maruti,great,karnataka,491999
7,30303,4329.0,1,379,1,1,0,0,1,petrol,hatchback,manual,hyundai,great,karnataka,331899
7,35366,5052.285714285715,2,459,1,1,0,0,1,petrol,hatchback,automatic,maruti,great,karnataka,410999
5,27428,5485.6,2,420,1,1,0,0,1,petrol,hatchback,manual,maruti,great,karnataka,432999
10,33891,3389.1,1,494,1,1,0,0,1,petrol,hatchback,manual,maruti,great,karnataka,321599
10,58519,5851.9,1,568,1,1,0,0,1,petrol,hatchback,manual,maruti,great,karnataka,307999
3,14176,4725.333333333333,1,555,1,1,1,0,1,petrol,hatchback,unknown,renault,great,karnataka,438499
6,21980,3663.3333333333335,1,533,1,1,0,0,1,petrol,hatchback,manual,maruti,great,karnataka,319099
10,63460,6346.0,1,544,1,1,0,0,1,petrol,hatchback,manual,maruti,great,karnataka,318399
9,30556,3395.1111111111113,2,35414,0,1,0,0,1,petrol,hatchback,manual,honda,great,karnataka,360999
2,13217,6608.5,1,1253,1,1,0,0,1,petrol,hatchback,manual,maruti,great,karnataka,353199
10,27318,2731.8,1,1165,1,1,0,0,1,petrol,hatchback,manual,hyundai,good,karnataka,281699
8,59237,7404.625,1,565,1,1,0,0,1,petrol,hatchback,automatic,hyundai,great,karnataka,420699
6,32958,5493.0,1,517,1,1,0,0,1,petrol,hatchback,automatic,maruti,great,karnataka,429099
10,35585,3558.5,1,754,1,1,0,0,1,petrol,hatchback,manual,hyundai,great,karnataka,411999
9,27067,3007.4444444444443,1,785,1,1,0,0,1,petrol,hatchback,automatic,maruti,great,karnataka,343999
11,68339,6212.636363636364,2,970,1,1,0,0,1,petrol,hatchback,manual,maruti,great,karnataka,350499
7,3813,544.7142857142857,1,1721,1,1,0,0,1,petrol,sedan,manual,maruti,great,karnataka,538899
11,48371,4397.363636363636,1,568,0,1,0,0,1,petrol,hatchback,manual,hyundai,great,karnataka,317299
6,24740,4123.333333333333,1,1498,0,1,0,0,1,petrol,hatchback,manual,maruti,great,karnataka,501299
7,52410,7487.142857142857,1,491,1,1,0,0,1,petrol,hatchback,manual,maruti,great,karnataka,432999
10,39213,3921.3,1,349,1,1,0,0,1,petrol,hatchback,manual,hyundai,great,karnataka,392499
6,35276,5879.333333333333,2,1165,0,1,0,0,1,petrol,hatchback,manual,maruti,great,karnataka,497899
3,16503,5501.0,1,992,1,1,0,0,1,petrol,unknown,unknown,maruti,great,karnataka,349599
11,62086,5644.181818181818,2,303,1,1,0,0,1,petrol,hatchback,manual,hyundai,great,karnataka,331399
10,34630,3463.0,1,2757,1,1,0,0,1,petrol,hatchback,manual,hyundai,great,karnataka,404799
6,30446,5074.333333333333,1,542,1,1,0,0,1,petrol,hatchback,automatic,maruti,great,karnataka,431399
10,44575,4457.5,1,1406,0,1,0,0,1,petrol,hatchback,manual,toyota,great,karnataka,389199
2,13190,6595.0,1,2684,1,1,0,0,1,petrol,hatchback,automatic,renault,great,karnataka,443499
10,49419,4941.9,2,2090,1,1,0,0,1,petrol,hatchback,manual,hyundai,great,karnataka,241599
7,39855,5693.571428571428,1,500,1,1,0,0,1,petrol,hatchback,manual,maruti,great,karnataka,363999
9,34311,3812.3333333333335,1,1298,1,1,0,0,1,petrol,hatchback,manual,maruti,great,karnataka,457999
8,45209,5651.125,2,843,1,1,0,0,1,petrol,hatchback,manual,hyundai,great,karnataka,298299
9,36836,4092.8888888888887,1,1358,1,1,0,0,1,petrol,hatchback,manual,maruti,great,karnataka,497799
11,53506,4864.181818181818,3,836,0,1,1,0,1,petrol,hatchback,manual,hyundai,great,karnataka,347399
9,40807,4534.111111111111,1,1429,0,1,0,0,1,petrol,hatchback,manual,hyundai,great,karnataka,330899
4,22418,5604.5,1,504,0,1,0,0,1,petrol,hatchback,manual,hyundai,great,karnataka,369199
7,54073,7724.714285714285,2,718,1,1,0,0,1,petrol,hatchback,manual,maruti,great,karnataka,385699
11,37163,3378.4545454545455,1,685,0,1,0,0,1,petrol,hatchback,manual,hyundai,great,karnataka,318299
7,26578,3796.8571428571427,1,361,1,1,0,0,1,petrol,hatchback,manual,hyundai,great,karnataka,506199
6,18966,3161.0,1,1075,1,1,0,0,1,petrol,hatchback,manual,maruti,great,karnataka,505899
3,17788,5929.333333333333,1,555,1,1,0,0,1,petrol,hatchback,manual,maruti,great,karnataka,404399
4,30029,7507.25,1,1546,0,1,0,0,1,petrol,hatchback,automatic,maruti,great,karnataka,505699
5,17171,3434.2,1,1983,0,1,0,0,1,petrol,hatchback,manual,renault,great,karnataka,333199
4,12173,3043.25,1,957,1,1,0,0,1,petrol,hatchback,automatic,maruti,great,karnataka,588699
8,14965,1870.625,1,680,1,1,0,0,1,petrol,hatchback,automatic,hyundai,great,karnataka,477099
5,34615,6923.0,1,1106,0,1,0,0,1,petrol,hatchback,manual,maruti,great,karnataka,614899
3,6428,2142.6666666666665,1,488,0,1,0,0,1,petrol,hatchback,unknown,maruti,great,karnataka,410599
7,26028,3718.285714285714,1,378,1,1,0,0,1,petrol,hatchback,automatic,maruti,great,karnataka,435099
11,48994,4454.0,1,1884,0,1,0,0,1,diesel,hatchback,manual,maruti,great,karnataka,406399
11,43249,3931.7272727272725,2,933,1,1,0,0,1,petrol,hatchback,manual,maruti,great,karnataka,225499
5,20505,4101.0,2,1503,1,1,0,0,1,petrol,hatchback,manual,renault,great,karnataka,325399
6,9075,1512.5,1,3105,1,1,0,0,1,petrol,sedan,manual,honda,great,karnataka,468099
10,45165,4516.5,2,477,0,1,0,0,1,petrol,hatchback,manual,hyundai,great,karnataka,415099
4,12021,3005.25,1,2610,1,1,0,0,1,petrol,sedan,automatic,maruti,great,karnataka,713199
6,21822,3637.0,2,544,0,1,0,0,1,petrol,hatchback,manual,tata,good,karnataka,200699
4,13001,3250.25,1,791,1,1,0,0,1,petrol,hatchback,manual,maruti,great,karnataka,672199
5,46013,9202.6,1,638,0,1,0,0,1,petrol,hatchback,manual,renault,great,karnataka,343199
5,38594,7718.8,1,9362,0,1,0,0,1,diesel,suv,manual,mahindra,great,karnataka,408099
10,53572,5357.2,1,338,1,1,0,0,1,petrol,hatchback,manual,hyundai,great,karnataka,385599
9,59747,6638.555555555556,1,919,1,1,0,0,1,petrol,hatchback,automatic,maruti,great,karnataka,304999
4,15075,3768.75,1,651,1,1,0,0,1,petrol,hatchback,unknown,hyundai,great,karnataka,608899
5,29645,5929.0,1,846,1,1,0,0,1,petrol,hatchback,manual,renault,great,karnataka,315099
10,69819,6981.9,2,1302,1,1,0,0,1,petrol,hatchback,manual,hyundai,great,karnataka,246199
13,55593,4276.384615384615,2,2006,1,1,0,0,1,petrol,luxury sedan,unknown,toyota,great,karnataka,394699
5,30759,6151.8,2,465,1,1,0,0,1,petrol,hatchback,manual,renault,great,karnataka,369099
5,42195,8439.0,1,659,1,1,0,0,1,petrol,hatchback,manual,maruti,great,karnataka,454199
6,19346,3224.3333333333335,1,513,1,1,0,0,1,petrol,hatchback,manual,hyundai,great,karnataka,492699
7,56757,8108.142857142857,1,1558,1,1,0,0,1,petrol,hatchback,manual,hyundai,great,karnataka,270199
6,23841,3973.5,1,570,1,1,0,0,1,petrol,hatchback,manual,hyundai,great,karnataka,458599
7,14670,2095.714285714286,1,495,1,1,0,0,1,petrol,sedan,manual,maruti,great,karnataka,575899
6,14867,2477.8333333333335,1,632,0,1,0,0,1,petrol,hatchback,manual,hyundai,great,karnataka,494199
10,53404,5340.4,2,938,0,1,0,0,1,petrol,hatchback,manual,maruti,great,karnataka,409499
9,16071,1785.6666666666667,2,572,1,1,0,0,1,petrol,hatchback,manual,maruti,great,karnataka,298999
8,22219,2777.375,2,328,1,1,0,0,1,petrol,hatchback,manual,maruti,great,karnataka,293299
13,45476,3498.153846153846,1,1863,1,1,0,0,1,petrol,hatchback,manual,maruti,great,karnataka,190399
10,54931,5493.1,1,2112,1,1,0,0,1,petrol,hatchback,manual,toyota,great,karnataka,368799
5,30190,6038.0,2,148,0,1,0,0,1,petrol,hatchback,manual,hyundai,great,karnataka,631999
9,60223,6691.444444444444,1,823,0,1,0,0,1,petrol,hatchback,manual,maruti,great,karnataka,311099
11,43402,3945.6363636363635,3,498,0,1,0,0,1,petrol,hatchback,manual,hyundai,great,karnataka,283299
9,34268,3807.5555555555557,2,338,1,1,0,0,1,petrol,hatchback,manual,maruti,great,karnataka,290499
4,12804,3201.0,2,1159,1,1,0,0,1,petrol,hatchback,automatic,tata,great,karnataka,268099
4,21187,5296.75,1,1749,1,1,0,0,1,petrol,hatchback,unknown,maruti,great,karnataka,425699
11,49583,4507.545454545455,1,33,1,1,0,0,1,petrol,hatchback,manual,hyundai,great,karnataka,366799
11,47758,4341.636363636364,1,344,1,1,0,0,1,petrol,hatchback,manual,maruti,great,karnataka,261599
5,29788,5957.6,1,369,1,1,0,0,1,petrol,hatchback,manual,renault,great,karnataka,376899
11,46535,4230.454545454545,1,1183,0,1,0,0,1,petrol,hatchback,manual,maruti,great,karnataka,206599
13,33618,2586.0,2,1546,0,1,0,0,1,petrol,hatchback,manual,maruti,great,karnataka,197699
2,13902,6951.0,1,807,1,1,0,0,1,petrol,suv,manual,maruti,great,karnataka,464799
5,39669,7933.8,2,1038,1,1,0,0,1,petrol,hatchback,manual,renault,great,karnataka,307099
4,29546,7386.5,2,2339,1,1,0,0,1,petrol,hatchback,unknown,renault,great,karnataka,330999
13,40542,3118.6153846153848,3,4103,1,1,0,0,1,petrol,hatchback,manual,hyundai,great,karnataka,184299
5,22110,4422.0,1,953,0,1,0,0,1,petrol,hatchback,automatic,hyundai,great,karnataka,574199
7,33972,4853.142857142857,1,1961,1,1,0,0,1,petrol,hatchback,manual,hyundai,great,karnataka,502399
10,59096,5909.6,2,980,1,1,0,0,1,petrol,hatchback,manual,maruti,great,karnataka,400799
5,15874,3174.8,1,444,1,1,0,0,1,petrol,hatchback,manual,renault,good,karnataka,389899
11,49994,4544.909090909091,1,232,1,1,0,0,1,petrol,hatchback,manual,hyundai,great,karnataka,332899
10,59735,5973.5,3,1393,1,1,0,0,1,petrol,hatchback,manual,hyundai,great,karnataka,334699
10,51746,5174.6,1,1276,1,1,0,0,1,petrol,hatchback,manual,hyundai,great,karnataka,359399
5,19280,3856.0,2,1095,0,1,0,0,1,petrol,hatchback,automatic,tata,great,karnataka,247599
8,24570,3071.25,1,1114,0,1,0,0,1,petrol,hatchback,manual,hyundai,great,karnataka,463399
9,59253,6583.666666666667,1,1244,0,1,0,0,1,petrol,hatchback,manual,maruti,great,karnataka,243699
5,3546,709.2,1,875,1,1,0,0,1,petrol,hatchback,manual,maruti,great,karnataka,637399
5,19472,3894.4,1,1552,1,1,0,0,1,petrol,hatchback,manual,hyundai,great,karnataka,507499
9,60412,6712.444444444444,1,421,1,1,0,0,1,petrol,hatchback,manual,maruti,great,karnataka,323499
5,36800,7360.0,1,321,1,1,0,0,1,petrol,hatchback,manual,maruti,great,karnataka,353199
5,7113,1422.6,1,391,0,1,0,0,1,petrol,hatchback,manual,maruti,great,karnataka,481399
11,36981,3361.909090909091,1,361,0,1,0,0,1,petrol,hatchback,manual,hyundai,great,karnataka,343299
6,27835,4639.166666666667,1,610,1,1,0,0,1,petrol,hatchback,manual,maruti,great,karnataka,339199
7,24268,3466.8571428571427,1,587,1,1,0,0,1,petrol,hatchback,manual,maruti,great,karnataka,532799
4,35447,8861.75,2,2209,1,1,0,0,1,petrol,hatchback,manual,toyota,great,karnataka,493799
10,34450,3445.0,1,965,1,1,0,0,1,petrol,hatchback,manual,hyundai,good,karnataka,268599
5,30523,6104.6,1,982,1,1,0,0,1,petrol,hatchback,manual,renault,great,karnataka,383599
8,46057,5757.125,1,564,1,1,0,0,1,petrol,hatchback,automatic,hyundai,great,karnataka,431199
9,39970,4441.111111111111,2,253,1,1,0,0,1,petrol,hatchback,manual,hyundai,great,karnataka,356999
7,34163,4880.428571428572,2,285,1,1,0,0,1,petrol,hatchback,manual,maruti,great,karnataka,367199
8,45342,5667.75,3,895,1,1,0,0,1,petrol,hatchback,manual,maruti,great,karnataka,435999
12,20028,1669.0,1,1351,1,1,0,0,1,petrol,hatchback,manual,chevrolet,good,karnataka,198099
8,44121,5515.125,2,549,1,1,0,0,1,petrol,hatchback,manual,hyundai,great,karnataka,353999
10,48576,4857.6,2,317,1,1,0,0,1,petrol,hatchback,automatic,hyundai,great,karnataka,356399
5,28797,5759.4,2,1192,1,1,0,0,1,petrol,hatchback,manual,hyundai,great,karnataka,583399
11,42056,3823.2727272727275,2,681,0,1,0,0,1,petrol,hatchback,manual,hyundai,great,karnataka,391499
11,40429,3675.3636363636365,1,1554,0,1,0,0,1,petrol,hatchback,manual,hyundai,great,karnataka,302699
10,39169,3916.9,1,366,0,1,0,0,1,petrol,hatchback,manual,maruti,great,karnataka,286799
7,35551,5078.714285714285,2,295,1,1,0,0,1,petrol,hatchback,manual,maruti,great,karnataka,287599
7,38527,5503.857142857143,1,906,1,1,0,0,1,petrol,hatchback,manual,tata,good,karnataka,178799
10,10967,1096.7,1,972,1,1,0,0,1,petrol,hatchback,manual,hyundai,great,karnataka,281899
6,5839,973.1666666666666,2,437,1,1,0,0,1,petrol,hatchback,automatic,tata,good,karnataka,283799
4,26189,6547.25,3,77,1,1,0,0,1,petrol,hatchback,manual,hyundai,great,karnataka,313099
13,60152,4627.076923076923,1,473,0,1,0,0,1,petrol & lpg,hatchback,manual,hyundai,good,karnataka,238599
10,65735,6573.5,3,437,1,1,0,0,1,petrol,hatchback,manual,hyundai,great,karnataka,354799
4,24005,6001.25,1,670,1,1,0,0,1,petrol,hatchback,unknown,renault,great,karnataka,382799
4,28486,7121.5,2,715,1,1,0,0,1,petrol,unknown,unknown,maruti,great,karnataka,332199
6,50622,8437.0,2,1356,1,1,1,0,1,petrol,hatchback,manual,hyundai,great,karnataka,507099
7,51984,7426.285714285715,1,552,1,1,0,0,1,petrol,hatchback,manual,maruti,great,karnataka,319199
9,37867,4207.444444444444,2,329,1,1,0,0,1,petrol,hatchback,manual,hyundai,good,karnataka,295099
4,23044,5761.0,1,531,1,1,0,0,1,petrol,hatchback,automatic,maruti,great,karnataka,510699
10,60921,6092.1,2,295,1,1,0,0,1,petrol,hatchback,manual,maruti,great,karnataka,374799
6,35751,5958.5,1,504,1,1,0,0,1,petrol,hatchback,manual,hyundai,great,karnataka,504399
7,34483,4926.142857142857,1,1078,1,1,0,0,1,petrol,hatchback,manual,maruti,great,karnataka,515799
10,38847,3884.7,2,467,1,1,0,0,1,petrol,hatchback,manual,maruti,great,karnataka,258199
8,58454,7306.75,2,486,1,1,0,0,1,petrol,hatchback,manual,maruti,great,karnataka,330799
11,25549,2322.6363636363635,1,625,0,1,0,0,1,petrol,hatchback,manual,maruti,good,karnataka,293299
6,59844,9974.0,1,814,1,1,0,0,1,petrol,hatchback,automatic,maruti,great,karnataka,393299
11,57869,5260.818181818182,1,890,1,1,0,0,1,petrol,hatchback,manual,maruti,great,karnataka,370199
4,23536,5884.0,1,902,1,1,0,0,1,petrol,hatchback,manual,maruti,great,karnataka,514799
6,40621,6770.166666666667,1,1654,1,1,0,0,1,petrol,suv,manual,honda,great,karnataka,504899
7,20078,2868.285714285714,1,1116,1,1,0,0,1,petrol,sedan,manual,honda,great,karnataka,659499
4,32578,8144.5,1,988,1,1,0,0,1,petrol,hatchback,unknown,renault,great,karnataka,360699
4,24945,6236.25,1,1220,1,1,0,0,1,petrol,hatchback,unknown,maruti,great,karnataka,554899
4,9679,2419.75,1,824,1,1,0,0,1,petrol,hatchback,manual,maruti,great,karnataka,677799
11,24045,2185.909090909091,2,1040,1,1,0,0,1,petrol,hatchback,manual,maruti,great,karnataka,207199
11,54397,4945.181818181818,2,471,0,1,0,0,1,petrol,hatchback,manual,maruti,great,karnataka,291499
11,23373,2124.818181818182,1,482,0,1,0,0,1,petrol,hatchback,manual,hyundai,great,karnataka,324499
9,47671,5296.777777777777,1,1523,1,1,0,0,1,diesel,sedan,manual,toyota,great,karnataka,439299
7,36253,5179.0,1,521,0,1,0,0,1,petrol,hatchback,manual,hyundai,great,karnataka,294899
6,30533,5088.833333333333,1,925,0,1,0,0,1,petrol,sedan,manual,hyundai,great,karnataka,489299
9,48891,5432.333333333333,1,379,1,1,0,0,1,petrol,hatchback,manual,maruti,great,karnataka,260199
10,76229,7622.9,1,319,1,1,0,0,1,petrol,hatchback,manual,hyundai,great,karnataka,402999
12,52710,4392.5,3,5240,0,1,0,0,1,petrol,hatchback,manual,hyundai,great,karnataka,204799
7,21527,3075.285714285714,1,1479,1,1,0,0,1,petrol,hatchback,manual,volkswagen,great,karnataka,543599
7,41623,5946.142857142857,1,431,0,1,0,0,1,petrol,sedan,manual,maruti,great,karnataka,539699
13,67059,5158.384615384615,3,994,1,1,0,0,1,petrol,hatchback,manual,hyundai,great,karnataka,196199
12,26687,2223.9166666666665,1,756,1,1,0,0,1,petrol,hatchback,automatic,hyundai,great,karnataka,314499
7,46468,6638.285714285715,2,427,0,1,0,0,1,petrol,hatchback,manual,maruti,great,karnataka,365999
5,13181,2636.2,1,588,1,1,0,0,1,petrol,hatchback,manual,maruti,great,karnataka,628199
5,33185,6637.0,1,1652,0,1,0,0,1,petrol,hatchback,manual,toyota,great,karnataka,522099
7,52726,7532.285714285715,3,758,0,1,0,0,1,petrol,hatchback,manual,hyundai,great,karnataka,401099
5,31528,6305.6,1,460,1,1,0,0,1,petrol,hatchback,manual,maruti,great,karnataka,620599
6,47468,7911.333333333333,1,561,0,1,0,0,1,petrol,hatchback,manual,maruti,great,karnataka,386999
9,39236,4359.555555555556,1,670,0,1,0,0,1,petrol,hatchback,manual,maruti,great,karnataka,483599
5,26486,5297.2,1,889,1,1,0,0,1,petrol,hatchback,manual,hyundai,great,karnataka,473999
3,3642,1214.0,1,1202,1,1,0,0,1,petrol,hatchback,manual,maruti,great,karnataka,658899
11,27225,2475.0,1,1310,1,1,0,0,1,petrol,hatchback,manual,hyundai,great,karnataka,308899
9,62639,6959.888888888889,2,1658,1,1,0,0,1,diesel,sedan,manual,toyota,great,karnataka,424199
6,12903,2150.5,2,824,1,1,0,0,1,petrol,hatchback,manual,hyundai,great,karnataka,638599
7,27253,3893.285714285714,1,382,1,1,0,0,1,petrol,hatchback,manual,hyundai,good,karnataka,321599
4,17602,4400.5,1,912,1,1,0,0,1,petrol,hatchback,manual,maruti,great,karnataka,612699
11,56045,5095.0,2,508,1,1,0,0,1,petrol,hatchback,manual,hyundai,great,karnataka,383099
10,62420,6242.0,1,371,1,1,0,0,1,petrol,hatchback,manual,maruti,great,karnataka,392899
13,73710,5670.0,1,865,0,1,0,0,1,petrol,hatchback,manual,maruti,great,karnataka,187799
11,67770,6160.909090909091,3,698,1,1,0,0,1,petrol,hatchback,manual,hyundai,great,karnataka,228599
10,63546,6354.6,1,1716,1,1,0,0,1,petrol,hatchback,manual,hyundai,great,karnataka,273299
3,28457,9485.666666666666,1,1119,1,1,0,0,1,petrol,suv,manual,maruti,great,karnataka,392699
4,50292,12573.0,1,2190,1,1,0,0,1,petrol,hatchback,manual,tata,great,karnataka,471199
8,52421,6552.625,1,333,1,1,0,0,1,petrol,hatchback,manual,maruti,great,karnataka,389799
6,39456,6576.0,1,482,1,1,0,0,1,petrol,hatchback,manual,hyundai,great,karnataka,444799
3,21352,7117.333333333333,1,116,1,1,0,0,1,petrol,sedan,manual,maruti,great,karnataka,681399
8,78618,9827.25,1,1771,0,1,0,0,1,diesel,hatchback,manual,hyundai,great,karnataka,403199
9,64058,7117.555555555556,1,426,1,1,0,0,1,petrol,hatchback,manual,maruti,great,karnataka,263099
6,44930,7488.333333333333,1,1120,1,1,0,0,1,petrol,hatchback,manual,hyundai,great,karnataka,616199
12,66948,5579.0,3,1047,1,1,0,0,1,petrol,hatchback,automatic,hyundai,great,karnataka,266999
8,23401,2925.125,1,477,1,1,0,0,1,petrol,hatchback,manual,maruti,good,karnataka,352699
10,66875,6687.5,1,342,1,1,0,0,1,petrol,hatchback,manual,maruti,great,karnataka,268199
12,43770,3647.5,1,640,1,1,0,0,1,petrol,hatchback,manual,maruti,great,karnataka,226399
7,43290,6184.285714285715,3,300,1,1,0,0,1,petrol,hatchback,manual,maruti,great,karnataka,342299
7,62516,8930.857142857143,1,1348,1,1,0,0,1,diesel,hatchback,manual,hyundai,great,karnataka,599099
10,107079,10707.9,1,1291,1,1,0,0,1,diesel,hatchback,manual,maruti,great,karnataka,366499
8,50364,6295.5,2,1531,1,1,0,0,1,petrol,sedan,manual,hyundai,great,karnataka,552799
11,35835,3257.7272727272725,1,402,0,1,0,0,1,petrol,hatchback,manual,hyundai,great,karnataka,353799
5,31828,6365.6,1,1773,1,1,0,0,1,petrol,hatchback,manual,tata,great,karnataka,197599
8,56244,7030.5,3,5477,1,1,0,0,1,diesel,hatchback,manual,volkswagen,great,karnataka,343899
5,39227,7845.4,1,1308,1,1,0,0,1,petrol,unknown,unknown,maruti,great,karnataka,265599
10,63550,6355.0,3,540,1,1,0,0,1,petrol,hatchback,manual,maruti,great,karnataka,222999
6,50210,8368.333333333334,1,2022,1,1,0,0,1,petrol,sedan,manual,honda,great,karnataka,658299
10,74354,7435.4,1,664,1,1,0,0,1,petrol,sedan,manual,honda,great,karnataka,484399
8,22236,2779.5,1,949,1,1,0,0,1,petrol,sedan,unknown,maruti,great,karnataka,470699
6,47724,7954.0,1,923,1,1,0,0,1,diesel,suv,manual,maruti,great,karnataka,786899
6,35074,5845.666666666667,1,663,1,1,0,0,1,petrol,hatchback,automatic,tata,great,karnataka,247699
2,16097,8048.5,2,1749,1,1,0,0,1,petrol,hatchback,manual,hyundai,great,karnataka,721099
11,64985,5907.727272727273,1,1250,1,1,0,0,1,petrol,sedan,manual,honda,great,karnataka,421999
9,30968,3440.8888888888887,1,1452,0,1,0,0,1,petrol,hatchback,manual,chevrolet,fair,karnataka,250899
3,19150,6383.333333333333,1,1411,1,1,0,0,1,petrol,sedan,unknown,honda,great,karnataka,711099
4,32330,8082.5,1,876,1,1,0,0,1,petrol,hatchback,manual,tata,great,karnataka,519099
9,43307,4811.888888888889,2,1048,0,1,0,0,1,diesel,hatchback,manual,ford,good,karnataka,355899
5,51712,10342.4,2,2108,1,1,0,0,1,petrol,hatchback,manual,renault,great,karnataka,284199
10,71654,7165.4,3,1184,1,1,0,0,1,petrol,hatchback,manual,hyundai,great,karnataka,380399
6,36647,6107.833333333333,1,59,1,1,0,0,1,petrol,suv,manual,maruti,great,karnataka,401099
11,65697,5972.454545454545,1,323,1,1,0,0,1,petrol,hatchback,manual,hyundai,great,karnataka,349299
8,53166,6645.75,1,850,1,1,0,0,1,petrol,sedan,unknown,maruti,great,karnataka,442399
5,39609,7921.8,1,1023,0,1,0,0,1,petrol,hatchback,manual,maruti,great,karnataka,586499
9,65435,7270.555555555556,1,1044,1,1,0,0,1,petrol,hatchback,manual,hyundai,great,karnataka,252699
2,6430,3215.0,1,1543,0,1,0,0,1,petrol,hatchback,unknown,hyundai,great,karnataka,717699
3,9948,3316.0,2,1427,1,1,0,0,1,petrol,hatchback,automatic,maruti,great,karnataka,641899
11,99476,9043.272727272728,2,931,1,1,0,0,1,petrol,hatchback,manual,maruti,great,karnataka,198999
11,72728,6611.636363636364,2,2490,1,1,0,0,1,petrol,hatchback,manual,ford,good,karnataka,259499
9,52419,5824.333333333333,2,381,1,1,0,0,1,petrol,hatchback,manual,hyundai,great,karnataka,338199
12,43468,3622.3333333333335,2,930,1,1,0,0,1,petrol,hatchback,manual,maruti,great,karnataka,241999
7,51232,7318.857142857143,1,377,1,1,0,0,1,petrol,hatchback,manual,maruti,great,karnataka,519999
12,45611,3800.9166666666665,1,827,1,1,0,0,1,petrol,hatchback,manual,hyundai,great,karnataka,259999
6,40944,6824.0,1,501,1,1,0,0,1,petrol,hatchback,manual,maruti,great,karnataka,537599
2,10705,5352.5,1,1165,0,1,0,0,1,petrol,hatchback,manual,maruti,great,karnataka,643399
9,61801,6866.777777777777,1,607,0,1,0,0,1,petrol,hatchback,manual,hyundai,great,karnataka,448199
2,21040,10520.0,1,5183,1,1,0,0,1,petrol,hatchback,unknown,hyundai,great,karnataka,667199
6,32984,5497.333333333333,2,740,1,1,0,0,1,petrol,hatchback,manual,honda,great,karnataka,474599
12,44610,3717.5,2,185,1,1,0,0,1,petrol,hatchback,manual,hyundai,great,karnataka,262499
8,63792,7974.0,1,1131,0,1,0,0,1,petrol,hatchback,manual,tata,good,karnataka,134899
2,19013,9506.5,1,989,0,1,1,0,1,petrol,unknown,unknown,maruti,great,karnataka,503099
11,59671,5424.636363636364,3,939,1,1,0,0,1,petrol,hatchback,manual,maruti,great,karnataka,227599
5,35352,7070.4,1,55,0,1,0,0,1,petrol,hatchback,manual,maruti,great,karnataka,559899
5,43664,8732.8,1,822,1,1,0,0,1,petrol,unknown,unknown,maruti,great,karnataka,297499
11,47003,4273.0,1,1048,0,1,0,0,1,petrol,hatchback,manual,chevrolet,good,karnataka,234699
11,40200,3654.5454545454545,1,549,1,1,0,0,1,petrol,hatchback,automatic,hyundai,good,karnataka,379499
11,88390,8035.454545454545,2,2778,0,1,0,0,1,petrol,hatchback,manual,maruti,great,karnataka,287399
8,53702,6712.75,2,1222,0,1,0,0,1,diesel,sedan,manual,maruti,great,karnataka,493599
10,61322,6132.2,1,206,1,1,0,0,1,petrol,hatchback,manual,hyundai,great,karnataka,353999
8,43825,5478.125,2,1934,1,1,0,0,1,petrol,sedan,manual,hyundai,great,karnataka,565599
8,45204,5650.5,1,1131,1,1,0,0,1,petrol,hatchback,automatic,volkswagen,great,karnataka,642599
11,42705,3882.2727272727275,2,361,1,1,0,0,1,petrol,hatchback,manual,maruti,great,karnataka,263299
6,22337,3722.8333333333335,1,1206,1,1,0,0,1,petrol,sedan,manual,honda,great,karnataka,713899
8,48132,6016.5,1,1142,1,1,0,0,1,diesel,sedan,manual,maruti,great,karnataka,511599
9,42779,4753.222222222223,2,549,1,1,0,0,1,petrol,hatchback,manual,maruti,great,karnataka,484199
3,16598,5532.666666666667,1,1327,1,1,0,0,1,petrol,sedan,unknown,maruti,great,karnataka,830599
7,50960,7280.0,2,471,0,1,0,0,1,petrol,sedan,manual,maruti,great,karnataka,498799
9,46403,5155.888888888889,2,451,1,1,0,0,1,petrol,suv,manual,maruti,good,karnataka,339299
13,41350,3180.769230769231,2,29,1,1,0,0,1,petrol,hatchback,manual,hyundai,good,karnataka,232299
4,14962,3740.5,2,448,1,1,0,0,1,petrol,hatchback,manual,maruti,great,karnataka,634899
4,30068,7517.0,1,622,0,1,0,0,1,petrol,hatchback,manual,maruti,great,karnataka,635999
8,38521,4815.125,1,535,1,1,0,0,1,petrol,sedan,manual,maruti,great,karnataka,515099
11,33225,3020.4545454545455,2,962,1,1,0,0,1,petrol,hatchback,manual,chevrolet,good,karnataka,232699
14,79620,5687.142857142857,3,1391,0,1,0,0,1,petrol,hatchback,manual,hyundai,good,karnataka,209499
3,22678,7559.333333333333,1,978,1,1,0,0,1,petrol,hatchback,manual,maruti,great,karnataka,629999
13,45812,3524.0,2,833,1,1,0,0,1,petrol,hatchback,manual,maruti,good,karnataka,217399
10,71585,7158.5,2,667,1,1,0,0,1,diesel,hatchback,manual,maruti,great,karnataka,363699
11,56300,5118.181818181818,1,328,1,1,0,0,1,petrol,hatchback,manual,maruti,great,karnataka,259099
6,53989,8998.166666666666,1,178,1,1,0,0,1,petrol,hatchback,manual,maruti,great,karnataka,316799
10,73153,7315.3,1,212,0,1,0,0,1,petrol,hatchback,manual,hyundai,great,karnataka,336199
8,58907,7363.375,2,348,1,1,0,0,1,petrol,hatchback,manual,maruti,great,karnataka,377899
11,55232,5021.090909090909,1,351,1,1,0,0,1,petrol,hatchback,manual,hyundai,great,karnataka,391199
3,29928,9976.0,1,501,1,1,0,0,1,petrol,hatchback,manual,maruti,great,karnataka,393399
2,4566,2283.0,1,2134,0,1,0,0,1,diesel,suv,manual,maruti,great,karnataka,900799
4,22899,5724.75,1,1103,1,1,0,0,1,petrol,hatchback,automatic,honda,great,karnataka,712899
9,41418,4602.0,2,614,1,1,0,0,1,petrol,hatchback,manual,volkswagen,great,karnataka,500899
7,65190,9312.857142857143,1,508,1,1,0,0,1,petrol,hatchback,manual,maruti,great,karnataka,303899
3,36367,12122.333333333334,1,1097,1,1,0,0,1,diesel,sedan,unknown,honda,great,karnataka,777199
9,74010,8223.333333333334,1,741,1,1,0,0,1,diesel,sedan,manual,maruti,great,karnataka,445299
13,66836,5141.2307692307695,2,2883,1,1,0,0,1,petrol,sedan,manual,hyundai,great,karnataka,274099
9,68156,7572.888888888889,2,550,1,1,0,0,1,petrol,hatchback,manual,maruti,great,karnataka,238699
2,21250,10625.0,1,1687,1,1,0,0,1,petrol,hatchback,manual,maruti,great,karnataka,666699
12,45139,3761.5833333333335,1,1040,1,1,0,0,1,petrol,hatchback,manual,maruti,great,karnataka,239799
8,56518,7064.75,2,1517,1,1,0,0,1,petrol,sedan,manual,maruti,great,karnataka,484299
11,61105,5555.0,1,282,1,1,0,0,1,petrol,hatchback,manual,hyundai,good,karnataka,428399
7,59761,8537.285714285714,1,1175,0,1,0,0,1,petrol,hatchback,manual,maruti,great,karnataka,486499
6,41499,6916.5,1,740,1,1,0,0,1,petrol,hatchback,manual,hyundai,great,karnataka,556299
10,66451,6645.1,1,1507,0,1,0,0,1,petrol,hatchback,manual,ford,great,karnataka,287199
9,45163,5018.111111111111,2,2080,0,1,0,0,1,petrol,sedan,manual,honda,great,karnataka,466499
7,48559,6937.0,1,1308,1,1,0,0,1,petrol,sedan,manual,honda,great,karnataka,612199
9,48171,5352.333333333333,1,668,0,1,0,0,1,petrol,hatchback,manual,honda,good,karnataka,369799
14,104893,7492.357142857143,1,1820,0,1,0,0,1,petrol,hatchback,manual,hyundai,great,karnataka,183499
6,57353,9558.833333333334,1,1236,1,1,0,0,1,petrol,hatchback,manual,volkswagen,great,karnataka,494299
6,53684,8947.333333333334,2,1237,1,1,0,0,1,diesel,suv,manual,maruti,great,karnataka,684999
12,65823,5485.25,2,1014,0,1,0,0,1,petrol,hatchback,manual,maruti,great,karnataka,232299
8,70555,8819.375,2,993,1,1,0,0,1,petrol,hatchback,manual,maruti,great,karnataka,244899
8,72925,9115.625,1,22,1,1,0,0,1,petrol,hatchback,manual,maruti,great,karnataka,389399
4,34120,8530.0,1,508,1,1,0,0,1,petrol,sedan,manual,maruti,great,karnataka,668199
13,68811,5293.153846153846,1,757,1,1,0,0,1,petrol,hatchback,manual,hyundai,great,karnataka,260499
5,46454,9290.8,1,916,1,1,0,0,1,diesel,hatchback,manual,hyundai,great,karnataka,731099
2,5436,2718.0,1,314,1,1,0,0,1,petrol,suv,unknown,renault,great,karnataka,661199
12,85871,7155.916666666667,2,1521,0,1,0,0,1,petrol,hatchback,manual,hyundai,great,karnataka,275499
8,60187,7523.375,1,1497,1,1,0,0,1,diesel,suv,manual,renault,great,karnataka,629899
6,49959,8326.5,2,1180,1,1,0,0,1,petrol,hatchback,manual,honda,great,karnataka,490999
9,81811,9090.111111111111,1,443,1,1,0,0,1,petrol,hatchback,manual,maruti,great,karnataka,266199
5,45087,9017.4,1,1615,1,1,0,0,1,petrol,hatchback,manual,maruti,great,karnataka,551899
4,22556,5639.0,2,913,1,1,0,0,1,petrol,sedan,automatic,maruti,great,karnataka,720399
12,57357,4779.75,1,2325,0,1,0,0,1,petrol,hatchback,manual,maruti,great,karnataka,186899
11,118439,10767.181818181818,1,1097,1,1,1,0,1,petrol,hatchback,manual,maruti,great,karnataka,295499
10,42491,4249.1,1,328,1,1,0,0,1,petrol,hatchback,manual,maruti,good,karnataka,283299
2,19006,9503.0,1,655,1,1,0,0,1,petrol,hatchback,manual,maruti,great,karnataka,535199
7,26036,3719.4285714285716,1,297,1,1,0,0,1,petrol,hatchback,manual,hyundai,great,karnataka,529799
11,69401,6309.181818181818,1,638,1,1,0,0,1,petrol,hatchback,manual,maruti,great,karnataka,349599
7,56580,8082.857142857143,1,3339,0,1,0,0,1,petrol,hatchback,manual,hyundai,great,karnataka,477799
12,42203,3516.9166666666665,2,27,1,1,0,0,1,petrol,hatchback,manual,hyundai,good,karnataka,298899
3,32733,10911.0,1,529,0,1,0,0,1,petrol,hatchback,unknown,renault,great,karnataka,414099
7,57275,8182.142857142857,1,540,0,1,0,0,1,petrol,hatchback,manual,maruti,great,karnataka,367799
10,66167,6616.7,1,253,1,1,0,0,1,petrol,hatchback,manual,maruti,good,karnataka,274999
13,60195,4630.384615384615,2,634,1,1,0,0,1,petrol,hatchback,manual,maruti,good,karnataka,216999
3,11839,3946.3333333333335,1,1134,1,1,0,0,1,petrol,hatchback,manual,honda,great,karnataka,731399
10,46746,4674.6,2,34,1,1,0,0,1,petrol,hatchback,manual,maruti,good,karnataka,281699
9,82823,9202.555555555555,1,227,1,1,0,0,1,petrol,hatchback,manual,hyundai,great,karnataka,381599
9,69377,7708.555555555556,1,318,1,1,0,0,1,petrol,hatchback,manual,hyundai,great,karnataka,344299
12,49308,4109.0,1,112,1,1,0,0,1,petrol,sedan,manual,maruti,good,karnataka,394099
8,77367,9670.875,1,562,1,1,0,0,1,petrol,hatchback,manual,maruti,great,karnataka,345499
3,23374,7791.333333333333,1,2767,1,1,0,0,1,diesel,suv,manual,maruti,great,karnataka,891899
12,54431,4535.916666666667,1,706,1,1,0,0,1,petrol,hatchback,manual,maruti,great,karnataka,300499
7,89674,12810.57142857143,1,682,1,1,0,0,1,petrol,sedan,manual,hyundai,great,karnataka,449999
11,77711,7064.636363636364,2,467,1,1,0,0,1,petrol,hatchback,manual,maruti,great,karnataka,250399
2,7600,3800.0,1,1555,0,1,0,0,1,petrol,hatchback,manual,maruti,great,karnataka,673299
4,38584,9646.0,3,2079,0,1,0,0,1,diesel,sedan,automatic,volkswagen,great,karnataka,609099
7,64614,9230.57142857143,1,460,1,1,0,0,1,petrol,sedan,manual,maruti,great,karnataka,493799
3,33951,11317.0,1,967,1,1,0,0,1,petrol,hatchback,manual,hyundai,great,karnataka,709999
8,56462,7057.75,1,411,1,1,0,0,1,petrol,hatchback,manual,maruti,great,karnataka,389099
3,16556,5518.666666666667,1,1785,1,1,0,0,1,diesel,suv,automatic,maruti,great,karnataka,910199
6,77939,12989.833333333334,3,1497,1,1,0,0,1,diesel,suv,manual,renault,great,karnataka,640799
3,14516,4838.666666666667,1,905,1,1,0,0,1,petrol,hatchback,manual,volkswagen,great,karnataka,921499
2,10442,5221.0,1,852,1,1,0,0,1,petrol,hatchback,manual,maruti,great,karnataka,508799
9,95289,10587.666666666666,1,1772,1,1,0,0,1,diesel,hatchback,manual,hyundai,great,karnataka,413499
10,127738,12773.8,1,1393,1,1,0,0,1,diesel,hatchback,manual,hyundai,great,karnataka,330299
13,84335,6487.307692307692,1,2351,1,1,0,0,1,petrol,hatchback,manual,maruti,great,karnataka,172199
5,61270,12254.0,1,885,0,1,0,0,1,diesel,hatchback,manual,maruti,great,karnataka,690999
2,7641,3820.5,1,2039,1,1,0,0,1,petrol,hatchback,manual,maruti,great,karnataka,630399
10,76052,7605.2,2,298,1,1,0,0,1,petrol,hatchback,manual,maruti,great,karnataka,362899
2,3391,1695.5,2,1981,1,1,0,0,1,petrol,hatchback,unknown,hyundai,great,karnataka,637599
13,87637,6741.307692307692,3,530,1,1,0,0,1,petrol,hatchback,manual,hyundai,great,karnataka,251999
2,21554,10777.0,1,1384,1,1,0,0,1,petrol,sedan,unknown,ford,great,karnataka,614799
12,102544,8545.333333333334,2,364,1,1,0,0,1,petrol,hatchback,manual,hyundai,great,karnataka,263499
13,71113,5470.2307692307695,2,1933,1,1,0,0,1,petrol,hatchback,manual,maruti,good,karnataka,168499
5,48833,9766.6,1,709,1,1,0,0,1,diesel,hatchback,manual,maruti,great,karnataka,609499
14,82791,5913.642857142857,1,667,0,1,0,0,1,petrol,hatchback,manual,hyundai,great,karnataka,198299
4,14164,3541.0,1,802,1,1,0,0,1,petrol,hatchback,automatic,honda,great,karnataka,728499
8,90057,11257.125,1,2833,1,1,0,0,1,diesel,hatchback,manual,ford,great,karnataka,298099
7,64332,9190.285714285714,3,2450,1,1,0,0,1,diesel,sedan,manual,maruti,great,karnataka,413899
3,28249,9416.333333333334,1,1637,1,1,0,0,1,petrol,sedan,automatic,maruti,great,karnataka,641999
10,65270,6527.0,1,25,0,1,0,0,1,petrol,hatchback,manual,maruti,good,karnataka,365399
10,81119,8111.9,1,359,0,1,0,0,1,petrol,hatchback,manual,maruti,great,karnataka,381099
11,85595,7781.363636363636,1,697,1,1,0,0,1,petrol,hatchback,manual,maruti,great,karnataka,284999
10,64152,6415.2,1,277,0,1,0,0,1,petrol,hatchback,manual,maruti,good,karnataka,286199
7,61970,8852.857142857143,2,416,0,1,0,0,1,diesel,hatchback,manual,maruti,great,karnataka,483399
12,60745,5062.083333333333,2,96,1,1,0,0,1,petrol,hatchback,manual,hyundai,great,karnataka,337899
11,78605,7145.909090909091,1,35,1,1,0,0,1,petrol,hatchback,manual,maruti,good,karnataka,356899
11,87033,7912.090909090909,3,1033,1,1,0,0,1,diesel,hatchback,manual,maruti,great,karnataka,307499
6,43106,7184.333333333333,1,46,1,1,0,0,1,petrol,hatchback,manual,hyundai,great,karnataka,565999
6,37437,6239.5,1,1651,1,1,1,0,1,petrol,hatchback,manual,volkswagen,great,karnataka,517099
8,86307,10788.375,1,1383,1,1,0,0,1,diesel,hatchback,manual,maruti,great,karnataka,513299
5,44970,8994.0,1,914,1,1,0,0,1,diesel,hatchback,manual,hyundai,great,karnataka,681199
10,71708,7170.8,2,263,0,1,0,0,1,petrol,hatchback,manual,hyundai,good,karnataka,348899
3,26118,8706.0,1,1103,1,1,0,0,1,petrol,hatchback,manual,hyundai,great,karnataka,730199
4,40163,10040.75,1,697,1,1,0,0,1,diesel,hatchback,manual,maruti,great,karnataka,625099
3,13259,4419.666666666667,1,1066,0,1,0,0,1,petrol,hatchback,manual,volkswagen,great,karnataka,912099
12,65199,5433.25,3,362,1,1,0,0,1,petrol,hatchback,manual,hyundai,great,karnataka,280299
10,124220,12422.0,2,2154,0,1,0,0,1,diesel,sedan,manual,volkswagen,great,karnataka,335899
11,88825,8075.0,1,283,1,1,0,0,1,petrol,hatchback,manual,hyundai,great,karnataka,393799
5,50069,10013.8,1,1207,1,1,0,0,1,diesel,hatchback,manual,maruti,great,karnataka,655799
3,30455,10151.666666666666,1,741,0,1,0,0,1,petrol,hatchback,manual,volkswagen,great,karnataka,844799
12,63634,5302.833333333333,1,430,1,1,0,0,1,petrol,hatchback,automatic,hyundai,fair,karnataka,320699
2,21305,10652.5,2,827,0,1,0,0,1,petrol,sedan,manual,honda,great,karnataka,853999
10,77484,7748.4,1,1499,1,1,0,0,1,petrol,hatchback,manual,hyundai,great,karnataka,228199
2,13444,6722.0,1,1271,0,1,0,0,1,petrol,sedan,automatic,maruti,great,karnataka,719299
8,73374,9171.75,1,1395,1,1,0,0,1,diesel,hatchback,manual,hyundai,great,karnataka,440699
4,64317,16079.25,1,516,1,1,0,0,1,diesel,suv,manual,maruti,great,karnataka,884599
2,2974,1487.0,1,427,0,1,0,0,1,petrol,suv,manual,maruti,good,karnataka,498299
3,43620,14540.0,1,992,1,1,0,0,1,diesel,hatchback,manual,hyundai,great,karnataka,753399
12,102742,8561.833333333334,1,461,1,1,0,0,1,petrol,hatchback,manual,maruti,great,karnataka,200199
3,25004,8334.666666666666,1,1561,1,1,0,0,1,diesel,suv,automatic,maruti,great,karnataka,994099
12,85451,7120.916666666667,1,436,1,1,0,0,1,petrol,hatchback,manual,hyundai,great,karnataka,276899
14,47752,3410.8571428571427,2,1880,1,1,0,0,1,petrol,hatchback,manual,maruti,good,karnataka,191799
9,96495,10721.666666666666,1,607,1,1,0,0,1,petrol,hatchback,manual,hyundai,great,karnataka,299199
12,94064,7838.666666666667,1,454,1,1,0,0,1,petrol,hatchback,manual,maruti,good,karnataka,233399
11,107442,9767.454545454546,3,1551,1,1,0,0,1,petrol,hatchback,manual,ford,great,karnataka,219899
8,69231,8653.875,1,881,0,1,0,0,1,diesel,sedan,manual,maruti,great,karnataka,483399
8,96486,12060.75,2,2530,1,1,0,0,1,diesel,hatchback,manual,fiat,great,karnataka,284399
10,108720,10872.0,1,301,0,1,0,0,1,petrol,hatchback,manual,hyundai,great,karnataka,324999
6,59917,9986.166666666666,1,1800,1,1,0,0,1,diesel,sedan,unknown,maruti,great,karnataka,555099
12,71441,5953.416666666667,1,320,1,1,0,0,1,petrol,hatchback,manual,maruti,good,karnataka,256799
8,71850,8981.25,1,580,1,1,0,0,1,petrol,hatchback,manual,hyundai,great,karnataka,408499
12,88231,7352.583333333333,1,441,0,1,0,0,1,petrol,hatchback,manual,hyundai,great,karnataka,270899
4,72907,18226.75,1,546,1,1,0,0,1,petrol,hatchback,automatic,maruti,great,karnataka,442099
13,67270,5174.615384615385,1,681,1,1,0,0,1,petrol & lpg,hatchback,manual,hyundai,great,karnataka,223999
11,86200,7836.363636363636,2,878,1,1,0,0,1,petrol,sedan,manual,maruti,great,karnataka,314499
13,79647,6126.692307692308,3,2386,1,1,0,0,1,petrol,hatchback,manual,maruti,great,karnataka,262199
2,3478,1739.0,1,2266,1,1,0,0,1,petrol,sedan,manual,honda,great,karnataka,942299
11,67928,6175.272727272727,1,1032,1,1,0,0,1,petrol,hatchback,manual,nissan,good,karnataka,275699
8,61950,7743.75,1,2771,0,1,0,0,1,petrol,hatchback,manual,chevrolet,great,karnataka,255499
10,41502,4150.2,1,200,1,1,0,0,1,petrol,sedan,manual,hyundai,good,karnataka,503299
5,52584,10516.8,1,1084,0,1,0,0,1,petrol,hatchback,automatic,maruti,great,karnataka,412699
2,12672,6336.0,1,2673,0,1,0,0,1,petrol,sedan,manual,toyota,great,karnataka,800199
5,56435,11287.0,1,1295,1,1,0,0,1,diesel,hatchback,manual,hyundai,great,karnataka,674499
7,63766,9109.42857142857,2,2167,0,1,0,0,1,petrol,suv,automatic,ford,great,karnataka,618499
5,53799,10759.8,1,1247,0,1,0,0,1,petrol,hatchback,manual,volkswagen,great,karnataka,570499
6,69479,11579.833333333334,1,1221,0,1,0,0,1,diesel,suv,manual,ford,great,karnataka,712999
3,15934,5311.333333333333,1,1016,0,1,0,0,1,petrol,hatchback,manual,volkswagen,great,karnataka,903499
2,30902,15451.0,1,1390,1,1,0,0,1,petrol,suv,unknown,renault,great,karnataka,834899
3,31913,10637.666666666666,1,785,1,1,0,0,1,petrol,sedan,manual,hyundai,great,karnataka,878099
4,30059,7514.75,2,1613,1,1,0,0,1,petrol,suv,manual,renault,great,karnataka,710799
12,67415,5617.916666666667,2,795,1,1,0,0,1,petrol,hatchback,manual,maruti,good,karnataka,219499
14,72432,5173.714285714285,2,832,1,1,0,0,1,petrol,hatchback,manual,hyundai,great,karnataka,225499
4,55499,13874.75,1,1334,1,1,0,0,1,diesel,sedan,manual,maruti,great,karnataka,666699
8,59930,7491.25,1,618,1,1,0,0,1,petrol,hatchback,manual,maruti,good,karnataka,335399
3,40179,13393.0,1,646,0,1,0,0,1,petrol,suv,unknown,ford,great,karnataka,919099
5,68833,13766.6,1,1473,1,1,0,0,1,petrol,hatchback,manual,renault,great,karnataka,289399
4,57992,14498.0,1,472,1,1,0,0,1,petrol,hatchback,automatic,maruti,great,karnataka,461099
7,128553,18364.714285714286,1,1232,1,1,0,0,1,diesel,hatchback,manual,hyundai,great,karnataka,466399
11,67892,6172.0,1,318,1,1,0,0,1,petrol,hatchback,manual,hyundai,great,karnataka,327199
4,45025,11256.25,1,784,0,1,0,0,1,petrol,hatchback,manual,maruti,great,karnataka,419299
11,72693,6608.454545454545,2,622,0,1,0,0,1,petrol,hatchback,manual,hyundai,great,karnataka,356899
6,56672,9445.333333333334,1,2106,1,1,0,0,1,diesel,suv,manual,maruti,great,karnataka,662899
6,69826,11637.666666666666,1,661,1,1,0,0,1,petrol,sedan,manual,maruti,great,karnataka,557799
6,78800,13133.333333333334,2,2711,0,1,0,0,1,diesel,suv,manual,toyota,great,karnataka,1261387
12,56137,4678.083333333333,1,781,1,1,0,0,1,petrol,hatchback,manual,fiat,fair,karnataka,269199
7,62745,8963.57142857143,1,1008,1,1,0,0,1,petrol,suv,automatic,ford,great,karnataka,686599
3,22993,7664.333333333333,2,633,1,1,0,0,1,petrol,hatchback,manual,hyundai,great,karnataka,720599
3,27039,9013.0,1,1277,1,1,0,0,1,diesel,suv,unknown,maruti,great,karnataka,909599
9,119610,13290.0,1,929,1,1,0,0,1,diesel,hatchback,manual,hyundai,great,karnataka,376099
14,69390,4956.428571428572,2,335,1,1,0,0,1,petrol,hatchback,manual,hyundai,good,karnataka,207599
4,19307,4826.75,1,1834,1,1,0,0,1,petrol,sedan,manual,honda,great,karnataka,777199
4,30589,7647.25,2,3959,0,1,0,0,1,diesel,suv,manual,mahindra,great,karnataka,790299
11,75257,6841.545454545455,1,676,1,1,0,0,1,petrol,hatchback,manual,maruti,great,karnataka,379799
5,51594,10318.8,1,630,1,1,0,0,1,petrol,hatchback,manual,maruti,great,karnataka,518199
6,81268,13544.666666666666,2,746,1,1,0,0,1,petrol,suv,manual,maruti,great,karnataka,298199
10,100966,10096.6,3,1443,1,1,0,0,1,diesel,hatchback,manual,volkswagen,great,karnataka,368699
9,147268,16363.111111111111,2,548,1,1,0,0,1,petrol,sedan,manual,maruti,great,karnataka,447899
8,63140,7892.5,1,594,1,1,0,0,1,petrol,hatchback,manual,hyundai,great,karnataka,361699
10,106988,10698.8,1,265,1,1,0,0,1,petrol,hatchback,manual,hyundai,great,karnataka,330799
2,30625,15312.5,1,937,0,1,0,0,1,petrol,hatchback,unknown,maruti,great,karnataka,732099
10,85649,8564.9,2,638,1,1,0,0,1,petrol,hatchback,manual,maruti,great,karnataka,211199
7,67449,9635.57142857143,1,2191,1,1,0,0,1,electric,hatchback,manual,mahindra,good,karnataka,267199
3,27247,9082.333333333334,1,1313,0,1,0,0,1,petrol,hatchback,manual,hyundai,great,karnataka,773599
7,106319,15188.42857142857,1,656,1,1,0,0,1,petrol,hatchback,manual,maruti,great,karnataka,453899
11,91313,8301.181818181818,2,585,0,1,0,0,1,petrol,hatchback,manual,maruti,great,karnataka,207499
6,51013,8502.166666666666,1,639,1,1,0,0,1,diesel,suv,manual,maruti,great,karnataka,699399
11,63163,5742.090909090909,1,973,1,1,0,0,1,petrol & lpg,hatchback,manual,maruti,good,karnataka,242999
5,52435,10487.0,1,1421,1,1,0,0,1,petrol,sedan,manual,maruti,great,karnataka,521399
5,85074,17014.8,1,928,1,1,0,0,1,diesel,suv,manual,maruti,great,karnataka,717599
7,69261,9894.42857142857,2,631,1,1,0,0,1,petrol,hatchback,manual,maruti,great,karnataka,451499
11,75066,6824.181818181818,1,849,0,1,0,0,1,petrol,hatchback,manual,ford,good,karnataka,270699
5,69898,13979.6,1,1561,1,1,0,1,1,petrol,hatchback,automatic,volkswagen,great,karnataka,633199
7,81253,11607.57142857143,1,1053,0,1,0,0,1,diesel,sedan,manual,honda,great,karnataka,444199
10,96475,9647.5,2,1383,0,1,0,0,1,diesel,sedan,manual,volkswagen,great,karnataka,387199
11,137545,12504.09090909091,2,995,0,1,0,0,1,petrol,hatchback,manual,maruti,great,karnataka,245599
4,37975,9493.75,2,2670,1,1,0,0,1,diesel,suv,automatic,tata,great,karnataka,1356731
13,76502,5884.7692307692305,2,249,1,1,0,0,1,petrol,hatchback,manual,maruti,good,karnataka,215299
5,64633,12926.6,2,961,1,1,0,0,1,diesel,suv,manual,mahindra,great,karnataka,436899
12,83374,6947.833333333333,1,264,0,1,0,0,1,petrol,hatchback,manual,maruti,great,karnataka,292099
5,33050,6610.0,2,760,1,1,0,0,1,petrol,sedan,unknown,honda,good,karnataka,753599
8,77659,9707.375,1,2957,1,1,0,0,1,diesel,hatchback,manual,volkswagen,great,karnataka,446799
8,112013,14001.625,2,756,1,1,0,0,1,diesel,suv,manual,maruti,great,karnataka,601299
9,129687,14409.666666666666,1,1668,1,1,0,0,1,diesel,hatchback,manual,volkswagen,great,karnataka,369599
6,58291,9715.166666666666,1,824,0,1,0,0,1,petrol,sedan,manual,maruti,great,karnataka,572399
12,95319,7943.25,2,1568,1,1,0,0,1,petrol,sedan,manual,ford,great,karnataka,283699
9,93827,10425.222222222223,3,400,1,1,0,0,1,petrol,hatchback,manual,maruti,great,karnataka,222999
6,70098,11683.0,1,739,1,1,0,0,1,petrol,hatchback,manual,maruti,great,karnataka,290099
9,83863,9318.111111111111,2,966,1,1,0,0,1,diesel,hatchback,manual,fiat,great,karnataka,292399
2,2264,1132.0,1,3422,0,1,0,0,1,petrol,suv,unknown,hyundai,great,karnataka,971599
12,94539,7878.25,2,478,1,1,0,0,1,petrol,hatchback,automatic,hyundai,great,karnataka,283499
12,63993,5332.75,1,54,0,1,0,0,1,petrol,hatchback,manual,maruti,good,karnataka,281199
6,76693,12782.166666666666,1,62,1,1,0,0,1,petrol,hatchback,manual,hyundai,great,karnataka,599499
5,76685,15337.0,1,450,1,1,0,0,1,petrol,hatchback,manual,hyundai,great,karnataka,449999
7,97307,13901.0,1,993,1,1,0,0,1,petrol,sedan,manual,hyundai,great,karnataka,406999
12,93600,7800.0,1,705,1,1,0,0,1,petrol,hatchback,manual,maruti,great,karnataka,299399
6,86812,14468.666666666666,1,2594,0,1,0,0,1,diesel,sedan,automatic,volkswagen,great,karnataka,675599
5,62140,12428.0,1,702,1,1,0,0,1,petrol,hatchback,manual,hyundai,great,karnataka,633799
11,90132,8193.818181818182,3,556,1,1,0,0,1,petrol,hatchback,manual,hyundai,great,karnataka,265799
5,81252,16250.4,2,2736,1,1,0,0,1,diesel,luxury suv,manual,mahindra,great,karnataka,825199
3,19487,6495.666666666667,1,563,1,1,0,0,1,diesel,suv,unknown,ford,great,karnataka,987399
12,77463,6455.25,1,606,1,1,0,0,1,petrol,hatchback,manual,maruti,great,karnataka,381399
8,78058,9757.25,1,552,0,1,0,0,1,petrol,sedan,manual,maruti,great,karnataka,443799
8,73269,9158.625,3,738,1,1,0,0,1,diesel,hatchback,manual,hyundai,great,karnataka,433499
3,31071,10357.0,1,1247,1,1,0,0,1,diesel,suv,manual,maruti,great,karnataka,888699
3,34000,11333.333333333334,1,2157,1,1,0,0,1,petrol,sedan,automatic,hyundai,great,karnataka,1047368
10,102352,10235.2,1,1652,1,1,0,0,1,petrol,hatchback,manual,maruti,great,karnataka,195099
10,94359,9435.9,1,246,1,1,0,0,1,petrol,hatchback,manual,maruti,good,karnataka,313699
4,71208,17802.0,1,1795,1,1,0,0,1,diesel,suv,unknown,hyundai,great,karnataka,1180688
6,66961,11160.166666666666,1,2909,0,1,0,0,1,diesel,luxury suv,automatic,hyundai,great,karnataka,1538430
7,86798,12399.714285714286,1,591,1,1,0,0,1,petrol,hatchback,manual,maruti,great,karnataka,367999
6,77606,12934.333333333334,1,371,1,1,0,0,1,petrol,hatchback,manual,hyundai,great,karnataka,483299
2,5652,2826.0,1,1319,1,1,0,0,1,diesel,suv,manual,mahindra,great,karnataka,1031208
6,65102,10850.333333333334,2,858,1,1,0,0,1,petrol,sedan,manual,honda,great,karnataka,624699
11,89162,8105.636363636364,1,1494,1,1,0,0,1,petrol,sedan,automatic,volkswagen,great,karnataka,406799
10,91825,9182.5,1,402,1,1,0,0,1,diesel,sedan,manual,maruti,good,karnataka,422799
13,104288,8022.153846153846,2,292,1,1,0,0,1,petrol,hatchback,manual,hyundai,good,karnataka,253099
6,81374,13562.333333333334,1,579,1,1,0,0,1,petrol,hatchback,manual,hyundai,great,karnataka,580199
11,89736,8157.818181818182,2,621,1,1,0,0,1,petrol,hatchback,manual,maruti,great,karnataka,221599
7,78875,11267.857142857143,1,1342,1,1,0,0,1,diesel,hatchback,manual,fiat,great,karnataka,388299
12,68496,5708.0,2,2759,1,1,0,0,1,diesel,suv,manual,toyota,great,karnataka,713999
9,83637,9293.0,1,487,0,1,0,0,1,petrol,hatchback,manual,maruti,great,karnataka,430499
7,78401,11200.142857142857,2,534,1,1,0,0,1,petrol,sedan,manual,hyundai,great,karnataka,455499
11,106323,9665.727272727272,2,619,0,1,0,0,1,petrol,hatchback,manual,maruti,great,karnataka,328599
8,98614,12326.75,1,348,1,1,0,0,1,petrol,luxury sedan,automatic,hyundai,great,karnataka,592499
7,82997,11856.714285714286,2,1162,1,1,0,0,1,petrol,hatchback,manual,hyundai,great,karnataka,477599
6,72459,12076.5,2,383,0,1,0,0,1,petrol,hatchback,manual,hyundai,great,karnataka,430899
8,73656,9207.0,1,1985,1,1,0,0,1,diesel,luxury suv,manual,mahindra,great,karnataka,800299
7,87454,12493.42857142857,2,676,0,1,0,0,1,diesel,sedan,manual,maruti,great,karnataka,539099
11,91409,8309.90909090909,1,1083,1,1,0,0,1,diesel,hatchback,manual,hyundai,good,karnataka,345699
11,97299,8845.363636363636,1,335,1,1,0,0,1,petrol,hatchback,manual,hyundai,great,karnataka,304699
10,137461,13746.1,1,1958,1,1,0,0,1,petrol,sedan,manual,maruti,great,karnataka,291199
7,75129,10732.714285714286,1,666,0,1,0,0,1,diesel,sedan,manual,maruti,great,karnataka,489699
9,97067,10785.222222222223,1,390,0,1,0,0,1,diesel,sedan,manual,maruti,great,karnataka,499199
9,98650,10961.111111111111,2,954,1,1,0,0,1,diesel,hatchback,manual,maruti,great,karnataka,412799
6,41688,6948.0,1,1356,0,1,0,0,1,diesel,luxury suv,manual,mahindra,great,karnataka,955399
10,103268,10326.8,2,791,1,1,0,0,1,diesel,hatchback,manual,maruti,great,karnataka,396099
6,34172,5695.333333333333,1,1597,1,1,0,0,1,diesel,luxury suv,manual,mahindra,great,karnataka,1112210
12,147270,12272.5,1,611,1,1,0,0,1,petrol,sedan,manual,maruti,good,karnataka,345699
8,92412,11551.5,1,623,1,1,0,0,1,petrol,hatchback,manual,maruti,great,karnataka,432399
9,93262,10362.444444444445,1,847,1,1,0,0,1,diesel,suv,manual,toyota,great,delhi,516999
9,104404,11600.444444444445,2,2178,1,1,0,0,1,diesel,luxury sedan,automatic,skoda,great,karnataka,540099
9,112264,12473.777777777777,1,711,1,1,0,1,1,diesel,hatchback,manual,maruti,great,karnataka,344399
8,115055,14381.875,2,391,1,1,0,0,1,petrol,hatchback,manual,maruti,great,karnataka,308799
9,78206,8689.555555555555,2,630,1,1,0,0,1,petrol,hatchback,manual,chevrolet,good,karnataka,201699
5,76930,15386.0,2,1886,1,1,0,0,1,diesel,luxury suv,manual,mahindra,great,karnataka,947899
7,60304,8614.857142857143,2,1761,0,1,0,0,1,diesel,suv,manual,toyota,great,karnataka,1468336
12,142543,11878.583333333334,1,1860,1,1,0,0,1,petrol,sedan,manual,honda,great,karnataka,314199
11,114547,10413.363636363636,1,572,1,1,0,0,1,petrol,hatchback,manual,hyundai,great,karnataka,346599
5,77962,15592.4,1,804,1,1,0,1,1,petrol,hatchback,manual,maruti,great,karnataka,487999
5,109225,21845.0,1,1204,1,1,0,0,1,diesel,luxury suv,manual,mahindra,great,karnataka,895799
11,103131,9375.545454545454,2,666,0,1,0,0,1,petrol,hatchback,manual,hyundai,good,karnataka,389999
14,126399,9028.5,1,441,1,1,0,0,1,petrol,hatchback,manual,hyundai,great,karnataka,210699
11,128489,11680.818181818182,1,443,1,1,0,0,1,diesel,hatchback,manual,ford,good,karnataka,304599
11,84284,7662.181818181818,1,189,1,1,0,0,1,diesel,suv,manual,toyota,great,karnataka,752899
3,73455,24485.0,1,82,0,1,0,0,1,petrol,hatchback,manual,maruti,great,karnataka,575699
12,150758,12563.166666666666,1,2952,0,1,0,0,1,diesel,hatchback,manual,tata,great,karnataka,181299
6,80931,13488.5,2,1579,0,1,0,0,1,petrol,suv,manual,maruti,good,karnataka,272099
6,90272,15045.333333333334,1,681,0,1,0,0,1,petrol,hatchback,manual,volkswagen,great,karnataka,519699
13,118781,9137.0,2,1424,1,1,0,0,1,diesel,suv,manual,toyota,great,karnataka,543699
12,143765,11980.416666666666,2,1247,1,1,0,0,1,diesel,suv,manual,toyota,great,karnataka,705199
13,127994,9845.692307692309,1,871,0,1,0,0,0,petrol & lpg,hatchback,manual,maruti,great,karnataka,208899
13,124921,9609.307692307691,2,1132,1,1,0,0,1,diesel,hatchback,manual,maruti,great,karnataka,269299
8,113856,14232.0,2,795,1,1,0,0,1,petrol,sedan,manual,volkswagen,great,karnataka,413499
8,107100,13387.5,2,264,1,1,0,0,1,petrol,hatchback,manual,maruti,good,karnataka,274699
9,115096,12788.444444444445,1,572,1,1,0,0,1,petrol,sedan,manual,maruti,great,karnataka,401799
9,119930,13325.555555555555,2,434,1,1,0,0,1,petrol,hatchback,manual,maruti,great,karnataka,405699
12,194924,16243.666666666666,2,1922,1,1,0,0,1,diesel,hatchback,manual,maruti,great,karnataka,238399
9,83486,9276.222222222223,2,2390,1,1,0,0,1,diesel,luxury sedan,manual,mercedes benz,great,karnataka,1192909
9,95484,10609.333333333334,2,1553,1,1,0,0,1,diesel,hatchback,manual,tata,good,karnataka,305299
8,141347,17668.375,1,1546,0,1,0,0,1,diesel,suv,manual,renault,great,karnataka,542699
10,98931,9893.1,2,115,0,1,0,0,1,petrol,hatchback,manual,maruti,good,karnataka,404699
10,138398,13839.8,2,721,1,1,0,0,1,petrol,hatchback,manual,hyundai,great,karnataka,343699
9,130343,14482.555555555555,1,341,0,1,0,0,1,diesel,sedan,manual,maruti,great,karnataka,531899
6,157108,26184.666666666668,1,664,1,1,0,0,1,petrol,hatchback,manual,maruti,great,karnataka,509399
5,123507,24701.4,1,508,0,1,0,0,1,petrol,hatchback,manual,maruti,great,karnataka,497999
8,117275,14659.375,1,580,1,1,0,0,1,petrol,hatchback,manual,maruti,great,karnataka,236999
8,160483,20060.375,2,1116,1,1,0,0,1,petrol,sedan,manual,hyundai,great,karnataka,478799
7,99272,14181.714285714286,2,1130,1,1,0,0,1,diesel,luxury suv,manual,mahindra,great,karnataka,811399
7,110838,15834.0,1,723,1,1,0,0,1,diesel,sedan,manual,maruti,great,karnataka,459699
9,128797,14310.777777777777,2,1731,1,1,0,0,1,diesel,suv,manual,toyota,great,karnataka,1053832
6,129011,21501.833333333332,2,1650,1,1,0,0,1,diesel,suv,manual,maruti,great,karnataka,680999
5,130303,26060.6,1,1544,1,1,0,1,1,diesel,suv,automatic,renault,great,karnataka,693299
7,26357,3765.285714285714,1,7624,0,1,0,0,1,petrol,hatchback,manual,tata,good,karnataka,180799
8,38167,4770.875,1,5444,1,1,1,0,1,petrol,hatchback,manual,maruti,great,karnataka,333099
7,28483,4069.0,1,1868,1,1,0,0,1,petrol,sedan,manual,hyundai,great,karnataka,457999
5,10478,2095.6,1,1813,0,1,0,0,1,petrol,hatchback,manual,maruti,great,karnataka,294499
8,32429,4053.625,2,964,1,1,0,0,1,petrol,sedan,unknown,nissan,great,karnataka,497099
7,32986,4712.285714285715,1,1189,1,1,0,0,1,petrol,hatchback,manual,hyundai,great,karnataka,525799
5,9893,1978.6,1,765,0,1,0,0,1,petrol,hatchback,manual,maruti,great,karnataka,366499
7,21287,3041.0,1,705,0,1,0,0,1,petrol,hatchback,manual,hyundai,great,karnataka,384799
7,34394,4913.428571428572,1,1017,1,1,0,0,1,petrol,hatchback,manual,tata,great,karnataka,176899
5,19682,3936.4,1,832,1,1,0,0,1,petrol,hatchback,unknown,renault,great,karnataka,369099
8,14350,1793.75,1,422,1,1,0,0,1,petrol,hatchback,manual,hyundai,great,karnataka,423299
8,48229,6028.625,2,8458,1,1,0,0,1,diesel,hatchback,manual,ford,great,karnataka,302299
7,23271,3324.4285714285716,1,815,1,1,0,0,1,petrol,hatchback,manual,hyundai,great,karnataka,397299
5,19484,3896.8,1,410,1,1,0,0,1,petrol,hatchback,manual,hyundai,great,karnataka,340799
7,24444,3492.0,2,233,1,1,0,0,1,petrol,hatchback,manual,hyundai,good,karnataka,306099
1,2151,2151.0,1,301,1,1,0,0,1,petrol,suv,unknown,renault,great,karnataka,726799
6,33947,5657.833333333333,2,6806,1,1,0,0,1,petrol,sedan,manual,toyota,great,karnataka,458799
10,17001,1700.1,1,719,1,1,0,0,1,petrol,hatchback,manual,maruti,good,karnataka,289899
8,34019,4252.375,1,491,1,1,0,0,1,petrol,hatchback,manual,hyundai,great,karnataka,372299
9,7044,782.6666666666666,2,604,1,1,0,0,1,petrol,hatchback,manual,maruti,great,karnataka,259399
6,12427,2071.1666666666665,1,1064,1,1,0,0,1,petrol,hatchback,manual,renault,great,karnataka,343499
11,66102,6009.272727272727,2,397,1,1,0,0,1,petrol,hatchback,manual,maruti,great,karnataka,334799
6,32836,5472.666666666667,1,599,1,1,0,0,1,petrol,hatchback,manual,hyundai,great,karnataka,473099
6,30606,5101.0,1,594,1,1,0,0,1,petrol,hatchback,manual,maruti,great,karnataka,572799
6,11798,1966.3333333333333,1,831,1,1,0,0,1,petrol,hatchback,manual,hyundai,great,karnataka,486999
9,34162,3795.777777777778,1,408,0,1,0,0,1,petrol,hatchback,manual,hyundai,great,karnataka,340899
7,37253,5321.857142857143,1,304,1,1,0,0,1,petrol,hatchback,manual,maruti,great,karnataka,410599
10,24700,2470.0,2,1494,1,1,0,0,1,petrol,hatchback,manual,hyundai,great,karnataka,403899
10,33609,3360.9,1,599,0,1,0,0,1,petrol,hatchback,manual,toyota,good,karnataka,416899
5,34733,6946.6,2,442,1,1,0,0,1,petrol,suv,manual,maruti,great,karnataka,390799
7,24024,3432.0,3,342,1,1,0,0,1,petrol,hatchback,manual,hyundai,good,karnataka,327499
3,6319,2106.3333333333335,1,1066,1,1,0,0,1,petrol,sedan,manual,tata,great,karnataka,605499
6,26447,4407.833333333333,1,684,1,1,0,0,1,petrol,hatchback,manual,maruti,great,karnataka,551099
9,51798,5755.333333333333,2,490,0,1,0,0,1,petrol,hatchback,manual,hyundai,great,karnataka,363799
9,59439,6604.333333333333,3,921,0,1,0,0,1,petrol,hatchback,manual,ford,great,karnataka,297699
11,46077,4188.818181818182,1,284,1,1,0,0,1,petrol,hatchback,manual,hyundai,great,karnataka,356299
10,23688,2368.8,2,477,0,1,0,0,1,petrol,hatchback,manual,maruti,great,karnataka,345599
5,5063,1012.6,1,115,1,1,0,0,1,petrol,hatchback,automatic,tata,good,karnataka,276099
8,33334,4166.75,1,492,1,1,0,0,1,petrol,hatchback,manual,maruti,great,karnataka,278899
9,67714,7523.777777777777,1,1467,1,1,0,0,1,petrol,hatchback,manual,hyundai,great,karnataka,258499
4,26136,6534.0,1,1634,1,1,0,0,1,petrol,suv,manual,honda,great,karnataka,750499
4,17259,4314.75,1,1501,1,1,0,0,1,petrol,suv,automatic,hyundai,great,karnataka,1174426
3,17306,5768.666666666667,1,734,1,1,0,0,1,petrol,hatchback,automatic,maruti,great,karnataka,795399
7,49713,7101.857142857143,1,1116,1,1,0,0,1,petrol,sedan,manual,hyundai,great,karnataka,572699
4,25199,6299.75,1,555,1,1,0,0,1,petrol,hatchback,unknown,maruti,great,karnataka,363599
5,38561,7712.2,2,257,1,1,0,0,1,petrol,hatchback,manual,hyundai,great,karnataka,482999
5,31393,6278.6,1,466,1,1,0,0,1,petrol,hatchback,manual,maruti,great,karnataka,355099
7,43623,6231.857142857143,1,2070,1,1,0,0,1,petrol,hatchback,manual,hyundai,great,karnataka,498399
2,13482,6741.0,1,1626,0,1,0,0,1,petrol,unknown,unknown,maruti,great,karnataka,484899
11,43093,3917.5454545454545,1,801,1,1,0,0,1,petrol,hatchback,manual,maruti,great,karnataka,381399
5,30212,6042.4,1,688,1,1,0,0,1,petrol,hatchback,manual,hyundai,great,karnataka,421599
10,42935,4293.5,2,469,0,1,0,0,1,petrol,hatchback,manual,maruti,good,karnataka,242699
6,21156,3526.0,1,1156,1,1,0,0,1,petrol,hatchback,manual,maruti,great,karnataka,563799
3,19093,6364.333333333333,2,532,1,1,0,0,1,petrol,hatchback,unknown,renault,great,karnataka,427199
6,8664,1444.0,1,1049,0,1,0,0,1,petrol,hatchback,manual,tata,great,karnataka,209899
11,52160,4741.818181818182,1,346,0,1,0,0,1,petrol,hatchback,manual,maruti,great,karnataka,296499
10,97999,9799.9,1,801,1,1,0,0,1,petrol,sedan,manual,honda,great,karnataka,446299
11,52027,4729.727272727273,1,316,1,1,0,0,1,petrol,hatchback,manual,hyundai,great,karnataka,327899
7,34233,4890.428571428572,1,291,1,1,0,0,1,petrol,sedan,manual,hyundai,great,karnataka,505599
5,34081,6816.2,1,383,1,1,0,0,1,petrol,hatchback,manual,maruti,great,karnataka,329299
5,33834,6766.8,1,572,0,1,0,0,1,diesel,hatchback,manual,maruti,great,karnataka,615999
4,7688,1922.0,1,329,1,1,0,0,1,petrol,hatchback,unknown,renault,great,karnataka,458499
12,37025,3085.4166666666665,3,475,1,1,0,0,1,petrol,hatchback,manual,hyundai,great,karnataka,287999
5,19581,3916.2,1,530,1,1,0,0,1,petrol,hatchback,manual,hyundai,great,karnataka,650499
1,5975,5975.0,1,2547,1,1,0,0,1,petrol,hatchback,manual,maruti,great,karnataka,742299
9,58683,6520.333333333333,1,323,1,1,0,0,1,petrol,hatchback,manual,maruti,great,karnataka,295699
7,28276,4039.4285714285716,2,192,1,1,0,0,1,petrol,hatchback,manual,hyundai,great,karnataka,497299
6,40878,6813.0,2,300,0,1,0,0,1,petrol,hatchback,manual,hyundai,great,karnataka,633399
8,107116,13389.5,2,349,0,1,0,0,1,diesel,sedan,manual,maruti,great,karnataka,463899
6,63035,10505.833333333334,1,1134,1,1,0,0,1,diesel,hatchback,manual,maruti,great,karnataka,576399
4,31833,7958.25,1,469,1,1,0,0,1,petrol,hatchback,manual,maruti,great,karnataka,623299
3,26739,8913.0,2,785,1,1,0,0,1,petrol,hatchback,unknown,datsun,great,karnataka,359799
6,41680,6946.666666666667,1,2265,1,1,0,0,1,electric,hatchback,manual,mahindra,great,karnataka,304199
7,42772,6110.285714285715,1,442,1,1,0,0,1,petrol,sedan,manual,maruti,great,karnataka,528499
7,46178,6596.857142857143,1,818,0,1,0,0,1,petrol,hatchback,manual,hyundai,great,karnataka,318399
6,39157,6526.166666666667,1,80,0,1,0,0,1,petrol,hatchback,automatic,tata,good,karnataka,262199
11,67106,6100.545454545455,2,659,1,1,0,0,1,petrol,sedan,manual,honda,great,karnataka,427999
2,24929,12464.5,1,977,1,1,0,0,1,petrol,unknown,unknown,maruti,great,karnataka,516199
7,79961,11423.0,1,429,1,1,0,0,1,diesel,sedan,automatic,hyundai,great,karnataka,649899
3,15127,5042.333333333333,1,826,0,1,0,0,1,diesel,sedan,unknown,honda,great,karnataka,791799
8,78085,9760.625,2,1249,1,1,0,0,1,diesel,suv,manual,ford,great,karnataka,612399
11,41586,3780.5454545454545,1,1810,1,1,0,0,1,petrol,hatchback,manual,chevrolet,good,karnataka,243199
8,56566,7070.75,1,411,1,1,0,0,1,petrol,hatchback,manual,maruti,great,karnataka,466899
9,108611,12067.888888888889,1,288,0,1,0,0,1,petrol,hatchback,manual,hyundai,great,karnataka,359199
5,22224,4444.8,1,2307,1,1,0,0,1,diesel,suv,manual,mahindra,great,karnataka,794799
12,82548,6879.0,2,436,1,1,0,0,1,petrol,hatchback,manual,hyundai,great,karnataka,320699
7,51284,7326.285714285715,1,278,1,1,0,0,1,petrol,hatchback,manual,hyundai,great,karnataka,368299
4,35956,8989.0,2,360,1,1,0,0,1,petrol,hatchback,manual,hyundai,great,karnataka,512799
13,85451,6573.153846153846,1,669,1,1,0,0,1,petrol,sedan,manual,maruti,good,karnataka,318399
13,62730,4825.384615384615,3,336,0,1,0,0,1,petrol,hatchback,manual,hyundai,great,karnataka,259599
7,54694,7813.428571428572,1,518,1,1,0,0,1,petrol,sedan,manual,hyundai,great,karnataka,477599
7,68796,9828.0,2,351,1,1,0,0,1,petrol,sedan,manual,maruti,great,karnataka,503199
9,102509,11389.888888888889,1,405,1,1,0,0,1,diesel,sedan,manual,maruti,great,karnataka,502399
8,47077,5884.625,1,286,0,1,0,0,1,petrol,hatchback,manual,maruti,good,karnataka,293899
11,127516,11592.363636363636,2,479,0,1,0,0,1,petrol,hatchback,manual,maruti,great,karnataka,209899
6,43825,7304.166666666667,2,295,1,1,0,0,1,petrol,hatchback,manual,hyundai,good,karnataka,317499
12,58231,4852.583333333333,2,1020,1,1,0,0,1,petrol,hatchback,automatic,hyundai,great,karnataka,250299
9,70204,7800.444444444444,1,931,1,1,0,0,1,diesel,hatchback,manual,ford,great,karnataka,309299
6,54713,9118.833333333334,1,1277,0,1,0,0,1,diesel,suv,manual,renault,great,karnataka,689899
12,70598,5883.166666666667,1,519,1,1,0,0,1,petrol,hatchback,manual,maruti,great,karnataka,234199
3,24962,8320.666666666666,2,2910,1,1,0,0,1,diesel,suv,automatic,tata,great,karnataka,1445510
3,35547,11849.0,1,1007,0,1,0,0,1,diesel,suv,unknown,maruti,great,karnataka,888599
3,23055,7685.0,1,1815,1,1,0,0,1,diesel,hatchback,automatic,maruti,great,karnataka,758999
4,37166,9291.5,1,709,1,1,0,0,1,petrol,hatchback,automatic,maruti,great,karnataka,634699
13,10036,772.0,1,472,1,1,0,0,1,petrol,hatchback,manual,hyundai,great,karnataka,303599
11,73792,6708.363636363636,3,589,1,1,0,0,1,petrol & lpg,hatchback,manual,hyundai,great,karnataka,238599
10,98592,9859.2,1,800,1,1,0,0,1,petrol,hatchback,manual,hyundai,great,karnataka,357499
11,91316,8301.454545454546,1,570,1,1,0,0,1,petrol,hatchback,manual,hyundai,great,karnataka,324799
13,63300,4869.2307692307695,2,1070,1,1,0,0,1,petrol,sedan,manual,hyundai,good,karnataka,276399
3,11385,3795.0,2,1318,1,1,0,0,1,petrol,hatchback,manual,hyundai,great,karnataka,706199
4,25418,6354.5,1,2848,1,1,0,0,1,diesel,suv,manual,mahindra,great,karnataka,823899
5,55352,11070.4,1,652,1,1,0,0,1,diesel,hatchback,manual,hyundai,great,karnataka,716699
10,81592,8159.2,2,276,0,1,0,0,1,petrol,hatchback,manual,hyundai,great,karnataka,355899
4,50808,12702.0,1,746,0,1,0,0,1,petrol,suv,manual,maruti,great,karnataka,370899
6,93281,15546.833333333334,1,3206,1,1,0,0,1,diesel,luxury sedan,automatic,skoda,great,karnataka,1110089
4,37316,9329.0,1,1872,0,1,0,0,1,diesel,hatchback,manual,hyundai,great,karnataka,740599
6,58605,9767.5,1,548,1,1,0,0,1,diesel,suv,manual,maruti,great,karnataka,764199
8,98270,12283.75,1,1732,1,1,0,0,1,diesel,suv,manual,maruti,great,karnataka,562799
5,64613,12922.6,2,864,0,1,0,0,1,petrol,hatchback,automatic,volkswagen,great,karnataka,640799
6,64770,10795.0,2,977,1,1,0,0,1,petrol,sedan,manual,hyundai,great,karnataka,599199
4,45023,11255.75,1,323,1,1,0,0,1,petrol,hatchback,manual,hyundai,great,karnataka,702799
2,10683,5341.5,1,1702,1,1,0,0,1,petrol,suv,unknown,hyundai,great,karnataka,1075850
11,76606,6964.181818181818,1,313,1,1,0,0,1,petrol,hatchback,manual,maruti,good,karnataka,254899
8,69878,8734.75,1,407,1,1,0,0,1,petrol,hatchback,manual,maruti,great,karnataka,403699
8,74517,9314.625,2,1547,1,1,0,0,1,petrol,suv,manual,chevrolet,great,karnataka,342599
2,37057,18528.5,2,2753,1,1,0,0,1,petrol,suv,unknown,renault,great,karnataka,603399
6,86000,14333.333333333334,3,817,1,1,0,0,1,petrol,hatchback,manual,hyundai,great,karnataka,314599
2,11297,5648.5,1,843,1,1,0,0,1,diesel,suv,automatic,maruti,great,karnataka,1050600
10,77395,7739.5,2,351,0,1,0,0,1,petrol,hatchback,manual,maruti,good,karnataka,254499
5,71519,14303.8,1,469,1,1,0,0,1,petrol,hatchback,unknown,maruti,great,karnataka,597799
13,75799,5830.692307692308,1,858,1,1,0,0,1,diesel,hatchback,manual,maruti,great,karnataka,336399
11,84426,7675.090909090909,1,242,1,1,0,0,1,petrol,hatchback,manual,hyundai,great,karnataka,328999
13,64242,4941.692307692308,2,1603,1,1,0,0,1,diesel,suv,manual,toyota,great,karnataka,624899
3,34406,11468.666666666666,1,2385,1,1,0,0,1,diesel,suv,unknown,hyundai,great,karnataka,961399
11,98306,8936.90909090909,2,945,1,1,0,0,1,petrol,sedan,manual,honda,great,karnataka,401099
3,54652,18217.333333333332,1,940,1,1,0,0,1,diesel,sedan,unknown,honda,great,karnataka,735599
6,111252,18542.0,1,252,1,1,0,0,1,petrol,hatchback,manual,maruti,great,karnataka,384499
6,68404,11400.666666666666,2,256,1,1,0,0,1,petrol,hatchback,manual,maruti,great,karnataka,388199
5,68918,13783.6,1,1026,1,1,0,0,1,diesel,sedan,automatic,skoda,great,karnataka,748899
9,86258,9584.222222222223,2,227,1,1,0,0,1,petrol,hatchback,automatic,hyundai,great,karnataka,385799
8,89822,11227.75,2,918,1,1,0,0,1,diesel,suv,manual,ford,great,karnataka,574599
7,75878,10839.714285714286,2,298,1,1,0,0,1,petrol,hatchback,automatic,maruti,great,karnataka,394399
11,122392,11126.545454545454,1,585,1,1,0,0,1,petrol,sedan,manual,honda,great,karnataka,380699
10,96296,9629.6,1,210,1,1,0,0,1,petrol,hatchback,manual,hyundai,great,karnataka,399299
8,82572,10321.5,2,1176,1,1,0,0,1,diesel,luxury suv,manual,mahindra,great,karnataka,783999
10,96353,9635.3,2,472,1,1,0,0,1,petrol,suv,manual,maruti,good,karnataka,298199
5,80315,16063.0,1,252,1,1,0,0,1,petrol,hatchback,manual,hyundai,great,karnataka,618899
6,86685,14447.5,2,1912,1,1,0,0,1,diesel,suv,manual,toyota,great,karnataka,1288354
7,82474,11782.0,1,708,1,1,0,0,1,petrol,hatchback,manual,maruti,great,karnataka,248299
9,121747,13527.444444444445,2,1361,1,1,0,0,1,diesel,sedan,manual,hyundai,great,karnataka,438899
13,120155,9242.692307692309,1,2982,1,1,0,0,1,petrol,hatchback,manual,maruti,great,karnataka,136999
3,92152,30717.333333333332,1,2315,1,1,0,0,1,diesel,suv,manual,mahindra,great,karnataka,796199
11,147768,13433.454545454546,1,639,1,1,0,0,1,diesel,hatchback,manual,maruti,great,karnataka,318499
9,218118,24235.333333333332,2,2678,1,1,0,0,1,diesel,sedan,manual,ford,good,karnataka,233499
5,123181,24636.2,1,1000,1,1,0,0,1,diesel,suv,manual,maruti,great,karnataka,685699
7,116056,16579.428571428572,1,572,1,1,0,0,1,diesel,hatchback,manual,maruti,great,karnataka,538299
6,132016,22002.666666666668,1,1474,1,1,0,0,1,petrol,suv,manual,ford,great,karnataka,583799
12,204298,17024.833333333332,2,984,1,1,0,0,1,diesel,suv,manual,toyota,great,karnataka,729499
12,184755,15396.25,3,884,1,1,0,0,1,diesel,suv,manual,toyota,great,karnataka,676099
4,128855,32213.75,1,1212,1,1,0,0,1,diesel,suv,manual,maruti,great,karnataka,749799
10,28016,2801.6,1,6533,1,1,1,0,1,petrol,hatchback,manual,hyundai,great,karnataka,197399
8,23047,2880.875,2,9996,0,1,1,0,1,petrol,hatchback,manual,tata,great,karnataka,129999
9,29225,3247.222222222222,1,3655,0,1,1,0,1,petrol,hatchback,manual,hyundai,great,karnataka,279199
1,4108,4108.0,1,1604,1,1,1,0,1,petrol,suv,manual,maruti,great,karnataka,419199
8,35165,4395.625,2,1098,1,1,1,0,1,petrol,hatchback,manual,maruti,great,karnataka,267699
5,10813,2162.6,1,1826,1,1,1,0,1,petrol,hatchback,automatic,hyundai,great,karnataka,550499
13,43520,3347.6923076923076,2,1650,0,1,1,0,1,petrol,hatchback,manual,hyundai,great,karnataka,198499
3,8996,2998.6666666666665,1,2647,1,1,1,0,1,petrol,hatchback,manual,tata,great,karnataka,531299
7,13455,1922.142857142857,2,1212,0,1,1,0,1,petrol,hatchback,manual,datsun,great,karnataka,234299
1,2496,2496.0,1,1845,1,1,1,0,1,petrol,hatchback,unknown,maruti,great,karnataka,359799
4,21863,5465.75,2,3128,1,1,1,0,1,petrol,hatchback,unknown,renault,great,karnataka,396999
10,24421,2442.1,2,2601,1,1,1,0,1,petrol,hatchback,manual,maruti,great,karnataka,287699
5,9495,1899.0,1,3258,1,1,1,0,1,petrol,hatchback,manual,renault,great,karnataka,302899
10,52088,5208.8,1,1024,1,1,1,0,1,petrol,hatchback,manual,toyota,great,karnataka,343299
2,12639,6319.5,1,1368,0,1,1,0,1,petrol,sedan,manual,toyota,great,karnataka,581299
0,60,60.0,1,2828,1,1,1,0,1,petrol,hatchback,manual,tata,great,karnataka,534999
7,40705,5815.0,1,2430,1,1,1,0,1,petrol,hatchback,manual,maruti,great,karnataka,365099
4,4110,1027.5,1,2185,1,1,1,0,1,petrol,unknown,unknown,maruti,great,karnataka,334099
8,34831,4353.875,2,2673,0,1,1,0,1,diesel,hatchback,manual,hyundai,great,karnataka,372099
1,8502,8502.0,1,3496,1,1,1,0,1,petrol,unknown,unknown,maruti,great,karnataka,576599
11,42663,3878.4545454545455,1,1919,0,1,1,0,1,petrol & lpg,hatchback,manual,chevrolet,good,karnataka,186099
9,16737,1859.6666666666667,2,4598,1,1,1,0,1,petrol,hatchback,unknown,tata,great,karnataka,122099
5,9146,1829.2,2,468,1,1,1,0,1,petrol,hatchback,automatic,maruti,great,karnataka,452099
6,22996,3832.6666666666665,1,4899,0,1,1,0,1,petrol,sedan,manual,hyundai,great,karnataka,650799
9,52636,5848.444444444444,1,2053,1,1,1,0,1,petrol,hatchback,manual,chevrolet,great,karnataka,257499
8,29482,3685.25,1,860,1,1,1,0,1,petrol,hatchback,manual,hyundai,great,karnataka,271199
8,37821,4727.625,1,2069,1,1,1,0,1,petrol,hatchback,manual,maruti,great,karnataka,267399
3,20552,6850.666666666667,1,1403,1,1,1,0,1,petrol & lpg,suv,unknown,maruti,great,karnataka,309599
1,4001,4001.0,1,1203,1,1,1,0,1,petrol,hatchback,unknown,maruti,great,karnataka,404399
4,10661,2665.25,1,1958,1,1,1,0,1,petrol,hatchback,manual,honda,great,karnataka,601299
5,30997,6199.4,1,2399,1,1,1,0,1,petrol,hatchback,manual,renault,great,karnataka,305999
7,37541,5363.0,1,1297,0,1,1,0,1,petrol,sedan,manual,maruti,great,karnataka,485999
12,26432,2202.6666666666665,1,1287,0,1,1,0,1,petrol,hatchback,manual,maruti,great,karnataka,220299
11,48772,4433.818181818182,3,924,0,1,1,0,1,petrol,hatchback,manual,maruti,great,karnataka,208199
7,10441,1491.5714285714287,1,3306,0,1,1,0,1,petrol,hatchback,manual,hyundai,great,karnataka,512499
2,13484,6742.0,1,1888,0,1,1,0,1,petrol,hatchback,unknown,renault,great,karnataka,398099
10,59498,5949.8,1,1735,0,1,1,0,1,petrol,hatchback,manual,ford,great,karnataka,291599
4,29343,7335.75,1,1359,1,1,1,0,1,petrol,hatchback,manual,honda,great,karnataka,591999
2,10412,5206.0,1,1395,1,1,1,0,1,petrol,hatchback,manual,maruti,great,karnataka,476499
3,33823,11274.333333333334,1,1614,1,1,1,0,1,petrol,hatchback,unknown,renault,great,karnataka,405299
8,42474,5309.25,1,253,1,1,1,0,1,diesel,hatchback,manual,ford,great,karnataka,368399
10,54590,5459.0,1,896,1,1,1,0,1,petrol,sedan,manual,toyota,great,karnataka,393199
2,8721,4360.5,1,1971,1,1,1,0,1,petrol,hatchback,manual,maruti,great,karnataka,660999
4,15912,3978.0,1,1517,1,1,1,0,1,petrol,hatchback,manual,hyundai,great,karnataka,483199
3,24289,8096.333333333333,1,2518,1,1,1,0,1,petrol,hatchback,unknown,maruti,great,karnataka,638899
6,25667,4277.833333333333,1,3080,0,1,1,0,1,petrol,hatchback,manual,tata,great,karnataka,343299
8,53501,6687.625,1,5133,1,1,1,0,1,diesel,suv,manual,mahindra,great,karnataka,397999
3,22088,7362.666666666667,1,988,0,1,1,0,1,petrol,hatchback,manual,tata,great,karnataka,530599
7,21026,3003.714285714286,1,1254,1,1,1,0,1,petrol,hatchback,manual,maruti,great,karnataka,540799
1,862,862.0,1,3325,1,1,1,0,1,petrol,hatchback,unknown,toyota,great,karnataka,893299
3,41383,13794.333333333334,1,1083,1,1,1,1,1,petrol,hatchback,manual,maruti,great,karnataka,404499
6,45210,7535.0,3,580,0,1,1,0,1,petrol,hatchback,automatic,tata,great,karnataka,210599
10,53218,5321.8,1,6522,1,1,1,0,1,diesel,suv,manual,mahindra,great,karnataka,540399
7,55172,7881.714285714285,1,865,0,1,1,0,1,petrol,hatchback,manual,maruti,great,karnataka,494899
5,32084,6416.8,2,1937,1,1,1,0,1,petrol,sedan,manual,honda,great,karnataka,637099
4,27457,6864.25,1,3338,1,1,1,0,1,diesel,suv,manual,maruti,great,delhi,644599
2,10350,5175.0,1,3823,1,1,1,0,1,petrol,hatchback,manual,maruti,great,karnataka,544199
3,1943,647.6666666666666,1,3143,1,1,1,0,1,petrol,hatchback,unknown,volkswagen,great,karnataka,560799
2,4538,2269.0,1,912,0,1,1,0,1,petrol,unknown,unknown,hyundai,great,karnataka,566999
7,64595,9227.857142857143,1,686,1,1,1,0,1,petrol,sedan,manual,hyundai,great,karnataka,561199
6,32531,5421.833333333333,1,960,1,1,1,0,1,petrol,hatchback,manual,hyundai,great,karnataka,488399
4,5258,1314.5,2,720,1,1,1,0,1,petrol,hatchback,manual,maruti,great,karnataka,630699
5,9251,1850.2,1,862,1,1,1,0,1,petrol,hatchback,automatic,tata,good,karnataka,264399
9,59779,6642.111111111111,2,2053,0,1,1,0,1,petrol,hatchback,manual,ford,great,karnataka,331399
6,43203,7200.5,3,1390,0,1,1,0,1,petrol,sedan,manual,maruti,great,karnataka,433099
9,38309,4256.555555555556,1,1986,1,1,1,0,1,petrol,sedan,manual,honda,great,karnataka,511699
11,53440,4858.181818181818,1,1190,1,1,1,0,1,petrol,hatchback,manual,ford,good,karnataka,303799
5,34441,6888.2,1,868,1,1,1,0,1,petrol,sedan,manual,maruti,great,karnataka,647599
5,60212,12042.4,2,2611,0,1,1,0,1,petrol,luxury sedan,automatic,toyota,great,karnataka,979899
5,34642,6928.4,1,2511,0,1,1,0,1,diesel,hatchback,manual,volkswagen,great,karnataka,639299
7,47469,6781.285714285715,1,858,1,1,1,0,1,petrol,hatchback,manual,maruti,great,karnataka,510799
4,18822,4705.5,1,1280,1,1,1,0,1,petrol,hatchback,manual,maruti,great,karnataka,597399
3,11201,3733.6666666666665,1,151,0,1,1,0,1,petrol,hatchback,unknown,tata,great,karnataka,563999
9,53321,5924.555555555556,1,1986,1,1,1,0,1,petrol,sedan,manual,honda,great,karnataka,523699
2,20413,10206.5,1,1158,1,1,1,0,1,diesel,hatchback,manual,maruti,great,karnataka,928599
6,51020,8503.333333333334,1,550,1,1,1,0,1,petrol,sedan,manual,honda,great,karnataka,727999
3,17773,5924.333333333333,1,2758,0,1,1,0,1,diesel,suv,unknown,mahindra,great,karnataka,660099
1,16594,16594.0,1,3204,1,1,1,0,1,diesel,unknown,unknown,mahindra,great,karnataka,1262296
9,31349,3483.222222222222,1,2274,0,1,1,0,1,diesel,sedan,manual,skoda,good,karnataka,474599
10,68541,6854.1,2,1522,1,1,1,0,1,petrol,sedan,manual,hyundai,great,karnataka,487499
6,37447,6241.166666666667,1,1535,1,1,1,0,1,diesel,suv,manual,maruti,great,karnataka,787599
2,8946,4473.0,1,2059,0,1,1,0,1,petrol,hatchback,unknown,tata,great,karnataka,605899
10,102067,10206.7,2,3609,1,1,1,0,1,diesel,suv,manual,mahindra,great,karnataka,434299
6,50651,8441.833333333334,2,1508,0,1,1,0,1,diesel,sedan,manual,volkswagen,great,karnataka,577799
6,48411,8068.5,1,1963,1,1,1,0,1,diesel,suv,manual,ford,great,karnataka,713499
9,92929,10325.444444444445,2,796,0,1,1,0,1,petrol,hatchback,manual,hyundai,great,karnataka,279299
12,28981,2415.0833333333335,1,701,0,1,1,0,1,petrol,hatchback,manual,maruti,great,karnataka,232699
11,71886,6535.090909090909,3,1473,1,1,1,0,1,petrol,hatchback,manual,ford,great,karnataka,229799
11,62284,5662.181818181818,1,105,1,1,1,0,1,petrol,hatchback,manual,honda,good,karnataka,326699
2,2795,1397.5,1,1333,1,1,1,0,1,petrol,unknown,unknown,mg,great,karnataka,1716899
2,5175,2587.5,1,450,1,1,1,0,1,diesel,suv,unknown,tata,great,karnataka,860699
4,63366,15841.5,1,1863,1,1,1,0,1,diesel,luxury suv,automatic,mahindra,great,karnataka,1322599
2,12194,6097.0,2,1398,1,1,1,0,1,petrol,hatchback,manual,hyundai,great,karnataka,760599
3,12750,4250.0,1,1243,1,1,1,0,1,petrol,hatchback,automatic,maruti,great,karnataka,822799
3,16565,5521.666666666667,1,1041,1,1,1,0,1,diesel,suv,manual,maruti,great,karnataka,835399
5,37032,7406.4,1,1053,1,1,1,0,1,diesel,suv,automatic,renault,great,karnataka,855799
9,94180,10464.444444444445,1,2231,1,1,1,0,1,diesel,sedan,manual,hyundai,great,karnataka,480099
6,22558,3759.6666666666665,1,1154,0,1,1,0,1,diesel,suv,manual,renault,great,karnataka,731799
2,1424,712.0,1,5100,1,1,1,0,1,petrol,suv,manual,tata,great,karnataka,810499
3,19301,6433.666666666667,1,354,0,1,1,0,1,diesel,sedan,manual,maruti,great,karnataka,714599
7,58378,8339.714285714286,2,2137,1,1,1,0,1,petrol,suv,manual,maruti,great,karnataka,511199
5,29947,5989.4,1,882,0,1,1,0,1,petrol,hatchback,manual,volkswagen,great,karnataka,723299
2,5211,2605.5,1,1260,1,1,1,0,1,petrol,hatchback,manual,hyundai,great,karnataka,775899
6,60330,10055.0,1,1623,1,1,1,0,1,diesel,hatchback,manual,volkswagen,great,karnataka,589299
5,48538,9707.6,1,1149,0,1,1,0,1,diesel,hatchback,manual,volkswagen,great,karnataka,735299
9,84840,9426.666666666666,3,1835,0,1,1,0,1,diesel,sedan,manual,volkswagen,great,karnataka,362599
5,49903,9980.6,1,1160,1,1,1,0,1,petrol,suv,manual,maruti,great,karnataka,710199
5,23293,4658.6,1,1269,0,1,1,0,1,diesel,suv,automatic,renault,great,karnataka,819799
10,84567,8456.7,1,682,0,1,1,0,1,petrol,sedan,manual,honda,great,karnataka,411399
11,97059,8823.545454545454,2,858,1,1,1,0,1,petrol,hatchback,manual,hyundai,great,karnataka,313399
14,118121,8437.214285714286,1,2963,0,1,1,0,1,petrol,hatchback,manual,maruti,great,karnataka,138499
11,80771,7342.818181818182,3,851,1,1,1,0,1,petrol,hatchback,manual,nissan,great,karnataka,256399
6,41249,6874.833333333333,1,1078,1,1,1,0,1,petrol,sedan,manual,honda,great,karnataka,768599
4,23384,5846.0,1,224,1,1,1,0,1,petrol,suv,automatic,renault,great,karnataka,818699
12,98364,8197.0,2,851,0,1,1,0,1,petrol,hatchback,manual,hyundai,great,karnataka,228599
3,9831,3277.0,1,1928,0,1,1,0,1,petrol,sedan,manual,honda,great,karnataka,872599
8,73366,9170.75,1,1457,0,1,1,0,1,diesel,sedan,manual,skoda,great,karnataka,463099
5,61191,12238.2,2,768,1,1,1,0,1,petrol,hatchback,manual,maruti,great,karnataka,446799
9,77208,8578.666666666666,1,923,1,1,1,0,1,diesel,hatchback,manual,volkswagen,great,karnataka,404199
2,37231,18615.5,1,1057,1,1,1,0,1,petrol,hatchback,manual,maruti,great,karnataka,621699
3,33834,11278.0,1,1996,1,1,1,0,1,diesel,luxury suv,unknown,mahindra,great,karnataka,1566099
13,103319,7947.615384615385,3,3849,0,1,1,0,1,petrol,sedan,manual,hyundai,great,karnataka,180499
5,83418,16683.6,1,1538,1,1,1,0,1,diesel,suv,automatic,renault,great,karnataka,788299
2,19605,9802.5,1,3837,1,1,1,0,1,petrol,suv,automatic,tata,great,karnataka,880499
7,67946,9706.57142857143,1,454,1,1,1,0,1,petrol,hatchback,manual,maruti,great,karnataka,408899
3,40302,13434.0,1,3513,1,1,1,0,1,diesel,suv,unknown,hyundai,great,karnataka,976899
13,94711,7285.461538461538,2,1442,1,1,1,0,1,petrol,sedan,manual,maruti,great,karnataka,250799
2,9236,4618.0,1,1892,1,1,1,0,1,petrol,suv,unknown,ford,great,karnataka,988099
12,126624,10552.0,3,2908,0,1,1,0,0,diesel,luxury suv,manual,toyota,great,karnataka,859699
6,62730,10455.0,1,2216,1,1,1,0,1,diesel,luxury suv,manual,mahindra,great,karnataka,988599
6,65477,10912.833333333334,1,1564,1,1,1,0,1,diesel,luxury suv,manual,mahindra,great,karnataka,1067770
9,94106,10456.222222222223,2,581,1,1,1,0,1,petrol,hatchback,manual,hyundai,great,karnataka,267799
10,88446,8844.6,4,2146,1,1,1,0,1,diesel,sedan,manual,volkswagen,good,karnataka,303099
6,57322,9553.666666666666,1,217,1,1,1,0,1,diesel,luxury suv,manual,mahindra,great,karnataka,977499
4,80797,20199.25,1,1733,1,1,1,0,1,diesel,luxury suv,automatic,mahindra,great,karnataka,1322391
6,72406,12067.666666666666,1,1630,0,1,1,0,1,diesel,suv,unknown,hyundai,great,karnataka,1015553
10,104496,10449.6,2,4448,1,1,1,0,1,diesel,suv,manual,tata,great,karnataka,335199
2,37382,18691.0,1,2742,1,1,1,0,1,diesel,hatchback,manual,volkswagen,great,karnataka,855899
5,82343,16468.6,1,573,1,1,1,0,1,petrol,suv,manual,maruti,great,karnataka,680299
8,85984,10748.0,1,1811,0,1,1,0,1,petrol,hatchback,manual,chevrolet,great,karnataka,205499
9,154914,17212.666666666668,2,1796,1,1,1,0,1,diesel,luxury sedan,manual,skoda,great,karnataka,448099
5,97002,19400.4,2,3017,1,1,1,0,1,petrol,luxury sedan,automatic,skoda,great,karnataka,1316099
7,57954,8279.142857142857,2,2015,0,1,1,0,1,diesel,luxury suv,manual,mahindra,great,karnataka,881499
6,105937,17656.166666666668,2,781,1,1,1,0,1,petrol,hatchback,manual,honda,great,karnataka,467899
12,106551,8879.25,2,5558,1,1,1,0,1,diesel,sedan,manual,ford,good,karnataka,187199
7,186392,26627.428571428572,2,1253,1,1,1,0,1,diesel,suv,manual,toyota,great,karnataka,1030097
5,97092,19418.4,1,938,1,1,1,0,1,diesel,hatchback,manual,maruti,great,karnataka,571899
12,204972,17081.0,1,813,1,1,1,0,1,petrol,sedan,automatic,honda,great,karnataka,393799
7,63529,9075.57142857143,1,1883,0,1,1,0,1,diesel,luxury sedan,manual,toyota,great,karnataka,944299
7,94495,13499.285714285714,1,2422,1,1,1,0,1,diesel,luxury suv,manual,mahindra,great,karnataka,768399
8,120349,15043.625,1,1410,0,1,1,0,1,diesel,luxury suv,manual,mahindra,great,karnataka,769999
9,120240,13360.0,1,1888,0,1,1,0,1,diesel,sedan,manual,skoda,good,karnataka,387899
7,160426,22918.0,2,1494,1,1,1,0,1,diesel,sedan,manual,toyota,great,karnataka,411199
5,131550,26310.0,1,923,1,1,1,0,1,diesel,suv,manual,maruti,great,karnataka,699599
7,113456,16208.0,1,1256,1,1,1,0,1,petrol,suv,manual,nissan,great,karnataka,470199
13,34661,2666.230769230769,3,82,0,0,0,0,1,petrol,hatchback,manual,hyundai,good,karnataka,180000
7,32945,4706.428571428572,2,150,1,0,0,0,1,petrol,hatchback,manual,maruti,great,karnataka,480000
16,51935,3245.9375,2,942,0,0,0,0,1,petrol,hatchback,manual,maruti,great,karnataka,130000
12,80189,6682.416666666667,1,407,0,0,0,0,1,diesel,hatchback,manual,fiat,fair,karnataka,210000
13,55392,4260.923076923077,4,373,0,0,0,0,0,petrol,sedan,manual,mahindra renault,unknown,karnataka,150000
3,41940,13980.0,1,166,0,0,0,0,1,diesel,suv,manual,maruti,great,karnataka,850000
11,42481,3861.909090909091,2,3308,0,1,1,0,1,petrol,sedan,manual,fiat,good,karnataka,257499
3,19385,6461.666666666667,1,1898,1,1,1,0,1,petrol,hatchback,manual,maruti,great,karnataka,453599
5,21465,4293.0,1,1300,1,1,1,0,1,petrol,suv,manual,renault,great,karnataka,684899
3,6126,2042.0,1,2208,1,1,1,0,1,petrol,hatchback,manual,renault,great,karnataka,335999
2,3430,1715.0,1,2074,1,1,1,0,1,petrol,hatchback,manual,maruti,great,karnataka,558899
4,22333,5583.25,2,1261,1,1,1,0,1,petrol,hatchback,unknown,tata,great,karnataka,515899
8,42627,5328.375,1,2890,1,1,1,0,1,petrol,sedan,manual,hyundai,great,karnataka,540899
5,9475,1895.0,1,1084,1,1,1,0,1,petrol,hatchback,manual,hyundai,great,karnataka,679499
4,20911,5227.75,1,1355,0,1,1,0,1,petrol,hatchback,automatic,maruti,great,karnataka,684499
8,44515,5564.375,2,1090,0,1,1,0,1,petrol,hatchback,automatic,maruti,great,karnataka,345199
1,3263,3263.0,1,1988,1,1,1,0,1,diesel,suv,unknown,mahindra,great,karnataka,1309766
7,51643,7377.571428571428,1,4080,1,1,1,0,1,electric,hatchback,manual,mahindra,great,karnataka,258999
3,9004,3001.3333333333335,1,2911,1,1,1,0,1,petrol,sedan,manual,honda,great,karnataka,612199
4,65269,16317.25,1,695,1,1,1,0,1,diesel,hatchback,manual,hyundai,great,karnataka,727399
3,22938,7646.0,1,1781,1,1,1,0,1,petrol,hatchback,manual,volkswagen,great,karnataka,632199
3,16964,5654.666666666667,1,3068,1,1,1,0,1,petrol,unknown,unknown,ford,great,karnataka,634099
10,74600,7460.0,1,1790,1,1,1,0,1,diesel,sedan,manual,hyundai,great,karnataka,467099
6,57087,9514.5,2,2235,1,1,1,0,1,petrol,hatchback,manual,datsun,great,karnataka,232899
4,21687,5421.75,1,1118,1,1,1,0,1,diesel,suv,manual,maruti,great,karnataka,772799
11,70204,6382.181818181818,4,1293,1,1,1,0,1,petrol,hatchback,manual,ford,fair,karnataka,225599
5,50066,10013.2,2,1556,0,1,1,0,1,diesel,suv,manual,mahindra,great,karnataka,422599
2,15457,7728.5,1,4967,1,1,1,0,1,petrol,unknown,unknown,kia,great,karnataka,1641099
8,126789,15848.625,2,6139,0,1,1,0,1,diesel,suv,manual,toyota,great,karnataka,729399
8,30121,3765.125,1,2794,1,1,1,0,1,diesel,suv,manual,toyota,great,karnataka,991199
22,48999,2227.2272727272725,1,386,0,0,0,0,0,petrol,hatchback,manual,hyundai,overpriced,karnataka,26000
14,60084,4291.714285714285,1,256,0,0,0,0,1,petrol,hatchback,manual,hyundai,good,karnataka,175000
9,127069,14118.777777777777,1,72,0,0,0,1,1,diesel,suv,manual,maruti,good,karnataka,500000
17,98218,5777.529411764706,2,280,0,0,0,0,0,petrol,sedan,manual,hyundai,overpriced,karnataka,92000
8,62536,7817.0,3,683,0,0,0,0,0,petrol,hatchback,manual,nissan,good,karnataka,280000
5,37682,7536.4,1,152,1,0,0,1,1,petrol,hatchback,manual,maruti,great,karnataka,650000
9,37162,4129.111111111111,2,264,0,0,0,0,1,petrol,hatchback,manual,maruti,good,karnataka,220000
9,62812,6979.111111111111,2,346,0,0,0,0,1,petrol,hatchback,manual,maruti,great,karnataka,160000
5,42013,8402.6,1,188,0,0,0,0,1,diesel,unknown,unknown,honda,fair,karnataka,677000
11,57886,5262.363636363636,2,290,0,0,0,0,1,petrol,hatchback,manual,maruti,great,karnataka,182000
10,49947,4994.7,2,243,0,0,0,0,1,petrol,hatchback,manual,maruti,fair,karnataka,350000
12,106839,8903.25,1,467,0,0,0,0,1,diesel,luxury sedan,automatic,bmw,great,karnataka,700000
13,86895,6684.2307692307695,1,326,0,0,0,0,1,petrol,hatchback,automatic,hyundai,good,karnataka,185000
16,201521,12595.0625,2,215,0,0,0,0,1,diesel,suv,manual,toyota,fair,karnataka,425000
4,66419,16604.75,1,133,0,0,0,0,1,diesel,sedan,manual,maruti,great,karnataka,738000
3,16772,5590.666666666667,1,468,0,0,0,0,1,diesel,suv,manual,maruti,good,karnataka,871000
6,21425,3570.8333333333335,1,206,0,0,0,0,1,petrol,suv,manual,honda,fair,karnataka,800000
10,62597,6259.7,3,126,0,0,0,0,1,diesel,sedan,manual,hyundai,fair,karnataka,540000
10,185551,18555.1,2,151,0,0,0,0,1,diesel,suv,manual,mahindra,fair,karnataka,200000
9,119365,13262.777777777777,2,132,0,0,0,0,1,diesel,sedan,manual,maruti,good,karnataka,450000
11,82940,7540.0,1,120,0,0,0,0,1,petrol,hatchback,manual,maruti,overpriced,haryana,230000
9,170513,18945.88888888889,1,226,1,0,0,0,1,diesel,luxury suv,manual,toyota,fair,karnataka,1050000
14,154855,11061.07142857143,1,103,1,0,0,0,1,diesel,sedan,manual,hyundai,fair,karnataka,216000
14,101003,7214.5,1,667,0,0,0,0,1,petrol,hatchback,manual,hyundai,good,karnataka,170000
11,91342,8303.818181818182,2,303,0,0,0,0,1,diesel,luxury sedan,automatic,bmw,fair,karnataka,855000
1,3500,3500.0,1,17910,1,1,0,0,1,petrol,hatchback,unknown,maruti,great,haryana,404699
3,5441,1813.6666666666667,2,1984,1,1,0,0,1,petrol,hatchback,unknown,maruti,great,delhi,379199
4,9036,2259.0,1,3091,1,1,0,0,1,petrol,hatchback,unknown,maruti,great,delhi,344999
11,26517,2410.6363636363635,2,14068,1,1,0,0,1,petrol,hatchback,manual,maruti,great,delhi,168799
10,20354,2035.4,1,8151,1,1,0,0,1,petrol,hatchback,manual,maruti,great,delhi,219199
6,10957,1826.1666666666667,1,2028,0,1,0,0,1,petrol,hatchback,manual,maruti,great,haryana,308899
6,17007,2834.5,1,6020,1,1,0,0,1,petrol,hatchback,automatic,maruti,great,delhi,355399
5,14927,2985.4,1,2443,1,1,0,0,1,petrol,hatchback,manual,maruti,great,delhi,270699
6,19044,3174.0,1,2614,1,1,0,0,1,petrol,hatchback,manual,maruti,great,delhi,280799
7,33561,4794.428571428572,1,1900,1,1,0,0,1,petrol,hatchback,manual,hyundai,great,delhi,349899
7,35238,5034.0,1,2329,1,1,0,0,1,petrol,hatchback,manual,hyundai,great,haryana,367099
3,17101,5700.333333333333,1,2039,1,1,0,0,1,petrol,hatchback,manual,maruti,great,delhi,368599
9,30589,3398.777777777778,1,3136,1,1,0,0,1,diesel,hatchback,manual,maruti,great,delhi,325699
4,9867,2466.75,1,8144,1,1,0,0,1,petrol,hatchback,manual,maruti,great,haryana,586199
7,24708,3529.714285714286,1,2549,1,1,0,0,1,petrol,hatchback,manual,maruti,great,delhi,407999
1,14468,14468.0,1,8727,1,1,0,0,1,petrol,hatchback,unknown,volkswagen,great,haryana,653199
9,35969,3996.5555555555557,1,4208,1,1,0,0,1,diesel,hatchback,manual,maruti,great,delhi,326799
7,22306,3186.5714285714284,1,1019,1,1,0,0,1,petrol,hatchback,manual,maruti,great,uttar pradesh,282599
11,30754,2795.818181818182,1,3373,1,1,0,0,1,petrol,hatchback,manual,maruti,great,delhi,172999
9,39099,4344.333333333333,1,4128,1,1,0,0,1,diesel,hatchback,manual,maruti,great,delhi,293999
5,16906,3381.2,1,3084,1,1,0,0,1,petrol,hatchback,manual,maruti,great,delhi,512499
9,42478,4719.777777777777,2,1248,1,1,0,0,1,diesel,sedan,manual,maruti,great,delhi,345599
9,35139,3904.3333333333335,2,1344,0,1,0,0,1,petrol,hatchback,manual,maruti,great,delhi,201699
8,23634,2954.25,1,2189,1,1,0,0,1,petrol,hatchback,manual,maruti,great,delhi,303199
4,21951,5487.75,1,3279,1,1,0,0,1,petrol,hatchback,manual,hyundai,great,delhi,563799
8,54237,6779.625,1,3178,1,1,0,0,1,diesel,hatchback,manual,maruti,great,delhi,251199
4,16337,4084.25,1,3033,1,1,0,0,1,petrol,hatchback,manual,hyundai,great,delhi,394399
3,22957,7652.333333333333,1,1068,1,1,0,0,1,petrol & cng,suv,manual,maruti,great,delhi,357799
3,5851,1950.3333333333333,1,2160,1,1,0,0,1,petrol,hatchback,manual,maruti,great,delhi,315099
1,5644,5644.0,1,3443,0,1,0,0,1,petrol,hatchback,manual,maruti,great,haryana,347299
8,43896,5487.0,1,932,1,1,0,0,1,petrol,hatchback,manual,hyundai,great,delhi,366799
6,37714,6285.666666666667,1,1136,1,1,0,0,1,petrol,hatchback,automatic,honda,great,delhi,409899
2,13026,6513.0,2,210,1,1,0,0,1,petrol,hatchback,manual,maruti,great,uttar pradesh,360999
9,47253,5250.333333333333,1,1612,1,1,0,0,1,diesel,sedan,manual,maruti,great,delhi,329599
6,39904,6650.666666666667,1,306,1,1,0,0,1,petrol,hatchback,manual,maruti,great,delhi,256699
6,41175,6862.5,2,1782,1,1,0,0,1,petrol,hatchback,manual,honda,great,delhi,345399
7,44012,6287.428571428572,1,3252,1,1,0,0,1,petrol,hatchback,manual,hyundai,great,haryana,214299
8,25909,3238.625,2,999,1,1,0,0,1,petrol,hatchback,manual,hyundai,great,delhi,216599
9,52072,5785.777777777777,1,1311,1,1,0,0,1,diesel,sedan,manual,maruti,great,delhi,382699
10,65478,6547.8,1,6541,1,1,0,0,1,petrol,hatchback,manual,maruti,good,haryana,145699
8,46949,5868.625,1,3750,1,1,0,0,1,diesel,hatchback,manual,volkswagen,great,delhi,360399
10,28153,2815.3,1,4715,1,1,0,0,1,petrol,hatchback,manual,maruti,great,delhi,282799
7,46001,6571.571428571428,2,1348,1,1,0,0,1,petrol,hatchback,manual,maruti,great,delhi,349799
7,37134,5304.857142857143,1,757,1,1,0,0,1,petrol,hatchback,manual,maruti,great,delhi,264499
10,56073,5607.3,1,1670,1,1,0,0,1,petrol,sedan,manual,honda,great,delhi,344999
8,49117,6139.625,1,2760,1,1,0,0,1,diesel,hatchback,manual,maruti,great,delhi,335399
9,49510,5501.111111111111,1,1905,1,1,0,0,1,diesel,sedan,manual,maruti,great,delhi,346899
12,31579,2631.5833333333335,1,1248,1,1,0,0,1,petrol,hatchback,manual,maruti,good,delhi,168999
13,22357,1719.7692307692307,1,1529,1,1,0,0,1,petrol,hatchback,manual,maruti,good,delhi,145899
5,33510,6702.0,1,1591,0,1,0,0,1,petrol,hatchback,manual,maruti,great,delhi,271999
7,28652,4093.1428571428573,1,2803,1,1,0,0,1,diesel,hatchback,manual,maruti,great,delhi,380599
6,38464,6410.666666666667,1,2872,1,1,0,0,1,diesel,sedan,manual,maruti,great,delhi,558699
11,41832,3802.909090909091,1,1584,1,1,0,0,1,petrol,hatchback,manual,maruti,great,delhi,266599
12,34845,2903.75,1,3903,1,1,0,0,1,petrol,hatchback,manual,hyundai,good,delhi,187999
7,42796,6113.714285714285,1,863,1,1,0,0,1,petrol,hatchback,manual,maruti,great,haryana,247199
11,50313,4573.909090909091,1,1445,1,1,0,0,1,petrol,hatchback,manual,maruti,great,delhi,209299
6,34254,5709.0,1,4341,1,1,0,0,1,petrol,hatchback,manual,hyundai,great,delhi,465299
9,48710,5412.222222222223,1,1655,1,1,0,0,1,petrol,hatchback,manual,honda,great,delhi,265299
8,42679,5334.875,1,1723,1,1,0,0,1,diesel,sedan,manual,maruti,great,delhi,351799
4,27073,6768.25,1,2670,1,1,0,0,1,petrol,hatchback,manual,maruti,great,delhi,566199
11,55003,5000.272727272727,1,401,1,1,0,0,1,petrol,hatchback,manual,maruti,great,delhi,191399
7,53164,7594.857142857143,1,1267,0,1,0,0,1,diesel,hatchback,manual,maruti,great,delhi,355299
5,43386,8677.2,1,3221,1,1,0,0,1,petrol,hatchback,automatic,maruti,great,delhi,361499
7,53663,7666.142857142857,2,1819,1,1,0,0,1,petrol,hatchback,manual,hyundai,great,delhi,325099
6,34823,5803.833333333333,2,930,1,1,0,0,1,petrol,hatchback,manual,maruti,great,delhi,309199
3,19748,6582.666666666667,1,1422,1,1,0,0,1,petrol,hatchback,manual,maruti,great,haryana,262499
12,28685,2390.4166666666665,1,1849,1,1,0,0,1,petrol,hatchback,manual,maruti,great,delhi,215499
6,52427,8737.833333333334,1,541,1,1,0,0,1,petrol,hatchback,manual,honda,great,haryana,354199
7,53009,7572.714285714285,1,1243,1,1,0,0,1,petrol,sedan,manual,maruti,great,delhi,393099
11,49466,4496.909090909091,1,2682,1,1,0,0,1,petrol,sedan,manual,maruti,good,delhi,256199
7,42596,6085.142857142857,1,3353,1,1,0,0,1,diesel,sedan,manual,hyundai,great,delhi,446599
9,61164,6796.0,1,1096,1,1,0,0,1,diesel,sedan,manual,maruti,great,delhi,321499
8,47738,5967.25,1,1430,1,1,0,0,1,diesel,hatchback,manual,maruti,great,delhi,311599
6,46683,7780.5,1,880,1,1,0,0,1,petrol,hatchback,manual,maruti,great,delhi,271299
10,36078,3607.8,2,783,1,1,0,0,1,petrol,sedan,manual,honda,good,haryana,340899
3,23900,7966.666666666667,1,1133,1,1,0,0,1,petrol,hatchback,manual,maruti,great,delhi,290599
2,14473,7236.5,1,1331,1,1,0,0,1,petrol,hatchback,manual,renault,great,haryana,354199
5,50698,10139.6,1,2202,1,1,0,0,1,petrol,hatchback,manual,renault,great,uttar pradesh,249899
12,39300,3275.0,1,2157,1,1,0,0,1,petrol,hatchback,manual,maruti,great,delhi,136099
6,33553,5592.166666666667,1,985,1,1,0,0,1,petrol,hatchback,manual,hyundai,great,delhi,565599
1,9197,9197.0,1,9647,1,1,0,0,1,diesel,unknown,unknown,kia,great,haryana,1452984
8,55995,6999.375,1,829,1,1,0,0,1,diesel,sedan,manual,maruti,great,delhi,387899
5,29262,5852.4,1,2307,1,1,0,0,1,diesel,suv,manual,maruti,great,delhi,665099
6,46856,7809.333333333333,1,1482,1,1,0,0,1,diesel,hatchback,manual,maruti,great,delhi,406399
9,56552,6283.555555555556,1,1223,1,1,0,0,1,diesel,sedan,manual,maruti,great,delhi,320799
3,24808,8269.333333333334,1,977,1,1,0,0,1,petrol,hatchback,manual,hyundai,great,uttar pradesh,470299
6,22781,3796.8333333333335,2,376,1,1,0,0,1,petrol,hatchback,manual,hyundai,good,delhi,253799
4,42709,10677.25,1,1330,1,1,0,0,1,petrol,hatchback,manual,maruti,great,delhi,347399
4,39458,9864.5,1,2374,1,1,0,0,1,petrol,hatchback,manual,maruti,great,delhi,347899
5,57749,11549.8,1,1654,1,1,0,1,1,petrol,hatchback,manual,hyundai,great,delhi,393599
6,54409,9068.166666666666,1,793,1,1,0,1,1,diesel,hatchback,manual,maruti,great,delhi,412399
7,48201,6885.857142857143,2,3360,1,1,0,0,1,petrol,sedan,manual,honda,great,delhi,502199
5,37767,7553.4,1,3335,1,1,0,0,1,diesel,suv,manual,maruti,great,delhi,666499
9,51369,5707.666666666667,2,1995,1,1,0,0,1,petrol,hatchback,manual,honda,great,haryana,291199
9,57730,6414.444444444444,1,1406,1,1,0,0,1,diesel,sedan,manual,maruti,great,delhi,326199
6,50367,8394.5,1,1060,1,1,0,0,1,petrol,hatchback,manual,hyundai,great,haryana,292699
12,40894,3407.8333333333335,1,1740,1,1,0,0,1,petrol,hatchback,manual,hyundai,good,delhi,187199
9,61443,6827.0,1,631,1,1,0,0,1,diesel,hatchback,manual,toyota,great,delhi,323099
11,46622,4238.363636363636,3,2599,1,1,0,0,1,petrol,hatchback,manual,maruti,good,delhi,174999
7,58341,8334.42857142857,1,575,1,1,0,0,1,petrol,hatchback,manual,hyundai,great,delhi,363699
7,61465,8780.714285714286,1,1572,0,1,0,0,1,petrol,hatchback,manual,hyundai,great,delhi,366199
7,59731,8533.0,1,514,1,1,0,0,1,petrol,hatchback,manual,hyundai,great,haryana,352199
6,47354,7892.333333333333,1,376,1,1,0,0,1,petrol,hatchback,manual,hyundai,great,delhi,554599
9,74046,8227.333333333334,1,1758,1,1,0,0,1,petrol,hatchback,manual,maruti,good,delhi,177699
5,39122,7824.4,1,1512,1,1,0,0,1,petrol,sedan,manual,maruti,great,uttar pradesh,643199
4,36027,9006.75,1,2371,1,1,0,0,1,diesel,sedan,manual,maruti,great,delhi,602099
9,68582,7620.222222222223,1,1865,1,1,0,0,1,diesel,hatchback,manual,toyota,great,delhi,267599
5,34487,6897.4,1,1104,1,1,0,0,1,petrol,hatchback,manual,maruti,great,delhi,294299
9,75004,8333.777777777777,1,866,1,1,0,0,1,diesel,sedan,manual,maruti,great,delhi,304999
8,56654,7081.75,1,2989,1,1,0,0,1,petrol,sedan,manual,honda,great,delhi,425799
6,64475,10745.833333333334,1,1199,1,1,0,0,1,diesel,hatchback,manual,maruti,great,delhi,301599
4,36929,9232.25,2,1483,1,1,0,0,1,petrol,hatchback,manual,maruti,great,delhi,268199
2,14151,7075.5,2,1165,1,1,0,0,1,diesel,suv,manual,maruti,great,delhi,756999
4,33597,8399.25,1,658,1,1,0,0,1,petrol,hatchback,manual,maruti,great,delhi,542899
4,34381,8595.25,1,1127,1,1,0,0,1,petrol,hatchback,manual,maruti,great,delhi,297699
3,26548,8849.333333333334,2,2165,1,1,0,1,1,petrol,hatchback,manual,hyundai,great,haryana,505999
8,51981,6497.625,1,2147,1,1,0,0,1,diesel,suv,manual,maruti,great,delhi,470499
6,59466,9911.0,1,1180,1,1,0,0,1,petrol,hatchback,manual,hyundai,great,haryana,528399
10,28912,2891.2,3,1341,1,1,0,0,1,petrol,hatchback,manual,hyundai,good,delhi,242899
5,66519,13303.8,2,2791,1,1,0,0,1,petrol,hatchback,manual,volkswagen,great,delhi,341999
4,65993,16498.25,1,1335,1,1,0,0,1,diesel,hatchback,manual,hyundai,great,delhi,407299
5,59746,11949.2,1,1040,1,1,0,0,1,petrol,hatchback,manual,tata,great,delhi,399099
6,55561,9260.166666666666,1,2032,1,1,0,0,1,petrol,hatchback,manual,volkswagen,great,delhi,400499
9,51551,5727.888888888889,1,622,1,1,0,0,1,petrol,hatchback,manual,honda,good,delhi,276799
6,58080,9680.0,2,1597,1,1,0,1,1,diesel,hatchback,manual,hyundai,great,delhi,526699
10,39300,3930.0,2,586,1,1,0,0,1,petrol,hatchback,manual,maruti,good,delhi,206999
7,57598,8228.285714285714,1,1267,1,1,0,0,1,diesel,sedan,manual,hyundai,great,uttar pradesh,320399
12,46177,3848.0833333333335,1,1762,1,1,0,0,1,petrol,hatchback,manual,maruti,good,delhi,137699
6,47357,7892.833333333333,2,920,1,1,0,0,1,diesel,luxury suv,manual,mahindra,great,haryana,739699
4,39891,9972.75,3,3491,1,1,0,0,1,diesel,suv,manual,maruti,great,haryana,601299
12,35305,2942.0833333333335,1,718,1,1,0,0,1,petrol,hatchback,manual,hyundai,good,delhi,200899
9,95472,10608.0,1,858,1,1,0,0,1,diesel,sedan,manual,maruti,great,delhi,295099
5,43702,8740.4,1,1210,1,1,0,1,1,diesel,hatchback,manual,maruti,great,delhi,500499
5,42210,8442.0,2,1031,1,1,0,0,1,diesel,suv,manual,maruti,great,delhi,655399
6,69039,11506.5,1,844,1,1,0,0,1,diesel,sedan,manual,maruti,great,delhi,434799
6,63642,10607.0,1,1271,1,1,0,0,1,diesel,hatchback,manual,maruti,great,delhi,401199
9,68930,7658.888888888889,1,928,1,1,0,0,1,diesel,sedan,manual,maruti,great,delhi,312499
8,82296,10287.0,2,1979,1,1,0,0,1,petrol,sedan,manual,hyundai,great,delhi,476099
7,64031,9147.285714285714,1,937,1,1,0,0,1,diesel,hatchback,manual,maruti,great,haryana,411299
9,44269,4918.777777777777,1,1313,1,1,0,0,1,petrol,hatchback,manual,hyundai,good,delhi,272999
5,68510,13702.0,1,2776,1,1,0,0,1,petrol,hatchback,manual,tata,great,delhi,346999
8,66769,8346.125,1,1608,0,1,0,0,1,petrol,hatchback,manual,hyundai,great,delhi,311699
5,27806,5561.2,2,2118,1,1,0,0,1,petrol,hatchback,manual,renault,good,delhi,270399
6,62123,10353.833333333334,1,270,1,1,0,0,1,diesel,suv,manual,maruti,great,haryana,563899
12,48058,4004.8333333333335,1,917,1,1,0,0,1,petrol,sedan,manual,maruti,good,delhi,222499
2,32575,16287.5,1,2436,1,1,0,0,1,diesel,suv,manual,maruti,great,delhi,739599
5,58586,11717.2,1,3166,1,1,0,0,1,diesel,suv,manual,maruti,great,delhi,572299
6,64935,10822.5,1,202,1,1,0,0,1,petrol,hatchback,automatic,maruti,great,delhi,360199
12,73461,6121.75,1,2190,1,1,0,0,1,petrol,hatchback,manual,maruti,great,delhi,166199
2,17555,8777.5,1,271,1,1,0,0,1,diesel,suv,manual,maruti,great,haryana,869399
9,72105,8011.666666666667,1,602,1,1,0,0,1,diesel,sedan,manual,maruti,great,delhi,374999
5,52934,10586.8,1,1615,1,1,0,0,1,petrol,hatchback,unknown,maruti,great,haryana,510899
8,67401,8425.125,1,782,1,1,0,0,1,diesel,hatchback,manual,toyota,great,delhi,311399
7,40902,5843.142857142857,2,482,1,1,0,0,1,petrol,hatchback,manual,hyundai,good,delhi,227499
8,69171,8646.375,1,878,1,1,0,0,1,diesel,sedan,manual,maruti,great,delhi,347199
1,15981,15981.0,1,3081,1,1,0,0,1,petrol,sedan,unknown,honda,great,haryana,1074335
9,75435,8381.666666666666,1,595,1,1,0,0,1,diesel,sedan,manual,maruti,great,delhi,307699
8,41465,5183.125,1,420,1,1,0,0,1,petrol,hatchback,manual,maruti,good,delhi,231299
5,44010,8802.0,1,1898,0,1,0,0,1,petrol,hatchback,manual,renault,great,delhi,253999
4,36073,9018.25,1,1275,1,1,0,0,1,diesel,suv,manual,maruti,great,delhi,754799
4,82917,20729.25,1,732,1,1,0,0,1,petrol,hatchback,manual,maruti,great,haryana,458399
6,61227,10204.5,1,1779,1,1,0,0,1,petrol,hatchback,manual,hyundai,great,haryana,444299
8,62602,7825.25,1,558,1,1,0,0,1,diesel,sedan,manual,maruti,great,delhi,345799
5,52703,10540.6,1,1573,1,1,0,0,1,diesel,suv,manual,maruti,great,delhi,630599
10,60489,6048.9,1,1867,1,1,0,0,1,petrol,sedan,manual,maruti,good,delhi,269199
6,58072,9678.666666666666,1,1441,1,1,0,0,1,petrol,suv,manual,hyundai,great,delhi,738899
7,64201,9171.57142857143,1,484,1,1,0,0,1,petrol,hatchback,manual,hyundai,great,delhi,367199
6,24519,4086.5,2,4623,1,1,0,0,1,petrol,suv,manual,hyundai,great,delhi,783299
9,115605,12845.0,1,619,1,1,0,0,1,diesel,hatchback,manual,maruti,great,delhi,291599
6,56205,9367.5,1,2334,1,1,0,0,1,petrol,hatchback,manual,hyundai,great,haryana,476499
13,110793,8522.538461538461,1,5285,1,1,0,0,1,petrol,sedan,manual,maruti,great,delhi,169899
3,20241,6747.0,1,3215,1,1,0,0,1,petrol,suv,unknown,hyundai,great,delhi,1296131
11,35644,3240.3636363636365,1,525,1,1,0,0,1,petrol,hatchback,manual,hyundai,good,haryana,292699
5,71565,14313.0,1,1352,1,1,0,0,1,petrol,hatchback,manual,renault,good,haryana,259699
6,73484,12247.333333333334,2,2488,1,1,0,0,1,diesel,hatchback,manual,maruti,great,delhi,248899
5,73912,14782.4,1,368,1,1,0,0,1,petrol,hatchback,manual,hyundai,great,haryana,404499
7,71085,10155.0,1,875,1,1,0,0,1,petrol,sedan,manual,maruti,great,delhi,374899
3,33696,11232.0,1,1284,1,1,0,0,1,petrol,hatchback,manual,renault,great,delhi,329199
6,71317,11886.166666666666,3,1142,1,1,0,0,1,petrol,hatchback,manual,honda,great,delhi,271199
2,15424,7712.0,1,2056,1,1,0,0,1,diesel,suv,manual,maruti,great,delhi,807899
7,68299,9757.0,1,782,1,1,0,0,1,petrol,sedan,manual,maruti,great,haryana,380699
5,72302,14460.4,1,741,1,1,0,0,1,diesel,hatchback,manual,maruti,great,delhi,431999
4,32036,8009.0,1,1228,1,1,0,0,1,petrol,hatchback,manual,renault,good,delhi,296299
8,72772,9096.5,1,918,1,1,0,0,1,diesel,sedan,manual,maruti,great,delhi,289799
5,47603,9520.6,1,894,1,1,0,0,1,diesel,sedan,unknown,maruti,great,delhi,529699
5,58078,11615.6,1,779,1,1,0,0,1,diesel,suv,manual,maruti,great,delhi,689499
3,48375,16125.0,1,885,1,1,0,0,1,petrol,hatchback,manual,maruti,great,delhi,279899
11,70239,6385.363636363636,1,1289,1,1,0,0,1,petrol,hatchback,manual,maruti,great,delhi,152499
6,62045,10340.833333333334,1,1052,1,1,0,0,1,petrol,sedan,manual,honda,great,delhi,449799
7,69029,9861.285714285714,1,2974,1,1,0,0,1,diesel,sedan,manual,honda,great,delhi,433699
7,71704,10243.42857142857,1,940,1,1,0,0,1,diesel,sedan,manual,honda,great,delhi,365199
7,53232,7604.571428571428,1,602,1,1,0,0,1,petrol,hatchback,manual,maruti,good,delhi,293199
9,84352,9372.444444444445,1,575,1,1,0,0,1,diesel,hatchback,manual,maruti,great,delhi,326799
6,75571,12595.166666666666,2,1226,1,1,0,0,1,diesel,sedan,manual,maruti,great,delhi,412799
11,87755,7977.727272727273,2,531,1,1,0,0,1,petrol,sedan,manual,honda,great,delhi,323799
4,40514,10128.5,2,1810,1,1,0,0,1,petrol & cng,suv,manual,maruti,great,haryana,304599
10,66492,6649.2,1,393,1,1,0,0,1,petrol,hatchback,manual,hyundai,good,delhi,258999
9,79776,8864.0,1,413,1,1,0,0,1,diesel,sedan,manual,maruti,great,delhi,347799
8,68742,8592.75,1,1656,1,1,0,0,1,diesel,suv,manual,renault,good,delhi,411099
13,77954,5996.461538461538,2,2014,1,1,0,0,1,petrol,hatchback,manual,maruti,good,uttar pradesh,131999
7,66906,9558.0,2,68,1,1,0,0,1,diesel,sedan,manual,maruti,great,delhi,391899
9,80575,8952.777777777777,2,691,1,1,0,0,1,diesel,hatchback,manual,maruti,great,delhi,239199
6,78343,13057.166666666666,1,776,1,1,0,0,1,diesel,hatchback,manual,hyundai,great,delhi,458499
6,82293,13715.5,2,956,1,1,0,0,1,diesel,hatchback,manual,maruti,great,delhi,393199
11,76740,6976.363636363636,3,772,1,1,0,0,1,petrol,sedan,manual,honda,great,delhi,318599
6,72533,12088.833333333334,2,385,1,1,0,0,1,diesel,hatchback,manual,maruti,great,delhi,440799
13,83258,6404.461538461538,1,638,1,1,0,0,1,petrol,hatchback,manual,maruti,good,haryana,140999
13,81636,6279.692307692308,1,1460,1,1,0,0,1,petrol,hatchback,manual,maruti,good,delhi,124999
11,54844,4985.818181818182,2,687,1,1,0,0,1,petrol,hatchback,manual,maruti,good,delhi,183099
5,72059,14411.8,1,844,1,1,0,0,1,petrol,hatchback,manual,maruti,great,delhi,358899
7,72907,10415.285714285714,1,1737,1,1,0,0,1,diesel,hatchback,manual,hyundai,great,delhi,458099
8,71184,8898.0,2,2315,1,1,0,0,1,petrol,hatchback,manual,honda,great,haryana,289699
5,59001,11800.2,1,3744,1,1,0,0,1,diesel,suv,automatic,hyundai,great,delhi,791599
9,80949,8994.333333333334,1,1823,1,1,0,0,1,diesel,sedan,manual,toyota,great,delhi,275599
7,67522,9646.0,2,962,1,1,0,0,1,diesel,suv,manual,renault,good,delhi,409499
8,65866,8233.25,1,2869,1,1,0,0,1,diesel,sedan,manual,skoda,good,uttar pradesh,370299
5,45574,9114.8,1,4172,1,1,0,0,1,diesel,suv,unknown,hyundai,great,delhi,750899
9,97289,10809.888888888889,2,2342,1,1,0,0,1,diesel,hatchback,manual,hyundai,great,delhi,275199
2,16832,8416.0,1,3017,1,1,0,0,1,petrol,suv,unknown,hyundai,great,delhi,922899
8,60032,7504.0,1,264,1,1,0,0,1,petrol,hatchback,manual,hyundai,good,uttar pradesh,229399
3,40769,13589.666666666666,1,762,1,1,0,0,1,diesel,suv,manual,maruti,great,uttar pradesh,736299
6,87852,14642.0,1,1131,1,1,0,0,1,diesel,sedan,manual,maruti,great,delhi,380099
10,82379,8237.9,1,2821,1,1,0,0,1,petrol,hatchback,manual,ford,good,haryana,220999
6,45613,7602.166666666667,1,2361,1,1,0,1,1,diesel,suv,manual,toyota,great,delhi,966899
8,69047,8630.875,1,2828,1,1,0,0,1,diesel,suv,manual,toyota,great,haryana,620899
10,86581,8658.1,2,685,1,1,0,0,1,petrol,sedan,manual,honda,great,delhi,329999
11,114109,10373.545454545454,1,1601,1,1,0,0,1,petrol,hatchback,manual,maruti,great,haryana,182099
2,38213,19106.5,1,2250,1,1,0,0,1,diesel,suv,manual,maruti,great,delhi,785999
9,80936,8992.888888888889,1,711,1,1,0,0,1,diesel,hatchback,manual,maruti,great,delhi,312699
4,115676,28919.0,1,2260,1,1,0,0,1,petrol & cng,hatchback,manual,maruti,great,delhi,279999
5,67345,13469.0,1,928,1,1,0,0,1,diesel,suv,manual,maruti,great,delhi,612299
4,60966,15241.5,1,1485,1,1,0,0,1,diesel,sedan,manual,maruti,great,uttar pradesh,602499
12,75136,6261.333333333333,2,852,0,1,0,0,1,petrol,hatchback,manual,honda,good,haryana,218299
9,86270,9585.555555555555,1,413,1,1,0,0,1,petrol,sedan,manual,maruti,great,haryana,304199
3,65305,21768.333333333332,1,1675,1,1,0,0,1,diesel,suv,automatic,hyundai,great,uttar pradesh,1281789
8,76300,9537.5,1,397,1,1,0,0,1,diesel,sedan,manual,maruti,great,haryana,356699
8,79116,9889.5,1,578,1,1,0,0,1,diesel,sedan,manual,maruti,great,delhi,374899
4,41558,10389.5,1,1923,1,1,0,0,1,diesel,suv,automatic,hyundai,great,delhi,1047974
8,78090,9761.25,1,3871,1,1,0,0,1,diesel,suv,manual,renault,great,delhi,340199
6,61207,10201.166666666666,2,1283,1,1,0,0,1,diesel,suv,unknown,hyundai,great,delhi,688999
6,80599,13433.166666666666,1,755,1,1,0,0,1,diesel,suv,manual,renault,great,delhi,505799
10,122742,12274.2,1,613,1,1,0,0,1,petrol,sedan,manual,honda,great,haryana,335499
9,86194,9577.111111111111,1,416,1,1,0,0,1,diesel,sedan,manual,maruti,great,delhi,317899
2,35428,17714.0,1,815,0,1,0,0,1,diesel,suv,manual,maruti,great,haryana,797699
8,70684,8835.5,1,168,1,1,0,0,1,diesel,hatchback,manual,maruti,great,delhi,358099
9,98802,10978.0,2,4153,1,1,0,0,1,diesel,sedan,manual,skoda,great,delhi,246399
4,100534,25133.5,1,1147,1,1,0,1,1,petrol & cng,suv,manual,maruti,great,delhi,311899
6,87341,14556.833333333334,2,754,1,1,0,0,1,petrol,hatchback,automatic,honda,great,uttar pradesh,454799
10,106148,10614.8,2,977,1,1,0,0,1,petrol,sedan,manual,toyota,great,delhi,265799
10,95427,9542.7,2,829,1,1,0,0,1,petrol,hatchback,manual,maruti,great,haryana,262399
9,80206,8911.777777777777,1,1568,1,1,0,0,1,petrol,hatchback,manual,hyundai,great,uttar pradesh,310899
9,81509,9056.555555555555,1,5169,1,1,0,0,1,diesel,sedan,manual,maruti,great,delhi,321199
8,74820,9352.5,1,717,1,1,0,0,1,petrol,hatchback,manual,maruti,good,uttar pradesh,223099
5,48370,9674.0,1,120,1,1,0,0,1,petrol,hatchback,manual,renault,good,haryana,292299
2,18721,9360.5,1,812,1,1,0,0,1,diesel,suv,manual,ford,great,uttar pradesh,937399
12,98519,8209.916666666666,1,593,1,1,0,0,1,petrol,hatchback,manual,maruti,good,delhi,167399
5,100131,20026.2,1,543,1,1,0,0,1,diesel,suv,manual,mahindra,great,delhi,407499
13,103127,7932.846153846154,2,1321,1,1,0,0,1,petrol,hatchback,manual,maruti,good,delhi,193199
5,67987,13597.4,1,2027,1,1,0,0,1,diesel,suv,unknown,hyundai,great,haryana,807099
7,84232,12033.142857142857,1,645,1,1,0,0,1,petrol,hatchback,manual,maruti,great,delhi,410299
5,70187,14037.4,1,238,1,1,0,0,1,diesel,suv,manual,maruti,great,delhi,623699
4,87721,21930.25,1,2572,1,1,0,0,1,diesel,suv,manual,toyota,great,haryana,1331178
9,94952,10550.222222222223,1,639,1,1,0,0,1,diesel,hatchback,manual,toyota,great,delhi,258799
10,104139,10413.9,1,1059,1,1,0,0,1,petrol,sedan,manual,honda,great,delhi,298699
11,70679,6425.363636363636,2,788,1,1,0,0,1,petrol,hatchback,manual,hyundai,good,delhi,233799
4,79597,19899.25,1,1766,1,1,0,0,1,diesel,suv,manual,honda,great,delhi,560599
3,51456,17152.0,1,5702,1,1,0,0,1,diesel,suv,manual,mahindra,great,delhi,760799
8,93938,11742.25,2,1210,1,1,0,0,1,diesel,sedan,manual,toyota,good,delhi,296899
8,86487,10810.875,2,1513,1,1,0,0,1,petrol,sedan,manual,honda,great,delhi,414499
12,81050,6754.166666666667,2,1017,1,1,0,0,1,petrol,hatchback,manual,maruti,good,delhi,173299
6,86567,14427.833333333334,1,485,1,1,0,0,1,diesel,hatchback,manual,maruti,great,delhi,393999
9,95613,10623.666666666666,1,380,1,1,0,0,1,diesel,hatchback,manual,maruti,great,delhi,307799
11,84445,7676.818181818182,1,981,0,1,0,0,1,petrol,sedan,manual,maruti,good,uttar pradesh,267499
9,88559,9839.888888888889,1,659,1,1,0,0,1,diesel,sedan,manual,hyundai,great,delhi,424499
3,50930,16976.666666666668,1,1447,1,1,0,0,1,diesel,suv,manual,maruti,great,delhi,668999
3,57619,19206.333333333332,1,1853,1,1,0,0,1,diesel,suv,manual,maruti,great,delhi,678799
8,76553,9569.125,1,527,1,1,0,0,1,diesel,hatchback,manual,maruti,great,delhi,293999
7,84258,12036.857142857143,1,850,1,1,0,0,1,diesel,sedan,manual,honda,good,delhi,328099
3,52819,17606.333333333332,1,3230,1,1,0,0,1,petrol,luxury sedan,automatic,toyota,great,haryana,1387940
3,44061,14687.0,1,1367,1,1,0,0,1,diesel,suv,manual,maruti,great,delhi,738999
4,80682,20170.5,1,1754,0,1,0,0,1,diesel,suv,automatic,hyundai,great,haryana,1042419
6,76042,12673.666666666666,1,353,1,1,0,0,1,diesel,hatchback,manual,maruti,great,delhi,437999
4,81575,20393.75,1,742,1,1,0,0,1,diesel,sedan,manual,maruti,great,delhi,594899
13,104926,8071.2307692307695,1,1852,1,1,0,0,1,petrol,sedan,manual,toyota,good,delhi,202499
10,83626,8362.6,1,1930,1,1,0,0,1,petrol,hatchback,manual,maruti,good,uttar pradesh,303599
4,80717,20179.25,1,1804,1,1,0,0,1,diesel,sedan,automatic,maruti,great,haryana,593799
9,113695,12632.777777777777,2,1290,1,1,0,0,1,diesel,sedan,manual,toyota,good,delhi,298699
5,48126,9625.2,1,2150,1,1,0,0,1,diesel,luxury suv,automatic,mahindra,great,delhi,922899
5,87631,17526.2,1,545,1,1,0,0,1,petrol,hatchback,manual,renault,great,delhi,237299
9,109400,12155.555555555555,2,1593,1,1,0,0,1,petrol,sedan,manual,hyundai,great,uttar pradesh,372099
5,75533,15106.6,1,1458,1,1,0,0,1,petrol,sedan,manual,maruti,great,delhi,580899
3,54617,18205.666666666668,1,1410,1,1,0,0,1,diesel,suv,manual,mahindra,great,haryana,759999
6,85551,14258.5,1,459,1,1,0,0,1,diesel,hatchback,manual,maruti,great,delhi,437699
6,80212,13368.666666666666,1,653,1,1,0,0,1,diesel,hatchback,manual,maruti,great,delhi,397499
7,64935,9276.42857142857,1,3669,1,1,0,0,1,diesel,suv,manual,mahindra,great,delhi,831399
8,112188,14023.5,1,851,1,1,0,0,1,diesel,hatchback,manual,toyota,great,delhi,279299
11,104870,9533.636363636364,2,1015,1,1,0,0,1,petrol,hatchback,manual,maruti,good,delhi,193799
6,49845,8307.5,2,1200,1,1,0,0,1,diesel,luxury suv,manual,mahindra,great,haryana,902799
5,102888,20577.6,1,1116,1,1,0,0,1,diesel,sedan,manual,maruti,great,delhi,515199
7,82592,11798.857142857143,2,931,1,1,0,0,1,diesel,sedan,manual,hyundai,great,delhi,464699
11,117859,10714.454545454546,1,362,1,1,0,0,1,petrol,sedan,manual,honda,great,delhi,296199
5,78346,15669.2,1,642,1,1,0,0,1,diesel,suv,manual,maruti,great,delhi,617899
5,68907,13781.4,2,515,1,1,0,0,1,petrol,luxury sedan,automatic,toyota,great,haryana,910099
8,86148,10768.5,2,1057,1,1,0,0,1,diesel,suv,manual,maruti,great,delhi,456999
7,79282,11326.0,1,136,1,1,0,0,1,diesel,sedan,manual,maruti,great,uttar pradesh,424299
12,119824,9985.333333333334,1,451,1,1,0,0,1,petrol,hatchback,manual,maruti,good,delhi,203599
6,75248,12541.333333333334,1,7399,1,1,0,0,1,diesel,suv,manual,mahindra,great,delhi,774799
6,88572,14762.0,1,1450,1,1,0,0,1,diesel,suv,manual,nissan,great,delhi,407299
8,97984,12248.0,1,227,1,1,0,0,1,diesel,hatchback,manual,maruti,great,haryana,220299
7,82346,11763.714285714286,1,227,1,1,0,0,1,diesel,hatchback,manual,maruti,great,delhi,371599
9,102024,11336.0,1,556,1,1,0,0,1,diesel,hatchback,manual,maruti,great,delhi,302699
9,133567,14840.777777777777,2,2889,1,1,0,0,1,diesel,sedan,manual,hyundai,great,delhi,309699
8,79248,9906.0,2,431,1,1,0,0,1,diesel,sedan,manual,maruti,great,delhi,359699
9,72293,8032.555555555556,3,1308,1,1,0,0,1,petrol,sedan,automatic,skoda,fair,haryana,371899
11,76923,6993.0,1,2038,1,1,0,0,1,petrol & cng,hatchback,manual,maruti,good,haryana,250499
8,100033,12504.125,1,928,1,1,0,0,1,diesel,hatchback,manual,maruti,great,delhi,293399
9,82756,9195.111111111111,2,1730,1,1,0,0,1,diesel,hatchback,manual,toyota,great,delhi,229699
6,90145,15024.166666666666,1,1044,1,1,0,0,1,diesel,suv,manual,mahindra,great,uttar pradesh,462099
6,106967,17827.833333333332,1,1386,1,1,0,0,1,petrol,sedan,manual,maruti,great,delhi,345399
9,92072,10230.222222222223,1,364,1,1,0,0,1,diesel,sedan,manual,maruti,great,haryana,312999
7,91630,13090.0,1,574,1,1,0,0,1,diesel,hatchback,manual,maruti,great,delhi,409299
7,95770,13681.42857142857,1,1708,1,1,0,0,1,diesel,sedan,manual,maruti,great,haryana,387599
9,112723,12524.777777777777,1,558,1,1,0,0,1,diesel,hatchback,manual,maruti,great,delhi,294299
6,73147,12191.166666666666,2,1832,1,1,0,0,1,diesel,suv,manual,toyota,great,haryana,911199
8,93165,11645.625,3,714,1,1,0,0,1,diesel,hatchback,manual,hyundai,great,haryana,319799
7,89500,12785.714285714286,1,1590,1,1,0,0,1,diesel,sedan,manual,maruti,great,delhi,327899
9,124471,13830.111111111111,1,555,1,1,0,0,1,diesel,hatchback,manual,toyota,good,haryana,272699
7,82095,11727.857142857143,1,285,1,1,0,0,1,diesel,hatchback,manual,fiat,great,delhi,291999
7,83070,11867.142857142857,2,1219,1,1,0,0,1,diesel,sedan,manual,maruti,great,delhi,327399
9,101605,11289.444444444445,1,776,1,1,0,0,1,petrol,sedan,manual,maruti,great,delhi,298599
8,97735,12216.875,1,538,1,1,0,0,1,diesel,hatchback,manual,toyota,great,delhi,317999
6,76329,12721.5,1,913,1,1,0,0,1,diesel,hatchback,manual,hyundai,great,delhi,457399
4,95366,23841.5,1,479,1,1,0,0,1,diesel,sedan,manual,maruti,great,delhi,550799
7,98400,14057.142857142857,1,974,1,1,0,0,1,diesel,sedan,manual,maruti,great,haryana,358599
4,103107,25776.75,1,877,1,1,0,0,1,diesel,sedan,unknown,maruti,great,delhi,529099
6,94410,15735.0,1,1481,1,1,0,0,1,petrol,suv,manual,honda,great,haryana,453999
2,35384,17692.0,2,723,1,1,0,0,1,petrol,suv,manual,hyundai,great,delhi,893799
5,107803,21560.6,1,908,1,1,0,0,1,diesel,hatchback,manual,maruti,great,delhi,526799
8,93113,11639.125,1,643,1,1,0,0,1,diesel,suv,manual,renault,great,uttar pradesh,441199
9,91274,10141.555555555555,3,1213,1,1,0,0,1,petrol,sedan,manual,honda,great,haryana,356799
8,106751,13343.875,1,1245,1,1,0,0,1,diesel,suv,manual,ford,great,delhi,399199
5,98576,19715.2,1,2174,1,1,0,0,1,diesel,suv,unknown,hyundai,great,delhi,679799
4,86066,21516.5,1,932,1,1,0,0,1,diesel,suv,manual,maruti,great,haryana,910399
13,113355,8719.615384615385,1,1113,1,1,0,0,1,petrol,sedan,manual,honda,great,delhi,236699
12,125179,10431.583333333334,1,676,1,1,0,0,1,petrol,sedan,manual,honda,great,delhi,208299
6,84778,14129.666666666666,2,2123,1,1,0,0,1,diesel,luxury suv,manual,mahindra,great,delhi,742499
6,91461,15243.5,1,453,1,1,0,0,1,diesel,hatchback,manual,maruti,great,haryana,427899
6,96266,16044.333333333334,1,516,1,1,0,0,1,diesel,hatchback,manual,maruti,great,uttar pradesh,418499
6,99782,16630.333333333332,1,486,0,1,0,0,1,diesel,sedan,manual,maruti,great,delhi,393599
8,95866,11983.25,1,1278,1,1,0,0,1,diesel,sedan,manual,volkswagen,great,delhi,327499
10,131211,13121.1,2,899,1,1,0,0,1,petrol & cng,luxury sedan,unknown,toyota,great,delhi,399699
10,110291,11029.1,2,912,1,1,0,0,1,petrol,hatchback,manual,volkswagen,fair,haryana,231299
6,122762,20460.333333333332,1,520,0,1,0,0,1,diesel,hatchback,manual,maruti,great,delhi,396699
9,101187,11243.0,2,697,1,1,0,0,1,diesel,hatchback,manual,maruti,great,delhi,209199
8,113692,14211.5,2,1188,0,1,0,0,1,diesel,hatchback,manual,hyundai,great,haryana,271399
11,142754,12977.636363636364,3,645,1,1,0,0,1,petrol,sedan,manual,honda,great,delhi,316099
8,90510,11313.75,1,4229,1,1,0,0,1,diesel,luxury suv,manual,mahindra,great,delhi,478599
8,107095,13386.875,1,991,1,1,0,0,1,diesel,suv,manual,ford,great,delhi,426399
8,113303,14162.875,2,610,1,1,0,0,1,diesel,hatchback,manual,hyundai,great,delhi,331099
11,107333,9757.545454545454,2,699,1,1,0,0,1,petrol,hatchback,manual,honda,great,delhi,239599
10,114657,11465.7,1,835,1,1,0,0,1,petrol,hatchback,manual,hyundai,good,delhi,249299
7,141833,20261.85714285714,2,1304,1,1,0,0,1,diesel,sedan,manual,maruti,great,delhi,297499
8,108612,13576.5,2,2198,1,1,0,0,1,diesel,suv,manual,ford,great,delhi,380399
6,101538,16923.0,2,551,1,1,0,0,1,petrol,hatchback,manual,hyundai,great,delhi,474999
6,79084,13180.666666666666,2,1624,1,1,0,0,1,petrol,luxury sedan,manual,toyota,great,delhi,835699
8,113429,14178.625,1,443,1,1,0,0,1,diesel,hatchback,manual,maruti,great,uttar pradesh,345199
4,98712,24678.0,1,362,1,1,0,0,1,diesel,sedan,unknown,maruti,great,delhi,585799
7,100281,14325.857142857143,1,953,1,1,0,0,1,petrol,suv,manual,ford,great,delhi,472599
6,76940,12823.333333333334,2,1508,1,1,0,1,1,diesel,suv,manual,toyota,great,delhi,793599
9,114962,12773.555555555555,1,350,1,1,0,0,1,diesel,sedan,manual,maruti,great,haryana,342599
7,137256,19608.0,2,1232,1,1,0,0,1,diesel,sedan,manual,honda,great,delhi,391399
7,134412,19201.714285714286,1,2976,1,1,0,0,1,petrol,sedan,manual,skoda,great,haryana,338499
13,126704,9746.461538461539,1,2177,1,1,0,0,1,petrol,luxury sedan,automatic,toyota,great,delhi,298699
4,102223,25555.75,1,548,0,1,0,0,1,diesel,suv,unknown,hyundai,great,delhi,747999
8,147667,18458.375,1,692,1,1,0,0,1,diesel,sedan,manual,honda,great,delhi,290199
9,142099,15788.777777777777,1,382,1,1,0,0,1,diesel,hatchback,manual,maruti,great,delhi,306399
6,122227,20371.166666666668,2,1304,1,1,0,0,1,diesel,suv,manual,ford,good,uttar pradesh,485799
6,122515,20419.166666666668,1,459,1,1,0,0,1,diesel,hatchback,manual,maruti,great,delhi,423099
9,100752,11194.666666666666,1,2122,1,1,0,0,1,diesel,sedan,manual,hyundai,great,delhi,357299
10,129573,12957.3,1,870,1,1,0,0,1,petrol,hatchback,manual,hyundai,good,delhi,255099
8,105493,13186.625,2,926,1,1,0,0,1,diesel,hatchback,manual,toyota,great,delhi,270399
9,130929,14547.666666666666,1,1477,1,1,0,0,1,diesel,sedan,manual,toyota,great,delhi,254499
8,96015,12001.875,1,1256,1,1,0,0,1,diesel,suv,manual,toyota,great,delhi,628199
7,144247,20606.714285714286,1,273,1,1,0,0,1,diesel,sedan,manual,maruti,great,haryana,393899
6,102442,17073.666666666668,2,1084,1,1,0,0,1,diesel,sedan,manual,honda,great,delhi,590799
6,107563,17927.166666666668,1,207,1,1,0,0,1,diesel,hatchback,manual,maruti,great,haryana,457599
9,119615,13290.555555555555,1,694,0,1,0,0,1,petrol,sedan,manual,toyota,great,haryana,299699
6,100098,16683.0,1,286,1,1,0,0,1,petrol,hatchback,manual,maruti,great,delhi,287299
5,165399,33079.8,1,720,1,1,0,0,1,diesel,hatchback,manual,maruti,great,delhi,428799
9,132589,14732.111111111111,1,533,1,1,0,0,1,diesel,sedan,manual,hyundai,good,delhi,402099
5,111100,22220.0,1,2752,1,1,0,1,1,diesel,suv,manual,hyundai,great,delhi,802299
7,100753,14393.285714285714,1,949,1,1,0,0,1,diesel,sedan,manual,hyundai,great,haryana,328599
9,123852,13761.333333333334,1,1440,1,1,0,0,1,diesel,hatchback,manual,maruti,great,delhi,250099
8,155339,19417.375,1,342,1,1,0,0,1,diesel,sedan,manual,maruti,great,delhi,345699
9,123725,13747.222222222223,1,775,1,1,0,0,1,petrol,hatchback,manual,hyundai,good,delhi,293399
10,150503,15050.3,1,1094,1,1,0,0,1,petrol,luxury sedan,automatic,toyota,great,delhi,407899
6,110977,18496.166666666668,2,724,1,1,0,0,1,petrol,hatchback,manual,hyundai,great,delhi,486699
6,138957,23159.5,1,1052,1,1,0,0,1,petrol,suv,manual,renault,great,haryana,468399
10,138341,13834.1,1,888,1,1,0,0,1,petrol & cng,hatchback,manual,maruti,good,delhi,242199
9,159691,17743.444444444445,1,587,1,1,0,0,1,diesel,hatchback,manual,hyundai,great,delhi,323299
7,134058,19151.14285714286,2,554,1,1,0,0,1,diesel,hatchback,manual,toyota,great,haryana,337299
9,93991,10443.444444444445,1,1211,1,1,0,0,1,diesel,hatchback,manual,volkswagen,good,haryana,298499
7,122254,17464.85714285714,2,335,1,1,0,0,1,diesel,hatchback,manual,maruti,great,delhi,429799
10,161043,16104.3,1,524,1,1,0,0,1,petrol,hatchback,manual,hyundai,good,haryana,208299
9,202619,22513.222222222223,1,627,1,1,0,0,1,diesel,sedan,manual,toyota,great,delhi,261199
8,122165,15270.625,1,745,1,1,0,0,1,diesel,sedan,manual,maruti,great,delhi,274699
6,114350,19058.333333333332,2,1108,1,1,0,0,1,diesel,luxury suv,manual,mahindra,great,haryana,852499
9,139216,15468.444444444445,1,1071,1,1,0,0,1,diesel,hatchback,manual,hyundai,great,delhi,265599
7,166731,23818.714285714286,1,1184,1,1,0,0,1,diesel,luxury suv,manual,mahindra,great,delhi,520499
7,175425,25060.714285714286,1,1627,1,1,0,0,1,petrol & cng,hatchback,manual,maruti,great,delhi,361799
8,111431,13928.875,1,344,1,1,0,0,1,diesel,hatchback,manual,toyota,great,delhi,320399
7,129459,18494.14285714286,2,790,1,1,0,0,1,diesel,sedan,manual,hyundai,great,delhi,502099
10,133387,13338.7,1,448,1,1,0,0,1,petrol,sedan,manual,volkswagen,good,delhi,279299
8,119895,14986.875,1,507,1,1,0,0,1,diesel,hatchback,manual,maruti,great,delhi,317799
5,87025,17405.0,2,3552,1,1,0,0,1,diesel,suv,manual,mahindra,great,haryana,974699
8,112846,14105.75,3,1700,1,1,0,0,1,diesel,suv,manual,toyota,great,haryana,586899
6,158520,26420.0,1,2518,1,1,0,0,1,petrol & cng,hatchback,manual,maruti,great,delhi,338799
8,112228,14028.5,1,1677,1,1,0,0,1,diesel,suv,manual,maruti,great,delhi,478499
8,67380,8422.5,1,1749,1,1,0,0,1,diesel,luxury sedan,manual,mercedes benz,great,haryana,1366629
9,125497,13944.111111111111,2,2296,1,1,0,0,1,diesel,sedan,manual,hyundai,great,delhi,313599
7,120226,17175.14285714286,1,2241,1,1,0,0,1,diesel,suv,manual,maruti,great,delhi,428799
5,155671,31134.2,1,2600,1,1,0,0,1,diesel,sedan,manual,maruti,great,uttar pradesh,482399
5,146585,29317.0,1,1364,1,1,0,0,1,diesel,suv,manual,mahindra,great,haryana,526999
8,141309,17663.625,1,548,1,1,0,0,1,diesel,hatchback,manual,maruti,great,delhi,340399
8,69864,8733.0,3,3294,0,1,0,0,1,diesel,luxury sedan,manual,mercedes benz,great,uttar pradesh,1150186
8,130592,16324.0,1,964,1,1,0,0,1,diesel,suv,manual,ford,great,haryana,404299
7,104060,14865.714285714286,1,1708,1,1,0,1,1,diesel,sedan,manual,honda,great,delhi,433999
7,99985,14283.57142857143,1,1418,1,1,0,0,1,diesel,suv,manual,toyota,great,delhi,691699
9,90722,10080.222222222223,2,5452,1,1,0,0,1,diesel,luxury sedan,automatic,audi,great,delhi,937999
8,110055,13756.875,1,1039,1,1,0,0,1,diesel,hatchback,manual,hyundai,great,delhi,287999
9,151622,16846.88888888889,1,587,1,1,0,0,1,diesel,sedan,manual,maruti,great,delhi,307499
8,121255,15156.875,2,897,1,1,0,0,1,diesel,hatchback,manual,toyota,great,delhi,264599
7,84036,12005.142857142857,1,710,1,1,0,0,1,diesel,suv,manual,toyota,great,delhi,968299
8,136754,17094.25,1,879,1,1,0,0,1,diesel,sedan,manual,honda,great,delhi,303799
7,121360,17337.14285714286,2,742,1,1,0,0,1,diesel,hatchback,manual,maruti,great,delhi,300699
6,112578,18763.0,1,390,1,1,0,0,1,petrol & cng,hatchback,manual,maruti,good,haryana,279599
9,176354,19594.88888888889,1,942,1,1,0,0,1,diesel,luxury suv,manual,toyota,great,uttar pradesh,1093929
7,94389,13484.142857142857,1,2303,1,1,0,0,1,petrol,luxury sedan,automatic,toyota,great,delhi,823799
8,114943,14367.875,2,797,1,1,0,0,1,diesel,hatchback,manual,hyundai,great,delhi,350299
9,154464,17162.666666666668,2,3150,1,1,0,0,1,diesel,luxury suv,automatic,toyota,good,delhi,1352691
8,157688,19711.0,1,909,1,1,0,0,1,diesel,suv,manual,toyota,great,delhi,620699
7,123799,17685.571428571428,2,2961,1,1,0,0,1,diesel,luxury suv,automatic,toyota,great,delhi,1290677
7,111327,15903.857142857143,2,3556,1,1,0,0,1,diesel,luxury suv,automatic,toyota,great,uttar pradesh,1376224
8,146512,18314.0,1,670,1,1,0,0,1,diesel,sedan,manual,maruti,great,delhi,291999
5,152387,30477.4,1,4472,1,1,0,0,1,diesel,suv,manual,hyundai,great,delhi,686399
7,190850,27264.285714285714,1,1240,1,1,0,0,1,diesel,suv,manual,toyota,great,haryana,662899
6,184158,30693.0,1,1765,1,1,0,0,1,diesel,sedan,manual,toyota,great,uttar pradesh,369299
9,119763,13307.0,1,518,1,1,0,0,1,diesel,luxury suv,manual,toyota,great,haryana,1131097
8,190050,23756.25,1,2176,1,1,0,0,1,petrol & cng,hatchback,manual,maruti,great,delhi,242799
8,195338,24417.25,1,516,1,1,0,0,1,diesel,suv,manual,toyota,great,haryana,630699
8,106269,13283.625,1,763,1,1,0,0,1,petrol,hatchback,manual,hyundai,good,uttar pradesh,218499
9,142163,15795.888888888889,1,2537,1,1,0,0,1,diesel,luxury suv,manual,toyota,great,delhi,1118270
1,2224,2224.0,1,6499,1,1,0,0,1,petrol,hatchback,unknown,renault,great,haryana,466199
4,26229,6557.25,1,2121,1,1,0,0,1,diesel,suv,manual,maruti,great,delhi,843299
9,17919,1991.0,1,1919,1,1,0,0,1,petrol,hatchback,manual,maruti,great,delhi,215399
9,23750,2638.8888888888887,1,4150,1,1,0,0,1,petrol,hatchback,manual,maruti,great,delhi,195299
7,9693,1384.7142857142858,1,2464,1,1,0,0,1,petrol,hatchback,manual,hyundai,great,delhi,228999
11,14455,1314.090909090909,1,1267,1,1,0,0,1,petrol,hatchback,manual,maruti,good,delhi,182299
7,23888,3412.5714285714284,1,1002,1,1,0,0,1,petrol,hatchback,manual,maruti,great,haryana,460699
7,27416,3916.5714285714284,1,1870,1,1,0,0,1,petrol,hatchback,manual,maruti,great,delhi,289599
6,27014,4502.333333333333,1,634,1,1,0,0,1,petrol,hatchback,manual,maruti,great,delhi,249599
3,13971,4657.0,1,364,1,1,0,0,1,petrol,hatchback,automatic,maruti,great,delhi,525399
11,26740,2430.909090909091,1,48,1,1,0,0,1,petrol,hatchback,manual,maruti,great,delhi,249199
5,17995,3599.0,1,3138,1,1,0,0,1,diesel,suv,manual,maruti,great,delhi,670099
8,19712,2464.0,1,59,1,1,0,0,1,petrol,hatchback,manual,maruti,great,delhi,295399
9,36725,4080.5555555555557,1,938,1,1,0,0,1,petrol,hatchback,automatic,hyundai,great,uttar pradesh,299099
11,43609,3964.4545454545455,1,998,1,1,0,0,1,petrol,hatchback,manual,hyundai,great,delhi,205999
7,31013,4430.428571428572,1,67,1,1,0,0,1,petrol,hatchback,manual,maruti,good,delhi,262099
8,43029,5378.625,1,1879,1,1,0,0,1,diesel,hatchback,manual,maruti,great,delhi,293999
11,59370,5397.272727272727,2,764,1,1,0,0,1,petrol,hatchback,manual,maruti,great,delhi,188799
9,50238,5582.0,1,1948,1,1,0,0,1,petrol,sedan,manual,toyota,great,delhi,286599
10,42965,4296.5,2,171,1,1,0,0,1,petrol,hatchback,manual,hyundai,good,delhi,257199
8,8967,1120.875,1,140,1,1,0,0,1,petrol,hatchback,manual,maruti,great,delhi,239399
2,5817,2908.5,1,5350,1,1,0,0,1,petrol,suv,unknown,tata,great,uttar pradesh,759199
6,46392,7732.0,1,1492,1,1,0,0,1,diesel,hatchback,manual,hyundai,great,uttar pradesh,349199
5,43212,8642.4,1,1471,1,1,0,1,1,petrol,hatchback,manual,maruti,great,delhi,450799
7,39878,5696.857142857143,1,1186,1,1,0,0,1,petrol,hatchback,manual,maruti,great,delhi,208099
11,27473,2497.5454545454545,1,1187,1,1,0,0,1,petrol,hatchback,manual,maruti,good,delhi,275799
7,47707,6815.285714285715,2,632,1,1,0,0,1,petrol,hatchback,manual,hyundai,great,delhi,204299
1,18509,18509.0,1,1518,1,1,0,0,1,petrol,hatchback,manual,maruti,great,haryana,315699
11,50189,4562.636363636364,2,580,1,1,0,0,1,petrol,hatchback,manual,maruti,good,delhi,191299
8,49362,6170.25,2,13,1,1,0,0,1,petrol,sedan,manual,maruti,great,delhi,347899
3,55247,18415.666666666668,1,509,1,1,0,0,1,petrol & cng,suv,manual,maruti,great,delhi,320499
5,43794,8758.8,1,1753,1,1,0,0,1,petrol,hatchback,manual,maruti,great,delhi,451699
4,30133,7533.25,2,1742,1,1,0,0,1,petrol,suv,manual,ford,great,haryana,636099
12,30403,2533.5833333333335,1,1900,1,1,0,0,1,petrol,hatchback,manual,maruti,good,delhi,181199
5,46592,9318.4,1,596,1,1,0,0,1,petrol,hatchback,manual,renault,good,delhi,267299
7,61234,8747.714285714286,2,793,1,1,0,0,1,diesel,hatchback,manual,hyundai,great,delhi,451299
13,21728,1671.3846153846155,2,780,1,1,0,0,1,petrol,hatchback,manual,maruti,fair,delhi,142099
10,66960,6696.0,2,541,0,1,0,0,1,petrol,hatchback,manual,toyota,great,delhi,242999
5,66524,13304.8,1,703,0,1,0,0,1,diesel,hatchback,manual,maruti,great,haryana,435899
8,63766,7970.75,1,1557,1,1,0,0,1,diesel,suv,manual,renault,great,delhi,370099
3,53488,17829.333333333332,1,1090,1,1,0,0,1,petrol,hatchback,manual,maruti,great,haryana,289799
9,76353,8483.666666666666,1,360,1,1,0,0,1,diesel,hatchback,manual,maruti,great,delhi,314899
6,47806,7967.666666666667,1,895,1,1,0,0,1,petrol,hatchback,manual,maruti,great,uttar pradesh,483999
13,69701,5361.615384615385,1,1089,1,1,0,0,1,petrol,hatchback,manual,hyundai,good,delhi,171299
11,81788,7435.272727272727,1,420,1,1,0,0,1,petrol,sedan,manual,honda,great,delhi,340199
9,72454,8050.444444444444,1,421,1,1,0,0,1,petrol & cng,hatchback,manual,maruti,great,delhi,367999
2,13877,6938.5,1,2133,1,1,0,0,1,diesel,suv,automatic,toyota,great,haryana,1772548
7,64810,9258.57142857143,3,1090,1,1,0,0,1,petrol,sedan,manual,maruti,great,uttar pradesh,345499
5,39204,7840.8,1,237,1,1,0,0,1,petrol,hatchback,manual,datsun,good,delhi,224899
10,46102,4610.2,1,25,1,1,0,0,1,petrol,hatchback,manual,maruti,good,delhi,261699
8,64031,8003.875,1,475,1,1,0,0,1,diesel,sedan,manual,maruti,great,delhi,334699
11,80042,7276.545454545455,1,607,1,1,0,0,1,petrol,sedan,manual,maruti,great,delhi,252899
10,82363,8236.3,2,7172,1,1,0,0,1,petrol,sedan,manual,honda,great,gujarat,379199
10,94604,9460.4,1,5671,1,1,0,0,1,petrol,hatchback,manual,chevrolet,good,delhi,158499
5,63301,12660.2,1,977,1,1,0,0,1,petrol,sedan,manual,maruti,great,haryana,577799
8,71625,8953.125,1,1226,1,1,0,0,1,diesel,sedan,manual,hyundai,great,delhi,404299
8,63675,7959.375,1,1317,1,1,0,1,1,diesel,suv,manual,toyota,great,delhi,690499
8,64179,8022.375,1,726,1,1,0,0,1,diesel,hatchback,manual,hyundai,great,delhi,297599
9,77333,8592.555555555555,4,2053,1,1,0,0,1,petrol,sedan,automatic,honda,great,delhi,347899
13,82360,6335.384615384615,2,4763,1,1,0,0,1,petrol & cng,sedan,manual,honda,great,delhi,181499
13,102509,7885.307692307692,1,2816,1,1,0,0,1,petrol,sedan,manual,honda,great,delhi,173299
10,88214,8821.4,2,416,1,1,0,0,1,petrol,hatchback,manual,hyundai,great,delhi,261299
2,16315,8157.5,1,3930,1,1,0,0,1,petrol,suv,manual,hyundai,great,uttar pradesh,915399
12,119227,9935.583333333334,1,743,1,1,0,0,1,petrol,hatchback,manual,maruti,great,haryana,134699
6,86072,14345.333333333334,1,433,1,1,0,0,1,diesel,hatchback,manual,maruti,great,delhi,443799
3,48131,16043.666666666666,1,1065,1,1,0,0,1,diesel,sedan,manual,maruti,great,delhi,628499
13,86350,6642.307692307692,1,918,1,1,0,0,1,petrol,hatchback,manual,maruti,good,delhi,196799
9,23771,2641.222222222222,1,2289,1,1,0,0,1,diesel,luxury sedan,manual,mercedes benz,great,delhi,1147358
9,79895,8877.222222222223,1,1907,1,1,0,1,1,diesel,suv,manual,toyota,great,delhi,575599
7,64105,9157.857142857143,1,738,0,1,0,0,1,petrol,hatchback,manual,hyundai,good,delhi,223899
3,44133,14711.0,1,2056,1,1,0,0,1,diesel,luxury suv,manual,mahindra,great,haryana,1305019
7,75416,10773.714285714286,1,2887,1,1,0,0,1,petrol,hatchback,manual,hyundai,great,delhi,194799
3,43872,14624.0,1,1204,1,1,0,0,1,petrol,hatchback,manual,volkswagen,great,uttar pradesh,738499
3,53959,17986.333333333332,2,1112,1,1,0,0,1,diesel,suv,manual,maruti,great,delhi,690599
6,50024,8337.333333333334,1,21,1,1,0,0,1,petrol,hatchback,manual,maruti,good,delhi,290499
5,72792,14558.4,1,661,1,1,0,0,1,diesel,suv,manual,maruti,great,haryana,675099
9,88519,9835.444444444445,2,1104,1,1,0,1,1,diesel,hatchback,manual,hyundai,great,delhi,247999
11,95758,8705.272727272728,1,725,1,1,0,0,1,petrol,sedan,manual,honda,great,delhi,311599
11,120919,10992.636363636364,1,577,1,1,0,0,1,petrol,sedan,manual,maruti,great,delhi,227399
10,105549,10554.9,2,1087,1,1,0,0,1,petrol,sedan,manual,honda,good,uttar pradesh,473199
6,72762,12127.0,1,359,1,1,0,0,1,diesel,suv,unknown,hyundai,great,delhi,785999
5,108250,21650.0,1,893,1,1,0,0,1,petrol,hatchback,manual,hyundai,great,uttar pradesh,470099
8,115367,14420.875,1,116,1,1,0,0,1,petrol,hatchback,manual,maruti,great,delhi,201399
7,78558,11222.57142857143,1,1005,1,1,0,0,1,diesel,suv,manual,renault,great,delhi,380999
6,104430,17405.0,1,2734,1,1,0,0,1,petrol,hatchback,manual,tata,good,delhi,259599
10,136865,13686.5,1,467,1,1,0,0,1,petrol,sedan,manual,honda,great,delhi,331499
8,108274,13534.25,1,14,1,1,0,0,1,diesel,hatchback,manual,maruti,great,delhi,325599
8,106133,13266.625,2,514,1,1,0,0,1,diesel,hatchback,manual,toyota,great,delhi,272199
9,117766,13085.111111111111,2,458,1,1,0,0,1,diesel,sedan,manual,maruti,great,delhi,289899
9,118764,13196.0,1,722,0,1,0,0,1,petrol,sedan,manual,toyota,good,delhi,257999
6,83737,13956.166666666666,2,2268,1,1,0,0,1,diesel,luxury suv,automatic,audi,great,delhi,1559943
8,139784,17473.0,1,309,1,1,0,0,1,diesel,hatchback,manual,hyundai,good,delhi,283499
8,149275,18659.375,1,800,1,1,0,0,1,diesel,sedan,manual,maruti,great,uttar pradesh,357599
7,107208,15315.42857142857,1,1514,1,1,0,1,1,diesel,sedan,manual,honda,great,delhi,414399
13,207474,15959.538461538461,1,1332,1,1,0,0,1,petrol,sedan,manual,honda,good,haryana,194999
7,103468,14781.142857142857,2,510,1,1,0,0,1,diesel,hatchback,manual,toyota,great,uttar pradesh,320999
9,212989,23665.444444444445,1,1515,1,1,0,0,1,diesel,sedan,manual,toyota,great,haryana,240599
9,129390,14376.666666666666,1,827,1,1,0,0,1,diesel,sedan,manual,maruti,great,delhi,260599
6,130673,21778.833333333332,1,822,1,1,0,0,1,diesel,suv,manual,renault,great,haryana,549499
7,114695,16385.0,1,660,1,1,0,1,1,diesel,hatchback,manual,toyota,great,uttar pradesh,325100
10,13966,1396.6,1,6641,1,1,1,0,1,petrol,hatchback,manual,maruti,great,delhi,171299
8,38385,4798.125,1,1988,1,1,1,0,1,petrol,hatchback,manual,maruti,great,haryana,264299
1,2431,2431.0,1,338,1,1,1,0,1,petrol,hatchback,manual,maruti,great,delhi,671999
7,27742,3963.1428571428573,2,1525,1,1,1,0,1,petrol,hatchback,manual,maruti,great,haryana,278899
4,9562,2390.5,2,9667,1,1,1,0,1,petrol,sedan,manual,maruti,great,delhi,536799
6,26197,4366.166666666667,1,5079,1,1,1,0,1,petrol,hatchback,manual,tata,good,delhi,126099
1,3965,3965.0,1,3221,1,1,1,0,1,petrol,hatchback,manual,maruti,great,delhi,667599
4,9188,2297.0,1,3839,0,1,1,0,1,petrol,hatchback,manual,hyundai,great,delhi,445299
8,30218,3777.25,1,1751,1,1,1,0,1,petrol,luxury sedan,manual,toyota,great,delhi,492299
8,18779,2347.375,2,7961,1,1,1,0,1,petrol,sedan,manual,volkswagen,great,uttar pradesh,368199
6,33526,5587.666666666667,1,4590,1,1,1,0,1,diesel,sedan,manual,honda,great,delhi,366599
3,20603,6867.666666666667,2,1276,1,1,1,0,1,petrol,hatchback,manual,hyundai,great,delhi,440499
5,7507,1501.4,1,1236,1,1,1,0,1,petrol,hatchback,manual,maruti,great,delhi,294199
8,44007,5500.875,1,1826,1,1,1,0,1,diesel,hatchback,manual,hyundai,great,delhi,293599
5,11817,2363.4,1,2694,1,1,1,0,1,petrol,suv,manual,mahindra,great,delhi,335299
8,39788,4973.5,1,1789,1,1,1,0,1,petrol,hatchback,manual,hyundai,great,delhi,345999
5,2653,530.6,1,4035,1,1,1,0,1,petrol,hatchback,manual,hyundai,great,delhi,366099
8,29622,3702.75,1,3999,1,1,1,0,1,diesel,sedan,manual,maruti,great,delhi,369299
1,4705,4705.0,1,4918,1,1,1,0,1,petrol,hatchback,unknown,hyundai,great,delhi,586499
5,15541,3108.2,1,2812,1,1,1,0,1,petrol & cng,hatchback,manual,hyundai,great,delhi,450899
9,40306,4478.444444444444,1,1981,1,1,1,0,1,petrol,hatchback,manual,honda,great,delhi,270699
10,39711,3971.1,2,2884,1,1,1,0,1,petrol,hatchback,manual,maruti,great,delhi,163699
10,42176,4217.6,1,2943,1,1,1,0,1,petrol,sedan,manual,nissan,great,delhi,251499
7,35218,5031.142857142857,1,1457,1,1,1,0,1,petrol,hatchback,manual,maruti,great,delhi,285899
6,27324,4554.0,1,2046,1,1,1,1,1,petrol,hatchback,manual,hyundai,great,delhi,389099
6,26090,4348.333333333333,1,3383,1,1,1,0,1,diesel,sedan,unknown,maruti,great,delhi,462199
4,27010,6752.5,1,1395,1,1,1,0,1,petrol,hatchback,manual,hyundai,great,haryana,583999
7,25457,3636.714285714286,1,3062,1,1,1,0,1,petrol,hatchback,manual,hyundai,great,delhi,339199
4,11116,2779.0,2,3437,1,1,1,0,1,petrol,hatchback,manual,hyundai,great,delhi,502099
7,19487,2783.8571428571427,1,1417,1,1,1,0,1,petrol,sedan,automatic,hyundai,great,delhi,405499
8,49409,6176.125,1,1651,1,1,1,0,1,diesel,sedan,manual,maruti,great,delhi,371699
5,33661,6732.2,2,1819,1,1,1,0,1,petrol,hatchback,manual,hyundai,great,delhi,355099
4,17399,4349.75,1,5530,1,1,1,0,1,petrol,hatchback,manual,tata,great,delhi,384599
7,44864,6409.142857142857,1,2443,1,1,1,0,1,petrol,hatchback,manual,hyundai,great,delhi,206799
6,37812,6302.0,1,1620,1,1,1,0,1,petrol & cng,hatchback,manual,maruti,great,delhi,276999
8,34923,4365.375,2,2397,1,1,1,0,1,petrol & cng,sedan,automatic,volkswagen,great,haryana,422299
9,50918,5657.555555555556,1,1921,1,1,1,0,1,petrol,hatchback,manual,hyundai,great,delhi,280699
6,45940,7656.666666666667,1,763,1,1,1,0,1,petrol,hatchback,manual,hyundai,great,delhi,424899
10,61699,6169.9,1,1836,1,1,1,0,1,petrol,hatchback,manual,hyundai,great,delhi,252299
2,7414,3707.0,1,4694,1,1,1,0,1,petrol,unknown,unknown,hyundai,great,haryana,454599
7,16316,2330.8571428571427,1,4403,1,1,1,0,1,petrol,hatchback,manual,hyundai,great,delhi,322399
4,31543,7885.75,1,1254,1,1,1,0,1,petrol,hatchback,automatic,maruti,great,delhi,398299
3,31774,10591.333333333334,2,1832,1,1,1,0,1,petrol & cng,suv,manual,maruti,great,delhi,323799
11,45029,4093.5454545454545,1,1932,1,1,1,0,1,petrol,hatchback,manual,maruti,great,delhi,189599
3,33171,11057.0,3,4122,1,1,1,0,1,petrol,hatchback,manual,maruti,great,delhi,418399
6,12618,2103.0,1,1074,1,1,1,0,1,petrol,hatchback,manual,maruti,great,delhi,473899
7,46252,6607.428571428572,2,3189,1,1,1,0,1,petrol,sedan,manual,honda,great,haryana,327299
11,25088,2280.7272727272725,2,2792,1,1,1,0,1,petrol,hatchback,manual,maruti,good,delhi,179599
8,43540,5442.5,1,2969,1,1,1,0,1,petrol,hatchback,manual,hyundai,great,delhi,249999
5,19211,3842.2,1,1040,1,1,1,0,1,petrol,hatchback,manual,renault,good,uttar pradesh,285999
4,35397,8849.25,1,3485,1,1,1,0,1,petrol,hatchback,manual,renault,great,haryana,273899
6,28162,4693.666666666667,2,161,1,1,1,0,1,petrol,hatchback,manual,renault,great,delhi,235899
7,28847,4121.0,1,2929,1,1,1,0,1,petrol,sedan,manual,honda,great,delhi,522099
3,15341,5113.666666666667,1,2369,1,1,1,0,1,petrol & cng,hatchback,manual,maruti,great,haryana,462499
5,33368,6673.6,1,2736,1,1,1,0,1,diesel,suv,manual,mahindra,great,delhi,349799
6,37481,6246.833333333333,1,1741,1,1,1,0,1,diesel,hatchback,manual,maruti,great,haryana,439599
2,9648,4824.0,1,2881,1,1,1,0,1,petrol,hatchback,manual,maruti,great,delhi,481499
9,42060,4673.333333333333,2,1175,0,1,1,0,1,petrol,suv,manual,maruti,great,haryana,430099
2,6173,3086.5,1,6918,1,1,1,0,1,petrol,suv,unknown,mahindra,great,haryana,618299
8,48895,6111.875,1,1840,1,1,1,0,1,diesel,suv,manual,renault,great,delhi,350199
5,34704,6940.8,1,1499,0,1,1,0,1,petrol,hatchback,manual,honda,great,delhi,380699
5,26689,5337.8,1,1272,1,1,1,0,1,petrol,hatchback,manual,renault,good,haryana,275199
3,17773,5924.333333333333,1,1417,1,1,1,0,1,petrol,hatchback,manual,maruti,great,uttar pradesh,297199
7,43598,6228.285714285715,2,1670,1,1,1,0,1,petrol,hatchback,automatic,maruti,great,haryana,306399
11,41645,3785.909090909091,2,1193,1,1,1,0,1,petrol,hatchback,manual,maruti,great,delhi,194599
10,64272,6427.2,1,3308,1,1,1,0,1,petrol,sedan,automatic,hyundai,great,haryana,422099
8,50444,6305.5,1,1841,1,1,1,0,1,diesel,luxury suv,manual,mahindra,great,haryana,547299
2,7045,3522.5,1,1742,0,1,1,0,1,petrol,hatchback,manual,maruti,great,delhi,605599
7,50727,7246.714285714285,1,1794,1,1,1,0,1,diesel,suv,manual,maruti,great,delhi,504699
9,59070,6563.333333333333,1,4375,1,1,1,0,1,diesel,sedan,manual,volkswagen,great,delhi,281799
6,35499,5916.5,1,1588,1,1,1,0,1,diesel,hatchback,unknown,maruti,great,haryana,471699
1,1153,1153.0,1,6754,0,1,1,0,1,petrol,hatchback,manual,renault,great,delhi,338399
10,85096,8509.6,1,2679,1,1,1,0,1,petrol,hatchback,manual,ford,great,delhi,167899
2,4693,2346.5,1,3092,1,1,1,0,1,petrol,sedan,manual,honda,great,uttar pradesh,615399
4,40141,10035.25,1,2377,1,1,1,0,1,petrol,hatchback,manual,tata,great,delhi,353499
6,47397,7899.5,1,2647,1,1,1,0,1,diesel,suv,manual,maruti,great,haryana,445499
9,64311,7145.666666666667,1,1297,1,1,1,0,1,petrol,sedan,manual,toyota,great,delhi,292399
6,44731,7455.166666666667,1,4829,1,1,1,0,1,petrol,sedan,automatic,honda,great,delhi,639599
6,45715,7619.166666666667,2,1621,1,1,1,0,1,petrol,hatchback,manual,hyundai,great,delhi,214399
6,40909,6818.166666666667,4,3121,0,1,1,0,1,petrol,hatchback,manual,tata,good,delhi,120199
3,12149,4049.6666666666665,1,1175,1,1,1,0,1,diesel,suv,manual,maruti,great,delhi,817299
11,58558,5323.454545454545,1,1669,1,1,1,0,1,petrol,hatchback,manual,hyundai,great,uttar pradesh,238199
4,82242,20560.5,1,1280,1,1,1,0,1,diesel,hatchback,manual,toyota,great,uttar pradesh,441399
7,57702,8243.142857142857,2,2014,1,1,1,1,1,diesel,sedan,manual,hyundai,great,delhi,470999
11,70270,6388.181818181818,2,2373,1,1,1,0,1,petrol,hatchback,manual,maruti,great,delhi,150099
8,50250,6281.25,1,1010,1,1,1,0,1,petrol,hatchback,manual,maruti,great,delhi,200299
3,29544,9848.0,2,3086,1,1,1,0,1,petrol,hatchback,automatic,maruti,great,haryana,492199
13,38054,2927.230769230769,1,10560,1,1,1,0,1,petrol,hatchback,manual,maruti,great,delhi,109199
9,52981,5886.777777777777,2,1048,1,1,1,0,1,petrol & cng,hatchback,manual,hyundai,great,delhi,329299
10,57138,5713.8,1,1566,1,1,1,0,1,petrol,hatchback,manual,hyundai,great,delhi,264399
10,70602,7060.2,1,4790,1,1,1,0,1,petrol,hatchback,manual,hyundai,great,delhi,179299
7,55490,7927.142857142857,1,1006,1,1,1,0,1,diesel,sedan,manual,honda,great,delhi,305699
5,39320,7864.0,1,3262,1,1,1,0,1,petrol,sedan,manual,maruti,great,delhi,555899
4,41246,10311.5,1,3768,1,1,1,0,1,petrol & cng,suv,manual,maruti,great,delhi,293799
2,10750,5375.0,1,6279,1,1,1,0,1,petrol,sedan,manual,honda,great,delhi,780899
4,37288,9322.0,1,1185,1,1,1,0,1,petrol,hatchback,manual,maruti,great,delhi,487299
2,28061,14030.5,1,1808,1,1,1,0,1,petrol,hatchback,manual,maruti,great,delhi,547299
6,41287,6881.166666666667,1,2379,1,1,1,0,1,petrol & cng,hatchback,manual,maruti,good,delhi,363799
4,31514,7878.5,1,2437,1,1,1,0,1,petrol,sedan,automatic,honda,great,delhi,868799
9,71072,7896.888888888889,1,1104,1,1,1,0,1,petrol,sedan,manual,maruti,great,delhi,316999
5,46510,9302.0,1,1309,1,1,1,0,1,petrol & cng,hatchback,manual,maruti,great,delhi,285199
4,9452,2363.0,1,1788,1,1,1,0,1,petrol,suv,manual,ford,great,delhi,694999
12,73413,6117.75,2,1439,1,1,1,1,1,petrol,luxury sedan,unknown,toyota,great,delhi,231699
9,62667,6963.0,1,3064,1,1,1,0,1,petrol,hatchback,manual,maruti,good,haryana,165999
8,72980,9122.5,1,2866,1,1,1,0,1,diesel,sedan,manual,volkswagen,great,delhi,442499
2,33398,16699.0,1,3260,1,1,1,0,1,petrol & cng,hatchback,manual,maruti,great,delhi,353499
3,56482,18827.333333333332,1,2637,1,1,1,0,1,petrol & cng,hatchback,manual,maruti,great,delhi,304699
8,52685,6585.625,1,597,1,1,1,0,1,petrol,hatchback,manual,maruti,good,delhi,223299
4,37134,9283.5,1,4603,1,1,1,0,1,diesel,suv,manual,mahindra,great,delhi,671399
7,52544,7506.285714285715,2,2813,1,1,1,0,1,petrol,luxury sedan,manual,toyota,great,delhi,631399
2,44040,22020.0,1,4756,1,1,1,0,1,petrol,unknown,unknown,maruti,great,delhi,402199
8,57816,7227.0,1,4448,1,1,1,0,1,petrol & cng,hatchback,manual,hyundai,great,delhi,365399
2,23342,11671.0,1,5813,1,1,1,0,1,petrol & cng,hatchback,manual,tata,great,uttar pradesh,376099
11,69171,6288.272727272727,1,1183,1,1,1,0,1,petrol,sedan,manual,honda,great,delhi,293999
7,57670,8238.57142857143,1,1175,1,1,1,0,1,diesel,sedan,manual,honda,great,uttar pradesh,508599
9,65125,7236.111111111111,2,1539,1,1,1,0,1,petrol & cng,hatchback,manual,honda,great,haryana,263399
3,12269,4089.6666666666665,1,382,1,1,1,0,1,petrol,sedan,unknown,maruti,great,delhi,802299
11,82336,7485.090909090909,1,2785,0,1,1,0,1,petrol,hatchback,manual,maruti,great,delhi,181699
6,69030,11505.0,1,1708,1,1,1,0,1,diesel,sedan,unknown,maruti,great,delhi,391899
8,75654,9456.75,1,1814,1,1,1,0,1,diesel,hatchback,manual,hyundai,great,delhi,279099
10,53671,5367.1,1,12386,1,1,1,0,1,petrol,hatchback,manual,maruti,good,delhi,197299
3,26871,8957.0,1,2029,0,1,1,0,1,petrol,suv,unknown,ford,great,delhi,806399
10,80272,8027.2,1,928,1,1,1,0,1,petrol & cng,hatchback,manual,ford,great,delhi,154099
6,54227,9037.833333333334,1,969,1,1,1,0,1,petrol,hatchback,manual,renault,great,haryana,258599
2,17800,8900.0,1,2565,1,1,1,0,1,petrol & cng,unknown,unknown,maruti,great,haryana,532699
5,50340,10068.0,2,1918,1,1,1,0,1,petrol & cng,hatchback,automatic,maruti,great,delhi,315399
4,41560,10390.0,1,1105,0,1,1,0,1,petrol,hatchback,manual,volkswagen,great,uttar pradesh,444299
8,62427,7803.375,1,1566,0,1,1,0,1,petrol,hatchback,manual,hyundai,great,delhi,350199
2,9422,4711.0,1,1795,1,1,1,0,1,petrol,unknown,unknown,mg,great,haryana,1647106
5,54848,10969.6,1,883,0,1,1,0,1,petrol,sedan,manual,honda,great,delhi,441999
7,47451,6778.714285714285,1,2068,1,1,1,0,1,petrol,sedan,manual,hyundai,great,haryana,537699
6,71883,11980.5,2,456,1,1,1,0,1,diesel,suv,manual,nissan,great,haryana,465999
2,32701,16350.5,1,7049,1,1,1,0,1,petrol & cng,unknown,unknown,maruti,great,haryana,444299
3,56847,18949.0,1,1437,1,1,1,0,1,petrol,hatchback,manual,maruti,great,haryana,484099
7,66962,9566.0,2,1446,1,1,1,0,1,petrol,hatchback,manual,hyundai,great,delhi,290099
7,70172,10024.57142857143,1,4137,1,1,1,0,1,diesel,luxury suv,manual,mahindra,great,delhi,499999
6,57541,9590.166666666666,1,686,1,1,1,0,1,petrol,sedan,automatic,honda,great,delhi,670999
5,54013,10802.6,1,537,1,1,1,0,1,diesel,sedan,manual,maruti,great,delhi,417799
3,47014,15671.333333333334,1,1473,1,1,1,0,1,diesel,sedan,unknown,maruti,great,delhi,444099
8,73316,9164.5,1,1336,1,1,1,0,1,petrol,suv,manual,ford,great,haryana,393799
4,45517,11379.25,1,1585,1,1,1,0,1,petrol,hatchback,manual,hyundai,great,delhi,559799
2,25985,12992.5,1,1099,1,1,1,0,1,petrol,hatchback,manual,maruti,great,haryana,641399
8,64867,8108.375,1,2150,1,1,1,0,1,diesel,sedan,manual,maruti,great,uttar pradesh,350399
3,33729,11243.0,1,972,1,1,1,0,1,diesel,suv,manual,maruti,great,uttar pradesh,731599
4,39364,9841.0,1,1609,1,1,1,0,1,diesel,suv,unknown,ford,great,delhi,734099
4,89385,22346.25,1,2571,1,1,1,0,1,diesel,hatchback,manual,toyota,great,uttar pradesh,454199
8,82595,10324.375,1,1039,0,1,1,0,1,diesel,suv,manual,toyota,great,delhi,628499
11,99765,9069.545454545454,1,2099,1,1,1,0,1,petrol & cng,sedan,manual,maruti,great,delhi,222099
9,84236,9359.555555555555,1,1621,1,1,1,0,1,diesel,hatchback,manual,volkswagen,great,delhi,225599
4,39200,9800.0,1,1840,1,1,1,0,1,petrol,hatchback,manual,maruti,great,delhi,323599
4,43402,10850.5,2,2080,1,1,1,0,1,diesel,suv,manual,isuzu,great,delhi,1081304
11,81112,7373.818181818182,2,912,1,1,1,0,1,petrol,sedan,manual,maruti,good,delhi,229699
5,72411,14482.2,1,624,1,1,1,0,1,diesel,hatchback,manual,hyundai,great,delhi,513599
8,74194,9274.25,1,809,1,1,1,0,1,diesel,suv,manual,ford,great,delhi,421999
6,69074,11512.333333333334,1,6219,1,1,1,0,1,diesel,luxury suv,automatic,audi,great,delhi,1355721
3,13624,4541.333333333333,1,1107,1,1,1,0,1,diesel,suv,automatic,maruti,great,delhi,937499
3,40835,13611.666666666666,1,676,1,1,1,0,1,petrol,hatchback,automatic,maruti,great,haryana,409899
3,63042,21014.0,1,791,1,1,1,0,1,petrol & cng,suv,manual,maruti,great,haryana,351999
4,77229,19307.25,1,3890,1,1,1,0,1,petrol,hatchback,manual,tata,great,uttar pradesh,311099
5,75019,15003.8,1,4280,1,1,1,0,1,petrol,hatchback,manual,tata,great,delhi,319399
13,117873,9067.153846153846,1,1244,1,1,1,0,1,petrol,sedan,manual,honda,great,delhi,235999
9,99476,11052.888888888889,3,1211,1,1,1,0,1,diesel,sedan,manual,volkswagen,great,haryana,373599
2,14734,7367.0,1,2004,1,1,1,0,1,diesel,suv,unknown,tata,great,haryana,1416321
5,79199,15839.8,1,5004,1,1,1,0,1,petrol & cng,hatchback,manual,maruti,great,delhi,370499
12,76901,6408.416666666667,1,2342,1,1,1,0,1,petrol,sedan,manual,honda,great,delhi,227899
9,98618,10957.555555555555,1,2973,1,1,1,0,1,diesel,sedan,manual,maruti,great,delhi,280699
6,62897,10482.833333333334,1,2548,1,1,1,0,1,petrol & cng,suv,manual,maruti,great,delhi,244699
3,33401,11133.666666666666,2,1120,1,1,1,0,1,petrol & cng,suv,manual,maruti,great,delhi,327799
4,77547,19386.75,1,5752,1,1,1,0,1,diesel,suv,manual,mahindra,great,haryana,1254317
3,49769,16589.666666666668,1,4178,1,1,1,0,1,petrol,luxury sedan,automatic,toyota,great,delhi,1421573
8,77490,9686.25,2,1248,1,1,1,0,1,diesel,suv,manual,renault,great,delhi,339899
8,89966,11245.75,1,1610,1,1,1,0,1,diesel,suv,manual,ford,great,delhi,381399
6,75491,12581.833333333334,2,8882,1,1,1,0,1,diesel,suv,unknown,mahindra,great,delhi,764899
8,75753,9469.125,1,1144,1,1,1,0,1,diesel,luxury suv,manual,ssangyong,great,uttar pradesh,621299
3,35911,11970.333333333334,1,2842,1,1,1,0,1,petrol & cng,hatchback,manual,maruti,great,haryana,292899
5,58031,11606.2,1,1437,1,1,1,0,1,petrol,suv,manual,hyundai,great,delhi,788699
8,82887,10360.875,1,563,1,1,1,0,1,diesel,hatchback,manual,hyundai,good,haryana,255799
6,60435,10072.5,1,3802,1,1,1,0,1,petrol & cng,hatchback,manual,maruti,great,delhi,273499
6,85492,14248.666666666666,2,1395,1,1,1,0,1,diesel,sedan,manual,honda,great,delhi,515899
7,47637,6805.285714285715,1,2088,1,1,1,0,1,diesel,luxury suv,automatic,toyota,great,delhi,1357799
6,85270,14211.666666666666,1,842,1,1,1,0,1,diesel,sedan,unknown,maruti,great,delhi,383399
5,64051,12810.2,1,1518,1,1,1,0,1,diesel,luxury suv,automatic,mahindra,great,haryana,986499
8,80007,10000.875,3,5208,1,1,1,0,1,diesel,suv,manual,mahindra,great,delhi,434199
12,90484,7540.333333333333,1,1557,1,1,1,0,1,petrol & cng,hatchback,manual,maruti,good,delhi,152599
4,65420,16355.0,1,5751,1,1,1,1,1,diesel,suv,manual,mahindra,great,delhi,821799
2,22690,11345.0,1,2945,1,1,1,0,1,diesel,suv,unknown,hyundai,great,delhi,970799
6,78370,13061.666666666666,1,3768,1,1,1,0,1,diesel,sedan,manual,hyundai,great,delhi,493299
13,147332,11333.23076923077,1,2491,1,1,1,0,1,petrol,sedan,manual,maruti,good,uttar pradesh,159999
7,69662,9951.714285714286,1,1454,1,1,1,0,1,diesel,hatchback,manual,maruti,great,delhi,247799
11,121377,11034.272727272728,2,1517,0,1,1,0,1,petrol & cng,hatchback,manual,hyundai,good,delhi,173299
10,97839,9783.9,1,1648,1,1,1,0,1,petrol,luxury sedan,unknown,toyota,great,delhi,383199
8,85197,10649.625,1,2856,1,1,1,0,1,diesel,sedan,manual,hyundai,great,delhi,347999
4,66020,16505.0,1,1152,1,1,1,0,1,petrol,hatchback,manual,maruti,great,uttar pradesh,523599
4,35948,8987.0,1,2825,1,1,1,0,1,diesel,luxury suv,unknown,mahindra,great,delhi,1081001
9,108018,12002.0,1,1577,0,1,1,0,1,diesel,suv,manual,renault,great,delhi,300799
11,119723,10883.90909090909,1,1419,1,1,1,0,1,petrol & cng,hatchback,manual,maruti,great,delhi,209299
9,112936,12548.444444444445,1,2326,1,1,1,0,1,diesel,luxury suv,manual,mahindra,great,haryana,421399
7,69436,9919.42857142857,2,406,1,1,1,0,1,petrol & cng,hatchback,manual,hyundai,great,delhi,303199
6,77103,12850.5,1,1159,1,1,1,0,1,diesel,hatchback,manual,volkswagen,great,haryana,409099
3,75149,25049.666666666668,1,3375,1,1,1,0,1,diesel,suv,manual,toyota,great,haryana,1489546
8,79966,9995.75,3,3489,1,1,1,0,1,petrol & cng,hatchback,manual,hyundai,good,haryana,261399
5,83764,16752.8,1,17476,1,1,1,0,1,petrol,sedan,automatic,honda,great,haryana,623899
6,67599,11266.5,1,1613,1,1,1,0,1,diesel,suv,manual,ford,great,uttar pradesh,509899
9,100724,11191.555555555555,1,965,1,1,1,0,1,diesel,luxury suv,manual,mahindra,great,delhi,421699
2,45655,22827.5,1,889,1,1,1,0,1,diesel,suv,unknown,maruti,great,delhi,886999
11,127811,11619.181818181818,3,878,1,1,1,0,1,petrol & cng,sedan,manual,honda,good,haryana,328499
8,109717,13714.625,1,702,0,1,1,0,1,diesel,hatchback,manual,maruti,great,haryana,310399
3,94628,31542.666666666668,1,3075,1,1,1,0,1,petrol & cng,hatchback,automatic,maruti,great,delhi,492299
7,120936,17276.571428571428,1,1554,1,1,1,0,1,diesel,sedan,manual,honda,great,delhi,282099
5,107140,21428.0,1,1044,1,1,1,0,1,petrol & cng,suv,unknown,maruti,great,delhi,259099
9,124694,13854.888888888889,1,1366,1,1,1,0,1,petrol,sedan,manual,nissan,great,delhi,262199
6,106450,17741.666666666668,1,2304,1,1,1,1,1,petrol,hatchback,automatic,volkswagen,great,delhi,417099
6,89773,14962.166666666666,1,1078,1,1,1,0,1,diesel,hatchback,manual,hyundai,great,haryana,439799
8,109487,13685.875,1,1812,1,1,1,0,1,diesel,suv,manual,mahindra,great,delhi,218099
10,187692,18769.2,3,3767,1,1,1,0,1,diesel,luxury sedan,automatic,skoda,great,haryana,267599
13,137444,10572.615384615385,1,1531,1,1,1,0,1,petrol,hatchback,manual,maruti,great,delhi,163499
8,91254,11406.75,1,6570,1,1,1,0,1,diesel,luxury sedan,manual,chevrolet,great,uttar pradesh,496999
5,117271,23454.2,1,1071,1,1,1,0,1,diesel,sedan,manual,maruti,great,delhi,467799
8,117200,14650.0,1,1246,1,1,1,0,1,diesel,suv,manual,renault,great,delhi,362499
8,109491,13686.375,2,1119,1,1,1,0,1,diesel,sedan,manual,honda,good,delhi,282299
6,115431,19238.5,1,3405,1,1,1,0,1,diesel,luxury suv,automatic,toyota,great,delhi,1561963
7,118303,16900.428571428572,1,868,1,1,1,0,1,petrol,sedan,manual,honda,great,delhi,322299
6,94771,15795.166666666666,2,2002,1,1,1,0,1,diesel,luxury suv,automatic,toyota,great,haryana,1651348
8,97330,12166.25,2,5637,1,1,1,0,1,diesel,luxury suv,manual,toyota,great,delhi,1018684
7,93852,13407.42857142857,1,2851,1,1,1,0,1,diesel,luxury sedan,manual,mercedes benz,great,haryana,1560852
11,186529,16957.18181818182,1,1328,1,1,1,0,1,petrol,sedan,manual,honda,great,delhi,282499
9,210068,23340.88888888889,2,4710,1,1,1,0,1,petrol & cng,sedan,manual,maruti,great,uttar pradesh,194299
7,92819,13259.857142857143,2,3223,1,1,1,0,1,diesel,luxury suv,manual,isuzu,great,haryana,687799
6,100188,16698.0,2,1861,1,1,1,0,1,diesel,luxury suv,manual,mahindra,great,haryana,809799
12,186440,15536.666666666666,1,1710,1,1,1,0,1,petrol,luxury sedan,unknown,toyota,great,haryana,221099
8,206644,25830.5,1,1086,1,1,1,0,1,petrol & cng,hatchback,manual,maruti,great,delhi,239299
7,127205,18172.14285714286,1,1292,1,1,1,0,1,diesel,luxury suv,automatic,hyundai,great,haryana,902099
9,125491,13943.444444444445,1,951,1,1,1,0,1,petrol,sedan,manual,maruti,good,delhi,239899
9,66958,7439.777777777777,1,2142,1,1,1,0,1,diesel,luxury suv,manual,toyota,great,delhi,1066499
8,127524,15940.5,1,794,1,1,1,0,1,petrol,hatchback,manual,maruti,great,delhi,226599
9,141954,15772.666666666666,1,2080,1,1,1,0,1,diesel,hatchback,manual,maruti,great,uttar pradesh,260499
9,140967,15663.0,1,1034,1,1,1,0,1,diesel,hatchback,manual,maruti,great,delhi,301099
12,167705,13975.416666666666,1,1129,1,1,1,0,1,petrol,luxury sedan,manual,toyota,great,delhi,232799
9,138612,15401.333333333334,2,1876,1,1,1,0,1,diesel,luxury suv,manual,toyota,great,delhi,1048176
7,137989,19712.714285714286,1,4575,1,1,1,0,1,diesel,sedan,automatic,hyundai,great,delhi,382099
5,156533,31306.6,1,1109,1,1,1,0,1,diesel,luxury suv,unknown,mahindra,great,delhi,795199
8,132477,16559.625,2,2980,1,1,1,0,1,diesel,luxury suv,automatic,toyota,great,uttar pradesh,1101807
8,118203,14775.375,3,1216,1,1,1,0,1,diesel,luxury suv,automatic,toyota,great,delhi,1104635
6,223583,37263.833333333336,1,2326,0,1,1,0,1,petrol,hatchback,manual,maruti,great,delhi,210199
8,39887,4985.875,1,166,1,0,0,1,1,diesel,sedan,manual,hyundai,great,delhi,381000
11,67713,6155.727272727273,1,325,0,0,0,0,1,petrol,hatchback,manual,hyundai,great,delhi,130000
8,85246,10655.75,1,17,1,0,0,0,0,diesel,hatchback,manual,chevrolet,great,haryana,125567
7,60198,8599.714285714286,1,188,0,0,0,0,1,diesel,suv,manual,ford,great,delhi,435000
10,98873,9887.3,2,4,1,0,0,0,0,petrol & cng,hatchback,manual,hyundai,great,delhi,133815
5,21788,4357.6,1,62,0,0,0,0,1,diesel,suv,unknown,hyundai,great,delhi,865000
11,43470,3951.818181818182,2,278,0,0,0,0,1,petrol,sedan,manual,hyundai,great,delhi,285000
6,52108,8684.666666666666,2,124,0,0,0,0,1,petrol,hatchback,manual,volkswagen,great,haryana,425000
9,84063,9340.333333333334,2,283,0,0,0,0,1,petrol,sedan,manual,honda,great,delhi,390000
11,69613,6328.454545454545,2,78,0,0,0,0,1,petrol,hatchback,manual,volkswagen,great,delhi,250000
8,80766,10095.75,1,75,0,0,0,0,1,diesel,hatchback,manual,maruti,great,delhi,340000
10,72705,7270.5,1,102,0,0,0,0,1,petrol,hatchback,manual,volkswagen,great,delhi,275000
9,67384,7487.111111111111,2,87,0,0,0,0,1,petrol,hatchback,automatic,maruti,great,uttar pradesh,260000
8,65674,8209.25,1,147,0,0,0,0,1,diesel,sedan,manual,renault,great,delhi,420000
2,22570,11285.0,1,344,0,0,0,0,1,petrol,hatchback,unknown,toyota,great,uttar pradesh,625000
1,8518,8518.0,1,5961,1,1,1,0,1,petrol & cng,unknown,unknown,maruti,great,haryana,519799
1,8563,8563.0,1,981,1,1,1,0,1,petrol,hatchback,manual,maruti,great,delhi,547399
9,23981,2664.5555555555557,1,7789,1,1,1,0,1,petrol,hatchback,manual,hyundai,great,delhi,190899
4,14559,3639.75,1,3041,1,1,1,0,1,petrol,hatchback,manual,datsun,great,delhi,219999
5,99337,19867.4,1,155,0,0,0,0,1,diesel,suv,automatic,mahindra,great,delhi,625000
6,32048,5341.333333333333,1,1962,1,1,1,0,1,petrol,hatchback,manual,hyundai,great,delhi,441799
7,95959,13708.42857142857,2,106,0,0,0,0,1,diesel,luxury sedan,automatic,audi,great,haryana,1350000
8,80246,10030.75,1,106,0,0,0,0,1,diesel,sedan,manual,honda,great,uttar pradesh,350000
10,73109,7310.9,2,157,0,1,0,0,0,petrol & cng,hatchback,manual,maruti,great,delhi,238093
4,27050,6762.5,1,966,1,1,1,1,1,petrol,hatchback,manual,hyundai,great,delhi,406199
10,41402,4140.2,1,2677,1,1,1,0,1,petrol,hatchback,manual,maruti,great,delhi,143299
11,103337,9394.272727272728,2,246,0,0,0,0,1,petrol,sedan,manual,honda,great,uttar pradesh,375000
7,41962,5994.571428571428,2,962,1,1,1,0,1,petrol,suv,manual,honda,great,delhi,430699
11,44586,4053.2727272727275,1,2748,0,1,1,0,1,petrol,sedan,manual,honda,great,haryana,314999
5,33936,6787.2,2,4452,1,1,1,0,1,petrol & cng,suv,manual,ford,great,delhi,595899
3,14253,4751.0,1,2670,1,1,1,0,1,petrol,suv,manual,ford,great,delhi,817099
8,56121,7015.125,1,1363,1,1,1,0,1,diesel,sedan,manual,honda,great,haryana,305699
1,7361,7361.0,1,3028,1,1,1,0,1,petrol,suv,unknown,maruti,great,delhi,908999
10,50501,5050.1,1,4417,1,1,1,0,1,petrol,hatchback,manual,skoda,good,delhi,201199
2,25706,12853.0,1,4843,1,1,1,0,1,diesel,suv,unknown,tata,great,haryana,1354206
2,8091,4045.5,1,874,1,1,1,0,1,diesel,suv,automatic,maruti,great,uttar pradesh,907599
9,83602,9289.111111111111,1,255,0,1,0,0,1,petrol,luxury sedan,manual,toyota,great,delhi,562000
2,32710,16355.0,1,2347,1,1,1,0,1,petrol & cng,suv,manual,maruti,great,delhi,340499
15,80391,5359.4,2,431,1,0,0,0,0,petrol,hatchback,manual,maruti,good,haryana,70000
5,73995,14799.0,1,1460,1,1,1,0,1,petrol & cng,hatchback,manual,maruti,great,delhi,360999
5,32567,6513.4,1,567,0,0,0,1,1,petrol,hatchback,manual,renault,great,delhi,200000
9,143322,15924.666666666666,1,3037,1,1,1,0,1,diesel,luxury suv,manual,skoda,great,haryana,321099
9,58120,6457.777777777777,2,580,1,0,0,1,1,petrol & cng,hatchback,manual,maruti,great,delhi,130000
12,135379,11281.583333333334,1,198,1,0,0,1,1,petrol,hatchback,manual,maruti,fair,delhi,150000
15,114440,7629.333333333333,1,435,0,0,0,0,0,petrol,hatchback,manual,hyundai,great,delhi,55000
11,65252,5932.0,1,128,0,0,1,0,1,petrol & cng,hatchback,manual,maruti,great,haryana,165000
5,76112,15222.4,1,631,0,0,0,0,1,petrol & cng,hatchback,manual,maruti,great,delhi,300000
5,36434,7286.8,1,356,0,0,0,1,1,diesel,suv,manual,maruti,great,delhi,650000
11,78239,7112.636363636364,1,292,0,0,1,0,1,petrol & cng,hatchback,manual,maruti,overpriced,haryana,150000
11,77761,7069.181818181818,2,230,0,0,0,0,1,petrol,hatchback,manual,nissan,overpriced,haryana,140000
15,69000,4600.0,2,137,0,0,0,0,0,petrol,unknown,unknown,honda,unknown,unknown,110000
14,104515,7465.357142857143,4,1429,0,0,0,0,0,petrol & cng,hatchback,manual,hyundai,great,delhi,41000
10,148274,14827.4,1,189,1,0,0,1,0,diesel,suv,manual,toyota,great,delhi,427500
6,43317,7219.5,1,253,0,0,0,1,1,petrol,hatchback,manual,hyundai,great,delhi,410000
7,82183,11740.42857142857,1,177,0,0,0,1,1,diesel,suv,manual,ford,great,haryana,415000
8,74079,9259.875,2,175,1,0,0,1,1,petrol,hatchback,manual,hyundai,fair,delhi,180000
3,57022,19007.333333333332,1,214,1,0,0,1,1,diesel,sedan,manual,maruti,great,delhi,540000
13,66173,5090.2307692307695,1,433,0,0,0,1,0,petrol,hatchback,manual,maruti,good,delhi,82000
5,37310,7462.0,1,251,1,0,0,1,1,diesel,suv,manual,maruti,great,delhi,603000
4,48000,12000.0,1,144,1,0,0,1,1,diesel,hatchback,manual,hyundai,great,delhi,350000
8,38344,4793.0,2,431,1,0,0,1,1,diesel,suv,manual,ford,great,delhi,325000
6,32360,5393.333333333333,1,326,1,0,0,1,1,petrol & cng,sedan,manual,honda,good,delhi,375000
10,132160,13216.0,1,139,1,0,0,1,1,diesel,sedan,manual,toyota,good,delhi,275000
7,70605,10086.42857142857,1,154,1,0,0,1,1,diesel,hatchback,manual,hyundai,great,delhi,280000
15,78551,5236.733333333334,3,202,0,0,0,0,0,petrol & cng,hatchback,manual,maruti,fair,delhi,65000
9,73035,8115.0,1,288,0,0,0,0,1,diesel,sedan,manual,ford,good,delhi,151000
8,46576,5822.0,1,408,0,0,0,0,1,diesel,suv,manual,chevrolet,good,delhi,215000
8,104133,13016.625,1,173,0,0,0,0,1,diesel,suv,manual,renault,great,delhi,296000
4,11252,2813.0,1,420,0,0,0,0,1,petrol,hatchback,manual,hyundai,great,delhi,270000
8,20702,2587.75,1,249,0,0,0,0,1,petrol,hatchback,manual,hyundai,good,haryana,210000
20,93958,4697.9,2,235,0,0,0,0,0,petrol,hatchback,manual,maruti,overpriced,delhi,55747
3,5245,1748.3333333333333,1,401,0,0,0,0,1,diesel,unknown,unknown,ford,great,delhi,950000
8,146152,18269.0,1,219,0,0,0,0,1,petrol & cng,hatchback,manual,maruti,great,delhi,205000
13,99000,7615.384615384615,1,754,0,0,0,0,0,petrol,sedan,manual,maruti,great,delhi,100000
11,129490,11771.818181818182,1,1048,0,0,0,0,0,diesel,sedan,manual,hyundai,great,jharkhand,90000
4,44045,11011.25,1,185,0,0,0,0,1,petrol,hatchback,manual,maruti,great,delhi,416000
10,130982,13098.2,1,1793,0,0,0,0,0,diesel,suv,manual,tata,great,delhi,106000
12,73874,6156.166666666667,2,446,0,0,0,0,1,petrol & cng,sedan,manual,honda,great,delhi,180000
7,61844,8834.857142857143,1,311,0,0,0,0,1,diesel,hatchback,manual,hyundai,great,delhi,260000
11,64050,5822.727272727273,1,162,0,0,0,0,1,petrol,hatchback,manual,hyundai,good,punjab,150000
11,103530,9411.818181818182,3,522,0,0,0,0,0,petrol,hatchback,manual,hyundai,great,delhi,117613
5,62677,12535.4,1,325,0,0,0,0,1,diesel,luxury suv,automatic,hyundai,great,delhi,1350000
19,135423,7127.526315789473,2,276,0,0,0,0,0,petrol & cng,hatchback,manual,maruti,fair,delhi,33000
11,92530,8411.818181818182,2,109,1,0,0,0,1,petrol & cng,hatchback,manual,maruti,fair,delhi,200000
5,51802,10360.4,1,129,1,0,0,1,1,diesel,suv,manual,maruti,great,delhi,750000
10,45729,4572.9,1,150,0,0,0,0,1,petrol,sedan,manual,toyota,fair,delhi,260000
3,48608,16202.666666666666,1,157,1,0,0,0,1,petrol & cng,suv,manual,maruti,great,delhi,310000
7,29415,4202.142857142857,1,131,1,0,0,0,1,petrol,hatchback,manual,maruti,fair,delhi,280000
8,112334,14041.75,2,146,1,0,0,0,1,diesel,luxury sedan,manual,hyundai,good,delhi,510000
12,69576,5798.0,2,171,1,0,0,0,1,petrol & cng,hatchback,manual,hyundai,fair,delhi,145000
16,86673,5417.0625,1,499,0,0,0,0,0,petrol,hatchback,manual,hyundai,great,delhi,47000
12,64978,5414.833333333333,2,198,0,0,0,0,1,petrol & cng,hatchback,manual,hyundai,fair,haryana,130000
17,164314,9665.529411764706,1,319,0,0,0,0,0,petrol & cng,hatchback,manual,hyundai,fair,delhi,35000
9,154868,17207.555555555555,1,173,1,0,0,0,1,diesel,sedan,manual,hyundai,fair,delhi,350000
8,64804,8100.5,4,315,0,0,0,0,1,diesel,suv,manual,mahindra,fair,delhi,200000
16,74383,4648.9375,1,411,0,0,0,0,0,petrol,hatchback,manual,hyundai,overpriced,haryana,120000
16,8771,548.1875,2,406,0,0,0,0,0,petrol & cng,sedan,manual,maruti,good,delhi,40000
11,62017,5637.909090909091,1,253,0,0,0,0,1,petrol,hatchback,manual,hyundai,overpriced,andhra pradesh,220000
14,77807,5557.642857142857,2,226,1,0,0,0,0,petrol,sedan,manual,honda,great,delhi,100000
10,79493,7949.3,4,171,1,0,0,0,1,diesel,hatchback,manual,hyundai,fair,delhi,200000
6,23829,3971.5,1,163,0,0,0,1,1,petrol,hatchback,manual,maruti,great,delhi,270000
11,137489,12499.0,1,363,1,0,0,1,1,petrol & cng,sedan,manual,hyundai,overpriced,delhi,125000
9,61885,6876.111111111111,1,133,1,0,0,0,1,diesel,hatchback,manual,hyundai,great,delhi,270000
11,66320,6029.090909090909,2,671,0,0,0,0,0,diesel,hatchback,manual,ford,great,delhi,85000
7,88748,12678.285714285714,1,192,1,0,0,1,1,diesel,suv,manual,renault,great,delhi,375000
7,26156,3736.5714285714284,2,182,0,0,0,1,1,petrol,hatchback,manual,maruti,fair,delhi,290000
14,96578,6898.428571428572,4,184,0,0,0,0,0,petrol & cng,sedan,manual,maruti,fair,delhi,90000
4,22618,5654.5,2,1155,0,0,0,1,1,petrol & cng,sedan,automatic,maruti,good,haryana,850000
10,123142,12314.2,2,120,1,0,0,1,1,diesel,hatchback,manual,maruti,fair,delhi,200000
6,27134,4522.333333333333,1,153,1,0,0,1,1,petrol,hatchback,manual,maruti,good,delhi,230000
10,102748,10274.8,2,339,1,0,0,0,1,petrol & cng,hatchback,manual,maruti,good,haryana,135000
11,102882,9352.90909090909,1,403,1,0,0,1,1,diesel,luxury suv,manual,toyota,overpriced,haryana,710000
11,61321,5574.636363636364,1,937,0,0,0,0,0,diesel,hatchback,manual,tata,overpriced,delhi,90000
13,117269,9020.692307692309,4,197,1,0,0,0,1,petrol & cng,sedan,manual,maruti,overpriced,delhi,125000
9,132885,14765.0,1,181,1,0,0,0,1,diesel,sedan,manual,skoda,overpriced,delhi,300000
10,126620,12662.0,1,194,1,0,0,1,1,diesel,sedan,manual,hyundai,great,delhi,300000
16,11111,694.4375,4,348,0,0,0,0,0,petrol & cng,hatchback,manual,maruti,great,delhi,70000
7,98033,14004.714285714286,1,131,1,0,0,0,1,diesel,hatchback,manual,hyundai,great,delhi,300000
11,38329,3484.4545454545455,2,974,0,0,0,0,0,petrol,hatchback,manual,tata,overpriced,delhi,41000
11,104743,9522.09090909091,2,448,0,0,0,0,1,diesel,luxury sedan,automatic,bmw,great,haryana,800000
10,80177,8017.7,3,375,1,0,0,0,1,diesel,hatchback,manual,volkswagen,fair,uttar pradesh,180000
9,33679,3742.1111111111113,1,201,1,0,0,1,1,diesel,hatchback,manual,maruti,great,delhi,300000
16,118017,7376.0625,3,245,0,0,0,0,0,petrol,hatchback,manual,maruti,good,delhi,45000
7,37844,5406.285714285715,1,156,1,0,0,0,1,diesel,suv,manual,ford,good,delhi,550000
15,120827,8055.133333333333,2,377,0,0,0,0,0,petrol & cng,hatchback,manual,maruti,great,delhi,61000
14,91280,6520.0,3,288,1,0,0,0,1,petrol & cng,sedan,automatic,honda,overpriced,delhi,180000
16,88750,5546.875,3,216,0,0,0,0,0,petrol & cng,hatchback,manual,hyundai,good,delhi,50000
7,91877,13125.285714285714,1,119,1,0,0,1,1,diesel,sedan,manual,maruti,great,delhi,380000
12,62170,5180.833333333333,1,439,0,0,0,1,0,petrol,hatchback,manual,tata,fair,delhi,80000
13,34155,2627.3076923076924,2,155,1,0,0,1,1,petrol,hatchback,manual,hyundai,fair,delhi,130000
14,184569,13183.5,1,145,1,0,0,0,1,petrol,sedan,manual,honda,fair,delhi,150000
5,60296,12059.2,2,454,0,0,0,1,1,petrol & cng,sedan,manual,honda,great,delhi,340000
8,74195,9274.375,1,277,1,0,0,0,1,diesel,suv,manual,renault,good,delhi,450000
7,74925,10703.57142857143,2,147,0,0,0,0,1,diesel,sedan,manual,honda,good,delhi,300000
8,116868,14608.5,1,122,1,0,0,1,1,diesel,hatchback,manual,hyundai,fair,haryana,350000
16,100581,6286.3125,1,157,0,0,0,0,0,petrol,hatchback,manual,hyundai,fair,uttar pradesh,65000
10,68351,6835.1,1,357,0,0,0,0,1,diesel,hatchback,manual,maruti,great,delhi,175000
13,76226,5863.538461538462,2,204,0,0,0,0,0,petrol & cng,sedan,manual,hyundai,overpriced,haryana,100000
12,58274,4856.166666666667,2,160,1,0,0,1,1,petrol & cng,hatchback,manual,hyundai,good,delhi,140000
16,87990,5499.375,3,219,0,0,0,0,0,petrol,hatchback,manual,maruti,overpriced,delhi,65000
14,94111,6722.214285714285,4,60,0,0,0,0,0,petrol,unknown,unknown,honda,good,delhi,99000
10,100919,10091.9,1,15,1,0,0,1,1,diesel,sedan,manual,maruti,good,delhi,275000
4,13733,3433.25,2,163,1,0,0,1,1,petrol,hatchback,manual,hyundai,great,delhi,460000
10,76924,7692.4,2,320,0,0,0,0,1,diesel,hatchback,manual,ford,fair,delhi,130000
7,108151,15450.142857142857,1,61,1,0,0,1,1,petrol,sedan,manual,hyundai,great,delhi,300000
16,79908,4994.25,3,200,0,0,0,0,0,petrol,hatchback,manual,hyundai,overpriced,delhi,60000
9,153409,17045.444444444445,1,63,1,0,0,0,1,diesel,sedan,manual,toyota,good,delhi,310000
11,104508,9500.727272727272,2,120,0,0,0,0,1,petrol & cng,hatchback,manual,maruti,fair,delhi,155000
3,5360,1786.6666666666667,1,67,1,0,0,1,1,petrol,hatchback,manual,hyundai,fair,delhi,400000
14,94540,6752.857142857143,1,57,0,0,0,0,0,petrol & cng,hatchback,manual,maruti,overpriced,delhi,100000
10,139756,13975.6,2,268,1,0,0,1,1,petrol & cng,sedan,manual,honda,fair,delhi,350000
9,84798,9422.0,2,622,0,0,0,0,1,diesel,suv,manual,mahindra,great,delhi,435000
9,41228,4580.888888888889,1,203,0,0,0,0,1,diesel,sedan,manual,maruti,great,delhi,360000
9,87626,9736.222222222223,2,67,0,0,0,0,1,diesel,hatchback,manual,maruti,great,delhi,325000
13,59294,4561.076923076923,1,140,0,0,0,0,1,petrol & cng,hatchback,manual,hyundai,fair,delhi,125000
12,77972,6497.666666666667,1,114,0,0,0,0,1,petrol & cng,hatchback,manual,maruti,good,delhi,173000
7,121137,17305.285714285714,1,164,0,0,0,0,1,diesel,sedan,automatic,hyundai,good,uttar pradesh,468000
7,55941,7991.571428571428,1,45,0,0,0,0,1,diesel,sedan,manual,maruti,good,delhi,475000
8,29404,3675.5,1,61,0,0,0,0,1,petrol,suv,manual,maruti,good,delhi,225000
7,24419,3488.4285714285716,1,141,1,0,0,0,1,petrol,sedan,manual,maruti,good,delhi,432000
16,86869,5429.3125,4,104,0,0,0,0,0,petrol & cng,hatchback,manual,hyundai,good,delhi,55000
5,41002,8200.4,1,93,0,0,0,0,1,petrol & cng,suv,manual,maruti,good,delhi,300000
8,60643,7580.375,2,53,0,0,0,0,1,petrol & cng,hatchback,manual,hyundai,good,delhi,250000
12,81973,6831.083333333333,1,289,0,0,0,0,0,petrol & cng,hatchback,manual,maruti,great,delhi,90000
8,98812,12351.5,1,23,0,0,0,0,1,diesel,sedan,manual,honda,good,delhi,345000
6,45955,7659.166666666667,2,65,0,0,0,0,1,diesel,suv,manual,ford,good,delhi,680000
7,54854,7836.285714285715,2,496,0,0,0,0,1,diesel,sedan,manual,honda,great,delhi,350000
16,55310,3456.875,1,95,0,0,0,0,0,petrol,sedan,manual,hyundai,good,delhi,65000
5,49443,9888.6,2,248,0,0,0,0,1,diesel,suv,manual,maruti,great,delhi,600000
8,66752,8344.0,1,126,0,0,0,0,1,diesel,suv,manual,mahindra,good,delhi,650000
13,166582,12814.0,2,104,0,0,0,0,0,petrol & cng,hatchback,manual,hyundai,good,delhi,80000
7,75738,10819.714285714286,1,132,0,0,0,0,1,diesel,hatchback,manual,toyota,great,delhi,330000
7,76854,10979.142857142857,1,26,0,0,0,0,1,diesel,sedan,manual,maruti,great,delhi,340000
11,70893,6444.818181818182,2,161,0,0,0,0,1,petrol,hatchback,manual,maruti,good,delhi,170000
6,24194,4032.3333333333335,1,239,0,0,0,0,1,diesel,luxury sedan,manual,toyota,overpriced,delhi,1250000
16,103783,6486.4375,2,65,0,0,0,0,0,petrol,hatchback,manual,maruti,fair,delhi,58000
12,191626,15968.833333333334,1,136,0,0,0,0,1,diesel,sedan,manual,maruti,good,delhi,175000
14,95318,6808.428571428572,1,168,0,0,0,0,0,petrol,sedan,manual,ford,fair,delhi,100000
12,61167,5097.25,2,48,0,0,0,0,1,petrol,hatchback,manual,maruti,overpriced,delhi,210000
6,14170,2361.6666666666665,1,15681,1,1,0,0,1,petrol,hatchback,manual,honda,great,maharashtra,361699
8,15534,1941.75,1,4244,1,1,0,1,1,petrol,hatchback,manual,maruti,great,maharashtra,278299
9,39357,4373.0,1,2006,0,1,0,0,1,petrol,hatchback,manual,hyundai,great,maharashtra,292699
12,21020,1751.6666666666667,1,3144,1,1,1,0,1,petrol,hatchback,manual,maruti,good,maharashtra,171699
9,46859,5206.555555555556,3,15314,1,1,0,0,1,petrol,hatchback,manual,hyundai,great,maharashtra,263499
5,25943,5188.6,1,1575,0,1,0,0,1,petrol,hatchback,unknown,maruti,great,maharashtra,325199
10,26755,2675.5,3,1574,0,1,0,0,1,petrol,hatchback,automatic,hyundai,great,maharashtra,248499
7,24155,3450.714285714286,1,1543,1,1,0,0,1,petrol,hatchback,manual,hyundai,great,maharashtra,390099
8,35746,4468.25,2,3248,1,1,0,0,1,petrol,hatchback,manual,maruti,great,maharashtra,381299
5,18998,3799.6,2,1091,1,1,1,0,1,petrol,hatchback,manual,maruti,great,maharashtra,259999
9,16259,1806.5555555555557,1,2677,1,1,0,0,1,petrol,hatchback,manual,maruti,great,maharashtra,216099
7,35944,5134.857142857143,1,1335,1,1,0,0,1,petrol,hatchback,manual,hyundai,great,maharashtra,401199
8,17240,2155.0,1,2260,1,1,0,0,1,petrol,hatchback,manual,maruti,great,maharashtra,305399
12,42533,3544.4166666666665,2,1582,1,1,0,0,1,petrol,sedan,manual,maruti,good,maharashtra,282199
7,31889,4555.571428571428,1,2492,1,1,0,0,1,petrol,hatchback,manual,maruti,great,maharashtra,211199
7,45701,6528.714285714285,1,2434,1,1,0,0,1,petrol,hatchback,manual,honda,great,maharashtra,284599
9,19373,2152.5555555555557,1,886,1,1,0,0,1,petrol,hatchback,manual,honda,great,maharashtra,334699
5,22069,4413.8,2,5635,1,1,0,0,1,petrol,hatchback,manual,hyundai,great,maharashtra,524899
8,17781,2222.625,1,1343,1,1,0,0,1,petrol,hatchback,manual,maruti,great,maharashtra,316299
2,5007,2503.5,1,4454,1,1,0,0,1,petrol,hatchback,unknown,maruti,great,maharashtra,408299
9,42049,4672.111111111111,1,516,1,1,0,0,1,petrol,hatchback,manual,honda,great,maharashtra,328099
11,23333,2121.181818181818,2,516,1,1,0,0,1,petrol,hatchback,manual,maruti,great,maharashtra,235599
10,59336,5933.6,1,1861,1,1,0,0,1,petrol,hatchback,manual,maruti,great,maharashtra,248799
8,24065,3008.125,1,112,1,1,0,0,1,petrol,hatchback,manual,maruti,great,maharashtra,321899
10,21763,2176.3,1,2788,0,1,0,0,1,petrol,hatchback,manual,toyota,great,maharashtra,271399
5,13944,2788.8,1,2537,0,1,0,0,1,petrol,hatchback,manual,renault,great,maharashtra,290199
8,39011,4876.375,1,658,1,1,0,0,1,petrol,hatchback,manual,maruti,great,maharashtra,296799
5,21683,4336.6,1,3424,1,1,0,0,1,petrol,hatchback,manual,datsun,great,maharashtra,222999
7,21442,3063.1428571428573,1,2062,1,1,0,0,1,petrol,hatchback,manual,hyundai,great,maharashtra,369599
6,16770,2795.0,1,1126,1,1,0,0,1,petrol,hatchback,manual,maruti,great,maharashtra,350999
10,25626,2562.6,2,936,1,1,0,0,1,petrol,hatchback,manual,maruti,great,maharashtra,255099
8,32705,4088.125,1,852,1,1,0,0,1,petrol,hatchback,manual,maruti,great,maharashtra,230599
7,31625,4517.857142857143,1,1228,1,1,0,0,1,petrol,hatchback,manual,maruti,great,maharashtra,307999
8,28898,3612.25,1,1509,1,1,0,0,1,petrol,sedan,manual,maruti,great,maharashtra,416099
9,20712,2301.3333333333335,2,1144,1,1,0,0,1,petrol,hatchback,manual,maruti,great,maharashtra,268399
5,24767,4953.4,1,2544,0,1,0,0,1,petrol,hatchback,manual,maruti,great,maharashtra,332999
7,18670,2667.1428571428573,1,1520,1,1,0,0,1,petrol,hatchback,manual,maruti,great,maharashtra,364899
3,4343,1447.6666666666667,1,938,1,1,0,0,1,petrol,hatchback,manual,maruti,great,maharashtra,366899
8,34741,4342.625,1,1684,0,1,0,0,1,petrol,hatchback,manual,hyundai,great,maharashtra,403199
9,43469,4829.888888888889,1,1687,0,1,0,0,1,petrol,hatchback,manual,honda,great,maharashtra,281499
9,44874,4986.0,1,710,1,1,0,0,1,petrol,hatchback,manual,maruti,great,maharashtra,291099
5,13349,2669.8,1,1869,0,1,0,0,1,petrol,hatchback,manual,hyundai,great,maharashtra,409399
6,21236,3539.3333333333335,2,1266,0,1,0,0,1,petrol,hatchback,manual,maruti,great,maharashtra,309899
7,29887,4269.571428571428,1,2098,1,1,0,0,1,petrol,sedan,manual,maruti,great,maharashtra,447999
10,47607,4760.7,1,1085,1,1,0,0,1,petrol,hatchback,manual,hyundai,great,maharashtra,241399
5,6049,1209.8,1,1076,1,1,0,0,1,petrol,hatchback,manual,hyundai,great,maharashtra,425999
4,21416,5354.0,1,1177,1,1,0,0,1,petrol,hatchback,manual,renault,great,maharashtra,334099
8,36720,4590.0,2,236,1,1,0,0,1,petrol,sedan,manual,honda,great,maharashtra,373199
5,14765,2953.0,1,1038,1,1,0,0,1,petrol,hatchback,manual,hyundai,great,maharashtra,436399
6,18492,3082.0,2,1089,1,1,0,0,1,petrol,hatchback,automatic,maruti,great,maharashtra,377099
7,35265,5037.857142857143,1,1324,1,1,0,0,1,petrol,sedan,manual,honda,great,maharashtra,431799
5,23746,4749.2,1,3164,1,1,0,0,1,petrol,hatchback,manual,renault,great,maharashtra,299399
5,17540,3508.0,1,2740,1,1,0,0,1,petrol,hatchback,manual,renault,great,maharashtra,304799
8,33807,4225.875,1,1422,0,1,0,0,1,petrol,sedan,manual,hyundai,great,maharashtra,449699
9,47414,5268.222222222223,2,1636,1,1,0,0,1,petrol,hatchback,automatic,hyundai,great,maharashtra,292699
4,29254,7313.5,1,1597,1,1,0,0,1,petrol,hatchback,manual,hyundai,great,maharashtra,480099
6,21896,3649.3333333333335,2,1273,1,1,0,0,1,petrol,hatchback,manual,hyundai,great,maharashtra,503599
9,53688,5965.333333333333,1,938,1,1,0,0,1,petrol,sedan,manual,maruti,great,maharashtra,383699
11,35952,3268.3636363636365,1,980,1,1,0,0,1,petrol,hatchback,manual,hyundai,good,maharashtra,225599
9,10815,1201.6666666666667,1,1773,0,1,0,0,1,petrol,hatchback,manual,maruti,great,maharashtra,261399
5,18294,3658.8,2,1671,1,1,0,0,1,petrol,hatchback,manual,renault,great,maharashtra,279599
5,30452,6090.4,2,3496,1,1,0,0,1,diesel,hatchback,manual,maruti,great,maharashtra,536699
9,45627,5069.666666666667,1,2043,1,1,0,0,1,petrol,sedan,manual,maruti,great,maharashtra,375799
8,41919,5239.875,1,1506,0,1,0,0,1,petrol,hatchback,manual,maruti,great,maharashtra,299999
8,33175,4146.875,1,3625,1,1,0,0,1,petrol,sedan,manual,honda,great,maharashtra,340599
4,19363,4840.75,1,1865,0,1,0,0,1,petrol,hatchback,automatic,honda,great,maharashtra,658899
11,49949,4540.818181818182,1,3557,1,1,0,0,1,petrol,hatchback,manual,maruti,great,maharashtra,199899
3,15019,5006.333333333333,1,867,1,1,0,0,1,petrol,hatchback,unknown,maruti,great,maharashtra,368599
7,35965,5137.857142857143,1,862,1,1,0,0,1,petrol,hatchback,manual,maruti,great,maharashtra,410799
6,9307,1551.1666666666667,1,656,1,1,0,0,1,petrol,hatchback,manual,hyundai,great,maharashtra,431799
7,37296,5328.0,1,2264,1,1,0,0,1,petrol,hatchback,manual,maruti,great,maharashtra,327599
6,35484,5914.0,2,1078,1,1,0,0,1,petrol,hatchback,automatic,maruti,great,maharashtra,348399
9,52789,5865.444444444444,1,1152,1,1,0,0,1,petrol,hatchback,manual,honda,great,maharashtra,274099
11,28434,2584.909090909091,2,4054,1,1,0,0,1,petrol,hatchback,manual,hyundai,great,maharashtra,272799
9,58375,6486.111111111111,2,388,1,1,0,0,1,petrol,hatchback,manual,honda,great,maharashtra,295399
10,55911,5591.1,1,747,1,1,0,0,1,petrol,suv,manual,maruti,great,maharashtra,226899
7,42967,6138.142857142857,2,410,1,1,0,0,1,petrol,hatchback,manual,hyundai,great,maharashtra,379699
7,28385,4055.0,2,1457,1,1,0,0,1,petrol,hatchback,manual,hyundai,great,maharashtra,227499
10,38254,3825.4,1,1408,1,1,0,0,1,petrol,hatchback,manual,maruti,great,maharashtra,229699
7,37891,5413.0,2,684,0,1,0,0,1,petrol,hatchback,manual,hyundai,great,maharashtra,379299
5,20909,4181.8,1,854,1,1,1,0,1,petrol,hatchback,manual,maruti,great,maharashtra,555799
9,46297,5144.111111111111,1,2772,0,1,0,0,1,petrol,sedan,manual,honda,great,maharashtra,429699
11,33870,3079.090909090909,2,2931,0,1,0,0,1,petrol,hatchback,manual,maruti,great,maharashtra,249999
7,37259,5322.714285714285,1,1067,0,1,0,0,1,petrol,hatchback,manual,maruti,great,maharashtra,409199
6,46809,7801.5,2,800,1,1,0,0,1,petrol,hatchback,manual,hyundai,great,maharashtra,366299
4,18832,4708.0,1,964,1,1,0,0,1,petrol,hatchback,unknown,renault,great,maharashtra,335599
11,37228,3384.3636363636365,1,1204,1,1,0,0,1,petrol,hatchback,manual,hyundai,great,maharashtra,227199
4,31307,7826.75,1,1296,1,1,0,0,1,petrol,hatchback,manual,maruti,great,maharashtra,384499
3,10715,3571.6666666666665,1,1304,1,1,0,0,1,petrol,hatchback,manual,renault,great,maharashtra,340499
8,53681,6710.125,1,1011,1,1,0,0,1,petrol,sedan,manual,maruti,great,maharashtra,408999
5,34956,6991.2,1,948,1,1,0,0,1,petrol,hatchback,manual,renault,great,maharashtra,293999
7,34600,4942.857142857143,1,2075,1,1,0,0,1,petrol,hatchback,automatic,volkswagen,great,maharashtra,538599
13,57791,4445.461538461538,1,1034,1,1,0,0,1,petrol & cng,hatchback,manual,maruti,good,maharashtra,172699
2,6980,3490.0,1,1135,0,1,0,0,1,petrol,hatchback,manual,maruti,great,maharashtra,347199
5,18935,3787.0,1,1209,0,1,0,0,1,petrol,hatchback,manual,hyundai,great,maharashtra,514399
9,50581,5620.111111111111,1,599,1,1,0,0,1,petrol,hatchback,manual,maruti,great,maharashtra,427199
10,78199,7819.9,1,1299,1,1,0,0,1,petrol,hatchback,manual,maruti,great,maharashtra,218599
3,8252,2750.6666666666665,1,1742,1,1,0,0,1,petrol,hatchback,manual,maruti,great,maharashtra,482699
5,38533,7706.6,1,1660,1,1,0,0,1,petrol,hatchback,unknown,maruti,great,maharashtra,520799
9,66016,7335.111111111111,1,1129,1,1,0,0,1,petrol,hatchback,manual,hyundai,great,maharashtra,252899
6,8322,1387.0,1,386,0,1,0,0,1,petrol,hatchback,manual,maruti,good,maharashtra,294299
2,20058,10029.0,1,2012,1,1,0,0,1,petrol & cng,hatchback,manual,maruti,great,maharashtra,434399
6,45897,7649.5,2,2368,1,1,0,0,1,petrol,sedan,manual,maruti,great,maharashtra,436499
4,16362,4090.5,1,1439,1,1,0,0,1,petrol,sedan,automatic,maruti,great,maharashtra,640799
12,22897,1908.0833333333333,1,445,1,1,0,0,1,petrol,hatchback,manual,hyundai,good,maharashtra,244299
4,8945,2236.25,1,1006,1,1,0,0,1,petrol,hatchback,manual,hyundai,great,maharashtra,650499
5,41980,8396.0,1,1280,0,1,0,0,1,petrol,sedan,manual,hyundai,great,maharashtra,445999
4,13460,3365.0,1,863,0,1,0,0,1,petrol,sedan,manual,maruti,great,maharashtra,669699
4,29736,7434.0,1,902,0,1,0,0,1,diesel,sedan,manual,maruti,great,maharashtra,741199
7,23576,3368.0,1,1483,1,1,0,0,1,petrol,hatchback,manual,hyundai,great,maharashtra,424899
5,30609,6121.8,1,951,0,1,0,0,1,petrol,hatchback,manual,maruti,great,maharashtra,532899
12,32330,2694.1666666666665,1,1240,1,1,0,0,1,petrol,hatchback,manual,maruti,great,maharashtra,150999
9,83929,9325.444444444445,1,1574,1,1,0,0,1,petrol,sedan,manual,honda,great,maharashtra,363699
8,54173,6771.625,2,982,1,1,0,0,1,petrol,hatchback,manual,hyundai,great,maharashtra,324599
7,51026,7289.428571428572,1,1046,0,1,0,0,1,petrol,hatchback,automatic,maruti,great,maharashtra,347599
5,46132,9226.4,1,1067,0,1,0,0,1,petrol,hatchback,automatic,maruti,great,maharashtra,360099
8,71880,8985.0,2,2607,1,1,0,0,1,petrol,sedan,automatic,hyundai,great,maharashtra,429499
5,41282,8256.4,1,1294,1,1,0,0,1,petrol,hatchback,manual,hyundai,great,maharashtra,531999
8,53390,6673.75,1,1147,1,1,0,0,1,petrol,hatchback,manual,maruti,great,maharashtra,397799
4,16856,4214.0,1,1831,1,1,0,1,1,petrol,suv,unknown,ford,great,maharashtra,828799
6,67138,11189.666666666666,1,1311,1,1,0,0,1,petrol,hatchback,manual,maruti,great,maharashtra,402399
2,5135,2567.5,1,2346,1,1,0,0,1,petrol,hatchback,unknown,toyota,great,maharashtra,742699
3,13931,4643.666666666667,1,1046,1,1,0,0,1,petrol,hatchback,manual,maruti,great,maharashtra,630599
10,34524,3452.4,1,3145,1,1,0,1,1,petrol,hatchback,manual,maruti,fair,maharashtra,306499
7,56556,8079.428571428572,1,1670,1,1,0,1,1,petrol,sedan,automatic,maruti,great,maharashtra,415999
7,49658,7094.0,1,1164,1,1,0,0,1,petrol,hatchback,manual,hyundai,great,maharashtra,467699
10,47057,4705.7,1,560,1,1,0,0,1,petrol,hatchback,manual,maruti,good,maharashtra,209099
4,33319,8329.75,1,602,1,1,0,0,1,diesel,sedan,manual,maruti,great,maharashtra,701999
2,8277,4138.5,1,3146,1,1,0,0,1,petrol,sedan,manual,honda,great,maharashtra,689099
5,41634,8326.8,1,1847,1,1,0,0,1,petrol,hatchback,manual,renault,great,maharashtra,283799
3,6327,2109.0,1,1130,0,1,0,0,1,petrol,hatchback,automatic,maruti,great,maharashtra,748699
7,63776,9110.857142857143,1,791,1,1,0,0,1,petrol,hatchback,manual,maruti,great,maharashtra,221899
2,7658,3829.0,1,1229,1,1,0,0,1,petrol,unknown,unknown,hyundai,great,maharashtra,528199
7,52984,7569.142857142857,3,2893,0,1,0,0,1,petrol & cng,hatchback,manual,maruti,great,maharashtra,300299
5,54873,10974.6,1,1013,0,1,0,0,1,diesel,hatchback,manual,hyundai,great,maharashtra,506399
7,46776,6682.285714285715,1,441,1,1,0,0,1,petrol,sedan,manual,hyundai,great,maharashtra,402599
6,65777,10962.833333333334,1,320,1,1,0,0,1,petrol & cng,hatchback,manual,maruti,great,maharashtra,337399
7,58732,8390.285714285714,2,1231,1,1,0,0,1,petrol,hatchback,manual,maruti,great,maharashtra,380099
6,50666,8444.333333333334,1,805,1,1,0,0,1,petrol,hatchback,unknown,maruti,great,maharashtra,275099
7,56827,8118.142857142857,1,326,1,1,0,0,1,petrol,hatchback,manual,maruti,great,maharashtra,333799
11,63741,5794.636363636364,3,935,1,1,0,0,1,petrol,hatchback,manual,maruti,great,maharashtra,209599
3,8051,2683.6666666666665,1,1889,0,1,0,0,1,petrol,sedan,unknown,ford,great,maharashtra,604099
3,3349,1116.3333333333333,1,5131,1,1,0,0,1,petrol,suv,manual,maruti,great,maharashtra,761699
4,14157,3539.25,1,2437,0,1,0,0,1,petrol,sedan,manual,honda,great,maharashtra,709299
4,85389,21347.25,1,1654,1,1,0,0,1,petrol,hatchback,unknown,hyundai,great,maharashtra,461899
12,58018,4834.833333333333,1,1611,0,1,0,0,1,petrol,hatchback,manual,hyundai,good,maharashtra,194499
8,73961,9245.125,1,704,1,1,0,0,1,petrol,sedan,manual,honda,great,maharashtra,379499
10,78578,7857.8,2,1393,1,1,0,0,1,petrol,sedan,manual,honda,great,maharashtra,317599
5,41876,8375.2,1,498,1,1,0,0,1,petrol,hatchback,unknown,maruti,great,maharashtra,696899
9,81626,9069.555555555555,1,589,1,1,0,0,1,diesel,hatchback,manual,maruti,great,maharashtra,398399
9,68951,7661.222222222223,2,1479,1,1,0,0,1,petrol,sedan,automatic,honda,great,maharashtra,403499
3,37639,12546.333333333334,1,1168,1,1,0,0,1,diesel,suv,manual,honda,great,maharashtra,863499
12,67524,5627.0,2,3007,1,1,0,0,1,petrol,sedan,manual,honda,great,maharashtra,242999
7,56607,8086.714285714285,1,1149,1,1,0,1,1,petrol & cng,hatchback,manual,maruti,good,maharashtra,341499
9,68344,7593.777777777777,1,1013,1,1,0,0,1,petrol,hatchback,manual,maruti,great,maharashtra,207199
9,68981,7664.555555555556,2,1125,1,1,0,0,1,petrol,hatchback,manual,hyundai,great,maharashtra,305699
8,61542,7692.75,1,1176,1,1,0,0,1,diesel,sedan,manual,maruti,great,maharashtra,439999
9,70192,7799.111111111111,2,1701,1,1,0,0,1,diesel,sedan,manual,maruti,great,maharashtra,403999
6,62946,10491.0,1,762,1,1,0,0,1,petrol,hatchback,manual,honda,great,maharashtra,329299
3,25839,8613.0,1,3800,1,1,0,0,1,diesel,hatchback,automatic,maruti,great,maharashtra,715899
4,35045,8761.25,1,1097,1,1,0,0,1,petrol,hatchback,manual,hyundai,great,maharashtra,576499
4,59847,14961.75,1,1662,1,1,0,0,1,diesel,suv,manual,maruti,great,maharashtra,724399
8,59961,7495.125,1,732,1,1,0,0,1,diesel,sedan,manual,maruti,great,maharashtra,487699
7,65028,9289.714285714286,2,1890,1,1,1,0,1,petrol & cng,hatchback,manual,maruti,great,maharashtra,232899
10,80291,8029.1,2,1186,1,1,0,0,1,petrol,hatchback,manual,toyota,great,maharashtra,263599
11,69317,6301.545454545455,2,889,1,1,0,0,1,petrol,hatchback,manual,honda,great,maharashtra,268599
9,87755,9750.555555555555,1,820,1,1,0,0,1,petrol,hatchback,manual,honda,great,maharashtra,258799
10,90883,9088.3,1,1720,1,1,0,0,1,petrol,sedan,manual,toyota,great,maharashtra,278999
7,63967,9138.142857142857,1,1148,0,1,0,0,1,diesel,sedan,manual,maruti,great,maharashtra,572999
6,73924,12320.666666666666,2,1328,1,1,0,0,1,petrol,sedan,unknown,volkswagen,great,maharashtra,456599
12,63454,5287.833333333333,1,1114,1,1,0,0,1,petrol,hatchback,manual,maruti,great,maharashtra,145599
2,9329,4664.5,1,2407,1,1,0,0,1,petrol,suv,automatic,tata,great,maharashtra,917899
13,71388,5491.384615384615,2,4603,1,1,0,0,1,petrol,sedan,manual,honda,great,maharashtra,264399
12,70458,5871.5,2,1602,0,1,0,0,1,petrol,hatchback,manual,maruti,good,maharashtra,147699
10,78074,7807.4,2,1783,1,1,0,0,1,diesel,luxury sedan,manual,toyota,great,maharashtra,422599
8,75476,9434.5,1,617,1,1,0,1,1,diesel,sedan,manual,maruti,great,maharashtra,456299
13,72604,5584.923076923077,1,1945,1,1,0,0,1,diesel,hatchback,manual,maruti,great,maharashtra,234799
3,26989,8996.333333333334,1,1975,0,1,0,0,1,petrol,sedan,unknown,toyota,great,maharashtra,808199
11,81341,7394.636363636364,2,342,1,1,0,0,1,petrol,hatchback,manual,maruti,great,maharashtra,243699
7,70915,10130.714285714286,1,522,1,1,0,0,1,petrol,hatchback,manual,honda,great,maharashtra,333899
2,17745,8872.5,1,3572,1,1,0,0,1,diesel,suv,unknown,tata,great,maharashtra,827999
9,70050,7783.333333333333,1,369,1,1,0,0,1,petrol,hatchback,manual,maruti,great,maharashtra,233699
3,30301,10100.333333333334,2,569,1,1,0,0,1,diesel,suv,unknown,maruti,great,maharashtra,923699
3,30699,10233.0,1,1324,1,1,0,0,1,petrol,sedan,automatic,maruti,great,maharashtra,875399
9,101287,11254.111111111111,1,1064,1,1,0,0,1,petrol & cng,hatchback,manual,maruti,great,maharashtra,271899
4,43828,10957.0,2,1333,0,1,0,0,1,diesel,hatchback,manual,maruti,great,maharashtra,606699
4,57289,14322.25,1,840,1,1,0,0,1,petrol,hatchback,manual,datsun,great,maharashtra,261999
9,102433,11381.444444444445,1,676,1,1,0,0,1,petrol,sedan,manual,hyundai,great,maharashtra,421799
10,88596,8859.6,2,996,0,1,0,0,1,petrol,sedan,manual,honda,great,maharashtra,334999
3,37344,12448.0,1,1672,1,1,0,0,1,diesel,suv,automatic,maruti,great,maharashtra,878899
4,30705,7676.25,1,839,0,1,0,0,1,diesel,suv,automatic,tata,great,maharashtra,1311988
8,74265,9283.125,1,523,0,1,0,0,1,diesel,sedan,manual,maruti,great,maharashtra,464499
9,105992,11776.888888888889,1,826,1,1,0,0,1,petrol,hatchback,manual,hyundai,great,maharashtra,316299
13,122440,9418.461538461539,2,5882,1,1,0,0,1,petrol,sedan,manual,maruti,good,maharashtra,199799
4,64132,16033.0,1,601,1,1,0,0,1,petrol,hatchback,automatic,maruti,great,maharashtra,432699
7,71057,10151.0,1,1040,1,1,0,0,1,diesel,hatchback,manual,hyundai,great,maharashtra,469899
11,197455,17950.454545454544,1,330,1,1,0,0,1,diesel,sedan,manual,maruti,great,maharashtra,277099
10,105059,10505.9,2,1550,0,1,0,0,1,diesel,sedan,manual,maruti,great,maharashtra,299299
10,129017,12901.7,1,2137,1,1,0,0,1,diesel,sedan,manual,hyundai,great,maharashtra,384299
7,87333,12476.142857142857,1,401,1,1,0,0,1,diesel,sedan,manual,maruti,great,maharashtra,514799
4,56095,14023.75,1,557,1,1,0,0,1,petrol,hatchback,manual,maruti,great,maharashtra,533599
5,22041,4408.2,1,1053,1,1,0,0,1,petrol,suv,automatic,hyundai,great,maharashtra,1025956
7,69308,9901.142857142857,1,2788,1,1,0,0,1,petrol,sedan,manual,maruti,great,maharashtra,473699
10,120090,12009.0,1,971,1,1,0,0,1,petrol,hatchback,manual,hyundai,great,maharashtra,207499
12,95741,7978.416666666667,2,851,1,1,0,0,1,petrol,hatchback,manual,maruti,good,maharashtra,232599
4,62638,15659.5,2,2066,0,1,0,0,1,diesel,sedan,automatic,maruti,great,maharashtra,660599
6,83792,13965.333333333334,1,614,1,1,0,0,1,petrol,hatchback,manual,maruti,great,maharashtra,525199
5,37870,7574.0,1,2834,0,1,0,0,1,petrol,luxury sedan,automatic,skoda,great,maharashtra,1403494
10,107845,10784.5,1,859,1,1,0,0,1,petrol,sedan,manual,toyota,great,maharashtra,285999
6,93753,15625.5,1,1502,1,1,0,0,1,diesel,luxury suv,manual,mahindra,great,maharashtra,758099
5,62591,12518.2,2,886,1,1,0,0,1,petrol,hatchback,manual,maruti,great,maharashtra,519499
3,59502,19834.0,1,4884,1,1,0,0,1,diesel,luxury suv,unknown,mahindra,great,maharashtra,1596606
6,116206,19367.666666666668,1,919,1,1,0,0,1,petrol,hatchback,manual,hyundai,great,maharashtra,422999
9,69848,7760.888888888889,1,811,0,1,0,0,1,petrol,hatchback,automatic,hyundai,good,maharashtra,342699
9,91003,10111.444444444445,2,1112,1,1,0,0,1,diesel,sedan,manual,toyota,great,maharashtra,370999
9,91857,10206.333333333334,1,841,1,1,0,0,1,diesel,hatchback,manual,maruti,great,maharashtra,379999
5,64886,12977.2,1,1216,1,1,0,0,1,diesel,suv,manual,maruti,great,maharashtra,617399
10,100554,10055.4,1,1283,1,1,0,0,1,diesel,hatchback,manual,maruti,great,maharashtra,323799
5,81293,16258.6,1,553,1,1,0,0,1,diesel,hatchback,manual,maruti,great,maharashtra,660299
9,102656,11406.222222222223,2,492,1,1,0,0,1,diesel,sedan,manual,maruti,great,maharashtra,421599
10,105125,10512.5,2,2363,1,1,0,0,0,diesel,hatchback,manual,hyundai,great,maharashtra,303799
7,86253,12321.857142857143,2,835,1,1,0,0,1,diesel,suv,manual,renault,great,maharashtra,521299
11,112961,10269.181818181818,1,2490,1,1,0,0,1,petrol,hatchback,manual,maruti,good,maharashtra,142599
11,93112,8464.727272727272,1,545,0,1,0,0,1,petrol,hatchback,manual,maruti,great,maharashtra,212899
11,102987,9362.454545454546,1,209,1,1,0,0,1,petrol,hatchback,manual,maruti,good,maharashtra,262299
9,96911,10767.888888888889,1,1073,0,1,0,0,1,diesel,suv,manual,renault,great,maharashtra,425199
7,88615,12659.285714285714,1,573,1,1,0,0,1,petrol & cng,hatchback,manual,maruti,great,maharashtra,346499
8,101287,12660.875,2,1020,1,1,0,0,1,diesel,hatchback,manual,hyundai,great,maharashtra,355999
8,95810,11976.25,2,1180,1,1,0,0,1,diesel,hatchback,manual,maruti,great,maharashtra,306699
6,50867,8477.833333333334,2,1663,1,1,0,0,1,petrol,luxury sedan,automatic,toyota,great,maharashtra,919899
7,96335,13762.142857142857,2,2087,1,1,0,0,1,petrol & cng,hatchback,manual,maruti,great,maharashtra,283599
6,86203,14367.166666666666,1,3528,1,1,0,0,1,diesel,luxury suv,manual,mahindra,great,maharashtra,790699
6,106944,17824.0,1,1064,0,1,0,0,1,petrol & cng,hatchback,manual,maruti,great,maharashtra,310399
11,135985,12362.272727272728,2,2008,1,1,0,0,1,diesel,suv,manual,toyota,great,maharashtra,529399
6,96336,16056.0,1,545,1,1,0,0,1,petrol,sedan,manual,honda,great,maharashtra,603299
7,84226,12032.285714285714,1,1967,1,1,0,0,1,diesel,luxury suv,manual,mahindra,great,maharashtra,681699
11,148367,13487.90909090909,1,2046,1,1,0,0,1,diesel,sedan,manual,maruti,great,maharashtra,295999
12,163408,13617.333333333334,1,1317,1,1,0,0,1,diesel,hatchback,manual,maruti,great,maharashtra,256799
11,210074,19097.636363636364,1,1996,1,1,0,0,1,petrol,hatchback,manual,maruti,good,maharashtra,199299
12,110210,9184.166666666666,3,1372,1,1,0,0,1,petrol,sedan,manual,honda,good,maharashtra,239799
10,143702,14370.2,2,844,1,1,0,0,1,diesel,hatchback,manual,maruti,great,maharashtra,219399
7,83460,11922.857142857143,1,5198,1,1,0,0,1,diesel,luxury sedan,automatic,mercedes benz,great,maharashtra,1308049
5,90509,18101.8,1,1767,1,1,0,0,1,petrol,luxury sedan,automatic,toyota,great,maharashtra,974999
8,128399,16049.875,1,763,0,1,0,0,1,diesel,hatchback,manual,maruti,great,maharashtra,373999
8,156564,19570.5,1,1538,1,1,0,0,1,diesel,suv,manual,maruti,great,maharashtra,548999
8,118398,14799.75,1,770,1,1,0,0,1,diesel,suv,manual,renault,great,maharashtra,436599
8,116584,14573.0,1,1049,1,1,0,0,1,diesel,sedan,manual,honda,great,maharashtra,306599
8,89130,11141.25,1,840,1,1,1,0,1,petrol & cng,hatchback,manual,maruti,good,maharashtra,275799
7,102818,14688.285714285714,1,1478,1,1,0,0,1,diesel,suv,manual,ford,great,maharashtra,514599
7,145347,20763.85714285714,2,914,1,1,0,0,1,diesel,suv,manual,ford,great,maharashtra,454199
8,169893,21236.625,1,363,1,1,0,0,1,petrol,sedan,manual,maruti,great,maharashtra,399899
6,162610,27101.666666666668,1,1018,1,1,0,0,1,petrol,sedan,manual,honda,great,maharashtra,344099
8,198155,24769.375,1,1419,0,1,0,0,1,diesel,sedan,manual,honda,great,maharashtra,304299
5,141441,28288.2,1,918,1,1,0,0,1,diesel,sedan,manual,maruti,great,maharashtra,553999
10,156138,15613.8,1,1162,1,1,0,0,0,diesel,hatchback,manual,maruti,great,maharashtra,360699
12,119625,9968.75,2,1007,1,1,0,0,1,petrol,sedan,manual,maruti,good,maharashtra,203399
9,172356,19150.666666666668,3,4037,0,1,0,0,1,diesel,luxury suv,automatic,toyota,great,maharashtra,1019189
7,143871,20553.0,1,977,1,1,0,0,1,diesel,hatchback,manual,maruti,great,maharashtra,429499
7,121994,17427.714285714286,1,1170,1,1,0,0,1,diesel,suv,manual,toyota,great,maharashtra,967899
3,16715,5571.666666666667,1,3091,1,1,0,0,1,petrol,sedan,manual,tata,great,maharashtra,574599
9,27642,3071.3333333333335,1,12433,1,1,0,0,1,petrol,sedan,manual,hyundai,great,maharashtra,337399
13,38192,2937.846153846154,3,6801,1,1,0,0,1,petrol,luxury sedan,unknown,toyota,good,maharashtra,239699
9,26760,2973.3333333333335,1,4566,1,1,0,0,1,petrol & cng,hatchback,manual,maruti,good,maharashtra,180999
7,22957,3279.5714285714284,1,3222,1,1,0,0,1,petrol,hatchback,manual,maruti,great,maharashtra,358499
8,53675,6709.375,1,1194,0,1,0,0,1,diesel,sedan,manual,maruti,great,maharashtra,494199
11,27565,2505.909090909091,3,3145,0,1,0,0,1,petrol,hatchback,manual,maruti,great,maharashtra,194199
7,32498,4642.571428571428,2,2144,1,1,0,0,1,petrol,hatchback,manual,maruti,great,maharashtra,281499
7,24048,3435.4285714285716,1,604,1,1,0,0,1,petrol,sedan,manual,honda,great,maharashtra,456599
7,15206,2172.285714285714,1,428,1,1,0,0,1,petrol,hatchback,manual,maruti,great,maharashtra,372399
4,16723,4180.75,1,1832,1,1,0,0,1,petrol,hatchback,manual,hyundai,great,maharashtra,612599
6,14562,2427.0,1,3474,0,1,0,0,1,petrol,hatchback,automatic,tata,great,maharashtra,182499
4,18596,4649.0,1,1413,1,1,0,0,1,petrol,hatchback,unknown,renault,great,maharashtra,366499
10,37505,3750.5,1,2108,1,1,0,0,1,petrol,sedan,manual,toyota,great,maharashtra,256999
8,13688,1711.0,1,629,1,1,0,0,1,petrol,hatchback,manual,maruti,great,maharashtra,344699
13,16352,1257.8461538461538,1,743,1,1,0,0,1,petrol,sedan,manual,maruti,good,maharashtra,241599
6,26161,4360.166666666667,1,3017,1,1,0,0,1,petrol,sedan,automatic,hyundai,great,maharashtra,414299
8,20609,2576.125,1,717,1,1,0,0,1,petrol,hatchback,manual,honda,great,maharashtra,332599
6,9357,1559.5,1,556,1,1,0,0,1,petrol,hatchback,manual,maruti,great,maharashtra,354699
9,39652,4405.777777777777,3,3,1,1,0,0,1,petrol,hatchback,manual,maruti,great,maharashtra,272199
8,32158,4019.75,2,4845,0,1,0,0,1,petrol,hatchback,manual,hyundai,great,maharashtra,194299
6,14830,2471.6666666666665,1,1355,0,1,0,0,1,petrol,hatchback,manual,maruti,great,maharashtra,353899
6,9622,1603.6666666666667,1,563,0,1,0,0,1,petrol,hatchback,manual,maruti,great,maharashtra,376399
5,20275,4055.0,2,917,1,1,0,0,1,petrol,hatchback,automatic,renault,great,maharashtra,326099
4,20010,5002.5,1,1563,0,1,0,0,1,petrol,suv,manual,maruti,great,maharashtra,377199
7,38472,5496.0,1,1208,1,1,0,0,1,petrol,hatchback,manual,maruti,great,maharashtra,446199
4,12163,3040.75,1,4572,0,1,0,0,1,petrol,hatchback,manual,tata,great,maharashtra,379299
11,35171,3197.3636363636365,1,246,0,1,0,0,1,petrol,hatchback,manual,maruti,good,maharashtra,206499
13,36860,2835.3846153846152,2,1719,1,1,0,0,1,petrol,hatchback,manual,hyundai,good,maharashtra,178299
7,34682,4954.571428571428,1,985,1,1,0,0,1,petrol,sedan,manual,hyundai,great,maharashtra,442399
5,10523,2104.6,1,484,1,1,0,0,1,petrol,hatchback,unknown,maruti,great,maharashtra,345199
4,26428,6607.0,1,1544,1,1,0,0,1,petrol,hatchback,manual,maruti,great,maharashtra,418799
2,6966,3483.0,1,966,1,1,0,0,1,petrol,hatchback,unknown,renault,great,maharashtra,421399
7,15788,2255.4285714285716,1,815,0,1,0,0,1,petrol,hatchback,manual,maruti,great,maharashtra,417299
10,26331,2633.1,1,2835,1,1,0,0,1,petrol,hatchback,manual,chevrolet,fair,maharashtra,186599
8,54581,6822.625,1,3099,1,1,0,0,1,petrol & cng,sedan,manual,honda,great,maharashtra,391299
6,29837,4972.833333333333,2,1298,0,1,0,0,1,petrol,hatchback,manual,toyota,great,maharashtra,347099
8,44929,5616.125,1,341,1,1,0,0,1,petrol,sedan,manual,honda,great,maharashtra,391999
9,50082,5564.666666666667,1,90,1,1,0,0,1,diesel,sedan,manual,maruti,great,maharashtra,445199
11,18469,1679.0,1,254,1,1,0,0,1,petrol,hatchback,manual,maruti,good,maharashtra,224699
10,49337,4933.7,1,571,1,1,0,0,1,petrol,sedan,manual,maruti,great,maharashtra,316099
10,19908,1990.8,1,832,1,1,0,0,1,petrol,hatchback,manual,hyundai,good,maharashtra,200599
10,19167,1916.7,1,810,1,1,0,0,1,petrol,hatchback,manual,hyundai,great,maharashtra,245899
11,38621,3511.0,1,967,1,1,0,0,1,petrol,hatchback,manual,maruti,good,maharashtra,205799
5,30653,6130.6,1,1142,1,1,0,0,1,petrol,sedan,manual,volkswagen,great,maharashtra,511599
8,21404,2675.5,1,1770,1,1,1,0,1,petrol,hatchback,manual,volkswagen,great,maharashtra,327699
10,47405,4740.5,1,1052,1,1,0,0,1,petrol,hatchback,manual,hyundai,great,maharashtra,286699
7,18534,2647.714285714286,2,720,0,1,0,0,1,petrol,hatchback,manual,hyundai,great,maharashtra,354399
5,32156,6431.2,1,590,1,1,0,0,1,petrol,hatchback,automatic,maruti,great,maharashtra,419799
6,30131,5021.833333333333,1,552,1,1,0,0,1,petrol,hatchback,manual,maruti,great,maharashtra,351099
6,15756,2626.0,1,604,1,1,0,0,1,petrol,hatchback,automatic,maruti,great,maharashtra,405799
4,14152,3538.0,1,723,1,1,0,0,1,petrol,hatchback,manual,datsun,great,maharashtra,274399
9,25939,2882.1111111111113,1,535,1,1,0,0,1,petrol,hatchback,manual,hyundai,great,maharashtra,281299
8,27753,3469.125,1,646,1,1,0,0,1,petrol,hatchback,manual,maruti,great,maharashtra,365799
7,25224,3603.4285714285716,2,674,1,1,0,0,1,petrol,hatchback,manual,maruti,great,maharashtra,402699
9,48921,5435.666666666667,1,405,1,1,0,0,1,petrol,hatchback,manual,maruti,great,maharashtra,283199
9,13567,1507.4444444444443,3,385,0,1,0,0,1,petrol,hatchback,manual,honda,great,maharashtra,326699
1,2963,2963.0,1,3863,1,1,0,0,1,diesel,sedan,unknown,hyundai,great,maharashtra,894799
4,16206,4051.5,1,1471,1,1,0,0,1,petrol,hatchback,manual,hyundai,great,maharashtra,286399
8,14671,1833.875,1,97,1,1,0,0,1,petrol,sedan,manual,honda,great,maharashtra,402999
7,28344,4049.1428571428573,1,380,1,1,0,0,1,petrol,hatchback,manual,maruti,great,maharashtra,413899
4,23132,5783.0,1,812,1,1,0,0,1,petrol,hatchback,manual,hyundai,great,maharashtra,595199
9,27469,3052.1111111111113,2,1224,0,1,0,0,1,petrol,sedan,manual,toyota,great,maharashtra,280899
10,54065,5406.5,1,716,0,1,0,0,1,petrol,hatchback,manual,hyundai,great,maharashtra,298999
8,38081,4760.125,1,733,1,1,0,0,1,petrol,hatchback,manual,maruti,great,maharashtra,368199
3,6082,2027.3333333333333,1,467,1,1,0,0,1,petrol,hatchback,manual,maruti,great,maharashtra,365299
11,27071,2461.0,1,778,1,1,0,0,1,petrol,sedan,manual,maruti,great,maharashtra,316199
10,43844,4384.4,1,1064,1,1,0,0,1,petrol,hatchback,manual,hyundai,great,maharashtra,251499
10,18514,1851.4,1,660,1,1,0,0,1,petrol,hatchback,manual,maruti,great,maharashtra,282699
7,22136,3162.285714285714,1,569,0,1,0,0,1,petrol,hatchback,manual,hyundai,great,maharashtra,403999
10,45185,4518.5,3,1282,1,1,0,0,1,petrol,hatchback,automatic,maruti,good,maharashtra,186899
7,6858,979.7142857142857,1,49,1,1,0,0,1,petrol,hatchback,manual,maruti,great,maharashtra,384699
10,38262,3826.2,1,1114,1,1,0,0,1,petrol,hatchback,manual,hyundai,great,maharashtra,278399
4,18321,4580.25,1,384,1,1,0,0,1,petrol,hatchback,manual,hyundai,great,maharashtra,445899
6,22130,3688.3333333333335,1,480,1,1,0,0,1,petrol & cng,hatchback,unknown,maruti,great,maharashtra,392999
4,11934,2983.5,1,222,0,1,0,0,1,petrol,hatchback,manual,maruti,great,maharashtra,298799
9,25748,2860.8888888888887,2,463,1,1,0,0,1,petrol,hatchback,manual,maruti,great,maharashtra,283899
1,4989,4989.0,1,696,1,1,0,0,1,petrol,hatchback,manual,renault,great,maharashtra,403099
4,9825,2456.25,1,287,0,1,0,0,1,petrol,hatchback,manual,maruti,great,maharashtra,551499
6,30030,5005.0,1,2509,1,1,0,0,1,petrol,suv,manual,honda,great,maharashtra,497499
8,18620,2327.5,1,517,1,1,0,0,1,petrol,hatchback,manual,hyundai,great,maharashtra,424199
5,10986,2197.2,1,2277,1,1,0,0,1,diesel,suv,manual,mahindra,great,maharashtra,441199
4,27971,6992.75,2,457,1,1,0,0,1,petrol,hatchback,manual,maruti,great,maharashtra,548999
6,27165,4527.5,1,417,0,1,0,0,1,petrol,hatchback,manual,hyundai,great,maharashtra,423599
3,7797,2599.0,1,1439,0,1,0,0,1,petrol,hatchback,automatic,hyundai,great,maharashtra,621699
8,50633,6329.125,1,463,1,1,0,0,1,petrol,hatchback,manual,maruti,great,maharashtra,359599
7,36541,5220.142857142857,1,865,0,1,0,0,1,petrol,hatchback,manual,hyundai,great,maharashtra,378499
5,16317,3263.4,1,1209,1,1,0,0,1,petrol,hatchback,manual,maruti,great,maharashtra,570699
9,24255,2695.0,1,439,1,1,0,0,1,petrol,hatchback,manual,maruti,great,maharashtra,287699
10,29959,2995.9,1,194,0,1,0,0,1,petrol,hatchback,manual,hyundai,great,maharashtra,371599
9,22938,2548.6666666666665,2,330,1,1,0,0,1,petrol,hatchback,manual,honda,great,maharashtra,265099
10,59371,5937.1,2,139,1,1,0,0,1,petrol,hatchback,manual,hyundai,great,maharashtra,283499
8,21644,2705.5,2,2026,1,1,0,0,1,petrol,suv,manual,ford,great,maharashtra,423499
10,53465,5346.5,1,1366,1,1,0,0,1,petrol,hatchback,manual,honda,great,maharashtra,289499
11,32552,2959.2727272727275,1,242,1,1,0,0,1,petrol,hatchback,manual,maruti,good,maharashtra,245999
10,39413,3941.3,1,431,0,1,0,0,1,petrol,hatchback,manual,hyundai,great,maharashtra,263799
11,28925,2629.5454545454545,2,416,1,1,0,0,1,petrol,hatchback,manual,hyundai,great,maharashtra,233299
6,33015,5502.5,1,2586,0,1,0,0,1,petrol,sedan,manual,toyota,great,maharashtra,429599
9,37356,4150.666666666667,1,482,1,1,0,0,1,petrol,hatchback,manual,hyundai,great,maharashtra,369599
10,38993,3899.3,2,2279,1,1,0,0,1,petrol & cng,hatchback,manual,hyundai,great,maharashtra,316399
7,38327,5475.285714285715,2,565,1,1,0,0,1,petrol,hatchback,manual,hyundai,great,maharashtra,379999
5,19176,3835.2,1,237,1,1,0,0,1,petrol,hatchback,manual,maruti,great,maharashtra,302099
5,35372,7074.4,2,2141,1,1,0,0,1,diesel,suv,automatic,mahindra,great,maharashtra,588299
4,23296,5824.0,1,713,1,1,0,0,1,petrol,hatchback,automatic,renault,great,maharashtra,381099
5,21159,4231.8,1,1451,0,1,0,0,1,petrol,sedan,manual,maruti,great,maharashtra,487799
7,42515,6073.571428571428,1,553,1,1,0,0,1,petrol & cng,hatchback,manual,maruti,great,maharashtra,331199
5,21303,4260.6,1,857,1,1,0,0,1,petrol,hatchback,manual,hyundai,great,maharashtra,303099
5,15395,3079.0,1,67,1,1,0,0,1,petrol,hatchback,unknown,maruti,great,maharashtra,346599
8,41719,5214.875,2,760,1,1,0,0,1,petrol,hatchback,manual,hyundai,great,maharashtra,360399
10,54996,5499.6,2,6913,1,1,0,0,1,diesel,luxury sedan,manual,chevrolet,great,maharashtra,352699
8,50542,6317.75,2,728,1,1,0,0,1,petrol,sedan,manual,honda,great,maharashtra,401699
5,16887,3377.4,2,1122,1,1,0,0,1,petrol,hatchback,manual,renault,great,maharashtra,307099
10,43815,4381.5,2,420,1,1,0,0,1,petrol,hatchback,manual,maruti,good,maharashtra,187899
4,20192,5048.0,1,201,1,1,0,0,1,petrol,hatchback,manual,maruti,great,maharashtra,313199
7,36661,5237.285714285715,1,1053,0,1,0,0,1,petrol & cng,hatchback,manual,maruti,great,maharashtra,341299
4,28928,7232.0,1,385,1,1,0,0,1,petrol,hatchback,automatic,maruti,great,maharashtra,456399
8,53411,6676.375,2,966,1,1,0,0,1,petrol,sedan,manual,honda,great,maharashtra,366299
4,22918,5729.5,1,5474,1,1,0,0,1,petrol,hatchback,manual,datsun,great,maharashtra,259399
8,45594,5699.25,2,517,1,1,0,0,1,petrol,sedan,manual,honda,great,maharashtra,377999
7,25150,3592.8571428571427,1,319,1,1,0,0,1,petrol,hatchback,manual,hyundai,great,maharashtra,423599
6,10438,1739.6666666666667,1,336,1,1,0,0,1,petrol,hatchback,automatic,hyundai,great,maharashtra,517899
7,24887,3555.285714285714,1,2054,1,1,0,0,1,petrol,suv,manual,ford,great,maharashtra,496199
10,31578,3157.8,1,1166,0,1,0,0,1,petrol,sedan,manual,volkswagen,good,maharashtra,331999
2,12869,6434.5,1,1286,0,1,0,0,1,petrol & cng,suv,manual,maruti,great,maharashtra,498799
8,23092,2886.5,1,750,1,1,0,0,1,petrol,hatchback,manual,hyundai,great,maharashtra,215999
6,39053,6508.833333333333,1,871,1,1,0,0,1,diesel,suv,manual,renault,great,maharashtra,568599
6,54699,9116.5,1,955,1,1,0,0,1,petrol,sedan,manual,maruti,great,maharashtra,556799
8,49492,6186.5,1,725,1,1,0,0,1,petrol,hatchback,unknown,maruti,great,maharashtra,200099
4,19561,4890.25,2,596,1,1,0,0,1,petrol,hatchback,manual,hyundai,great,maharashtra,505299
6,29683,4947.166666666667,1,928,1,1,0,0,1,petrol,sedan,manual,maruti,great,maharashtra,503899
3,8604,2868.0,1,1034,1,1,0,0,1,petrol,sedan,manual,maruti,great,maharashtra,668899
9,50884,5653.777777777777,2,2426,1,1,0,0,1,petrol,sedan,manual,honda,great,maharashtra,442499
7,43680,6240.0,2,636,0,1,0,0,1,petrol,hatchback,manual,maruti,great,maharashtra,387699
4,29912,7478.0,1,666,1,1,0,0,1,petrol,hatchback,manual,maruti,great,maharashtra,453599
10,33412,3341.2,1,269,0,1,0,0,1,petrol,hatchback,manual,maruti,great,maharashtra,277399
6,42102,7017.0,1,425,1,1,0,0,1,petrol,hatchback,manual,maruti,great,maharashtra,320999
8,47239,5904.875,2,176,1,1,0,0,1,petrol,sedan,manual,honda,great,maharashtra,405699
8,45525,5690.625,1,2020,1,1,0,0,1,petrol,hatchback,manual,hyundai,great,maharashtra,377999
11,50742,4612.909090909091,2,636,1,1,0,0,1,petrol,hatchback,manual,maruti,good,maharashtra,176599
5,40039,8007.8,1,720,1,1,0,0,1,petrol,hatchback,unknown,maruti,great,maharashtra,635099
11,33318,3028.909090909091,1,524,1,1,0,0,1,petrol,hatchback,manual,maruti,good,maharashtra,250799
11,37030,3366.3636363636365,1,960,1,1,0,0,1,petrol,hatchback,manual,maruti,good,maharashtra,192399
10,41717,4171.7,1,767,1,1,0,0,1,petrol,sedan,automatic,hyundai,great,maharashtra,447699
7,54066,7723.714285714285,1,1673,1,1,0,0,1,diesel,suv,manual,nissan,great,maharashtra,513299
7,35555,5079.285714285715,1,386,1,1,0,0,1,petrol,sedan,manual,hyundai,great,maharashtra,416899
7,33135,4733.571428571428,1,1875,1,1,0,0,1,petrol,sedan,automatic,hyundai,great,maharashtra,537499
10,36253,3625.3,1,506,0,1,0,0,1,petrol,hatchback,manual,maruti,great,maharashtra,284099
7,49724,7103.428571428572,1,219,1,1,0,0,1,petrol,sedan,manual,honda,great,maharashtra,419499
5,26772,5354.4,1,2413,1,1,0,0,1,petrol,hatchback,automatic,maruti,great,maharashtra,423699
6,41346,6891.0,1,38,1,1,0,0,1,diesel,hatchback,manual,maruti,great,maharashtra,570399
9,53886,5987.333333333333,1,608,1,1,0,0,1,diesel,sedan,manual,maruti,great,maharashtra,476899
8,39040,4880.0,1,225,1,1,0,0,1,petrol,hatchback,manual,hyundai,great,maharashtra,320399
9,67520,7502.222222222223,2,77,1,1,0,0,1,petrol,hatchback,manual,hyundai,great,maharashtra,304199
11,43369,3942.6363636363635,1,1535,0,1,0,0,1,petrol,hatchback,manual,hyundai,great,maharashtra,251199
9,47535,5281.666666666667,1,1140,1,1,0,0,1,diesel,hatchback,manual,ford,great,maharashtra,316499
11,44261,4023.7272727272725,1,339,0,1,0,0,1,petrol,hatchback,manual,maruti,great,maharashtra,252599
10,23073,2307.3,2,428,1,1,0,0,1,petrol,hatchback,automatic,hyundai,great,maharashtra,259999
10,48910,4891.0,1,506,1,1,0,0,1,petrol,sedan,manual,toyota,great,maharashtra,343299
10,43124,4312.4,1,421,1,1,0,0,1,petrol,hatchback,manual,hyundai,great,maharashtra,350199
10,43411,4341.1,2,332,0,1,0,0,1,petrol,hatchback,manual,hyundai,great,maharashtra,256399
9,26709,2967.6666666666665,1,542,0,1,0,0,1,petrol,hatchback,manual,hyundai,great,maharashtra,350799
9,49238,5470.888888888889,2,942,1,1,0,0,1,petrol,sedan,automatic,honda,great,maharashtra,424399
6,32547,5424.5,1,2056,0,1,0,0,1,petrol,hatchback,manual,renault,great,maharashtra,249599
5,21970,4394.0,2,174,1,1,0,0,1,petrol,hatchback,manual,hyundai,great,maharashtra,450199
6,17438,2906.3333333333335,1,762,0,1,0,0,1,petrol,sedan,manual,maruti,great,maharashtra,494399
12,17167,1430.5833333333333,2,2123,1,1,0,0,1,petrol,hatchback,manual,hyundai,great,maharashtra,189399
7,47015,6716.428571428572,2,165,1,1,0,0,1,petrol,sedan,automatic,honda,great,maharashtra,569599
10,39230,3923.0,2,859,1,1,0,0,1,petrol,hatchback,manual,volkswagen,great,maharashtra,290599
5,24867,4973.4,1,1245,0,1,0,0,1,petrol,hatchback,manual,honda,great,maharashtra,480299
11,38409,3491.7272727272725,3,628,1,1,0,0,1,petrol,hatchback,manual,hyundai,good,maharashtra,246499
4,27887,6971.75,1,358,1,1,0,0,1,petrol,hatchback,manual,hyundai,great,maharashtra,499899
8,7851,981.375,1,362,1,1,0,0,1,petrol,sedan,manual,volkswagen,great,maharashtra,512199
4,30982,7745.5,2,989,1,1,0,0,1,petrol,suv,manual,honda,great,maharashtra,693599
9,40235,4470.555555555556,1,874,1,1,0,0,1,petrol,sedan,automatic,honda,great,maharashtra,476499
7,33076,4725.142857142857,1,3793,0,1,0,0,1,petrol & cng,suv,manual,maruti,great,maharashtra,612499
8,33876,4234.5,1,397,1,1,0,0,1,petrol,sedan,manual,maruti,great,maharashtra,434999
11,49100,4463.636363636364,2,222,0,1,0,0,1,petrol,hatchback,manual,hyundai,good,maharashtra,261499
10,42836,4283.6,3,541,1,1,0,0,1,petrol,hatchback,manual,volkswagen,great,maharashtra,302699
6,38459,6409.833333333333,1,2448,1,1,0,0,1,diesel,sedan,automatic,volkswagen,great,maharashtra,602299
11,80024,7274.909090909091,1,434,1,1,0,0,1,diesel,sedan,manual,maruti,great,maharashtra,337599
7,20646,2949.4285714285716,1,613,1,1,0,0,1,petrol,hatchback,manual,hyundai,great,maharashtra,517199
11,36785,3344.090909090909,2,278,1,1,0,0,1,petrol,hatchback,manual,maruti,good,maharashtra,270899
6,39018,6503.0,1,193,0,1,0,0,1,petrol,hatchback,manual,hyundai,great,maharashtra,414399
11,41923,3811.181818181818,2,282,1,1,0,0,1,petrol,hatchback,manual,hyundai,great,maharashtra,236899
6,9851,1641.8333333333333,1,654,1,1,0,0,1,petrol,hatchback,automatic,tata,good,maharashtra,219499
2,7057,3528.5,1,1269,1,1,0,0,1,petrol & cng,suv,manual,maruti,great,maharashtra,487699
5,40626,8125.2,2,39,1,1,0,0,1,petrol,suv,manual,mahindra,great,maharashtra,376499
9,50107,5567.444444444444,3,386,1,1,0,0,1,petrol,hatchback,manual,hyundai,great,maharashtra,253699
5,44234,8846.8,1,900,0,1,0,0,1,petrol,hatchback,manual,honda,great,maharashtra,475399
6,3370,561.6666666666666,1,217,1,1,0,0,1,petrol,hatchback,manual,maruti,good,maharashtra,289099
10,36791,3679.1,2,561,1,1,0,0,1,petrol,hatchback,manual,hyundai,great,maharashtra,338799
10,44798,4479.8,2,835,1,1,0,0,1,petrol,hatchback,manual,maruti,good,maharashtra,237399
11,50705,4609.545454545455,1,1066,1,1,0,0,1,petrol,hatchback,manual,hyundai,great,maharashtra,228099
9,66684,7409.333333333333,1,495,1,1,0,0,1,petrol,sedan,manual,honda,great,maharashtra,405799
11,39989,3635.3636363636365,1,416,1,1,0,0,1,petrol,hatchback,manual,hyundai,great,maharashtra,211699
8,36374,4546.75,1,144,1,1,0,0,1,petrol,hatchback,manual,maruti,good,maharashtra,252999
5,17868,3573.6,2,998,1,1,0,0,1,petrol,hatchback,manual,hyundai,great,maharashtra,538399
5,19266,3853.2,1,218,1,1,0,0,1,petrol,hatchback,unknown,renault,good,maharashtra,358399
7,46713,6673.285714285715,1,360,1,1,0,0,1,petrol,sedan,manual,honda,great,maharashtra,422899
2,19433,9716.5,1,2317,1,1,0,0,1,petrol & cng,unknown,unknown,maruti,great,maharashtra,563099
12,47873,3989.4166666666665,1,1066,1,1,0,0,1,petrol,hatchback,manual,maruti,good,maharashtra,232399
5,25868,5173.6,1,107,1,1,0,0,1,petrol,hatchback,manual,hyundai,great,maharashtra,589899
4,9818,2454.5,1,249,0,1,0,0,1,petrol,hatchback,manual,maruti,great,maharashtra,659399
3,3226,1075.3333333333333,1,621,0,1,0,0,1,petrol,sedan,manual,maruti,great,maharashtra,691099
11,38014,3455.818181818182,1,259,1,1,0,0,1,petrol,hatchback,manual,hyundai,great,maharashtra,271499
9,67283,7475.888888888889,1,787,0,1,0,0,1,diesel,sedan,manual,toyota,great,maharashtra,392899
7,23325,3332.1428571428573,2,263,1,1,0,0,1,petrol,sedan,manual,hyundai,great,maharashtra,476799
11,57510,5228.181818181818,4,1005,1,1,0,0,1,petrol,hatchback,automatic,hyundai,good,maharashtra,204499
6,48551,8091.833333333333,1,1242,1,1,0,0,1,petrol,sedan,manual,maruti,great,maharashtra,574999
9,48978,5442.0,3,447,1,1,0,0,1,petrol,hatchback,automatic,hyundai,great,maharashtra,287599
8,26848,3356.0,1,336,0,1,0,0,1,petrol,hatchback,manual,maruti,great,maharashtra,249699
11,34995,3181.3636363636365,1,629,1,1,0,0,1,petrol,hatchback,manual,maruti,good,maharashtra,170099
5,44635,8927.0,4,925,1,1,0,0,1,petrol,hatchback,manual,maruti,great,maharashtra,343199
3,35973,11991.0,1,351,1,1,0,0,1,petrol,hatchback,manual,hyundai,great,maharashtra,479199
4,29594,7398.5,2,631,0,1,0,0,1,petrol,hatchback,manual,hyundai,great,maharashtra,552999
8,54510,6813.75,2,466,1,1,0,0,1,petrol,hatchback,automatic,hyundai,great,maharashtra,346599
10,65507,6550.7,1,176,1,1,0,0,1,petrol,hatchback,manual,hyundai,great,maharashtra,249199
10,48142,4814.2,2,1137,0,1,0,0,1,petrol,hatchback,manual,hyundai,good,maharashtra,190799
9,62257,6917.444444444444,1,88,1,1,0,0,1,petrol,hatchback,manual,honda,great,maharashtra,310399
5,14866,2973.2,2,58,1,1,0,0,1,petrol,hatchback,manual,maruti,great,maharashtra,565699
7,53898,7699.714285714285,1,960,1,1,0,0,1,petrol,hatchback,manual,volkswagen,great,maharashtra,403199
9,24171,2685.6666666666665,2,251,1,1,0,0,1,petrol,hatchback,manual,honda,good,maharashtra,331699
5,45468,9093.6,1,1685,1,1,0,0,1,diesel,suv,manual,mahindra,great,maharashtra,670699
6,46554,7759.0,1,754,1,1,0,0,1,petrol,hatchback,manual,volkswagen,great,maharashtra,438799
5,39793,7958.6,1,770,1,1,0,0,1,petrol,suv,manual,mahindra,great,maharashtra,382699
6,34649,5774.833333333333,1,1564,1,1,0,0,1,petrol,suv,manual,maruti,great,maharashtra,605699
10,41577,4157.7,1,372,1,1,0,0,1,petrol,hatchback,manual,hyundai,great,maharashtra,264199
5,29249,5849.8,2,1492,1,1,0,0,1,petrol,hatchback,manual,tata,good,maharashtra,139599
4,25483,6370.75,1,782,0,1,0,0,1,petrol,hatchback,manual,hyundai,great,maharashtra,602099
6,37800,6300.0,1,560,1,1,0,0,1,petrol,hatchback,manual,hyundai,great,maharashtra,479799
12,83935,6994.583333333333,1,1286,1,1,0,0,1,petrol,sedan,manual,honda,great,maharashtra,250599
9,48024,5336.0,1,604,0,1,0,0,1,petrol,hatchback,manual,hyundai,great,maharashtra,343699
8,22618,2827.25,2,1017,1,1,0,0,1,petrol,hatchback,manual,ford,good,maharashtra,250899
2,11711,5855.5,1,1224,1,1,0,0,1,petrol,hatchback,manual,maruti,great,maharashtra,633599
2,4781,2390.5,1,940,1,1,0,0,1,diesel,suv,unknown,maruti,great,maharashtra,887599
1,17310,17310.0,1,1049,0,1,0,0,1,petrol,unknown,unknown,maruti,great,maharashtra,611999
5,27792,5558.4,2,211,1,1,0,0,1,petrol,hatchback,manual,renault,good,maharashtra,285999
2,15671,7835.5,1,1117,0,1,0,0,1,petrol & cng,unknown,unknown,maruti,great,maharashtra,586999
6,51187,8531.166666666666,3,555,1,1,0,0,1,petrol,hatchback,manual,hyundai,great,maharashtra,433099
5,37151,7430.2,1,1712,0,1,0,0,1,petrol,suv,manual,ford,great,maharashtra,525999
7,49738,7105.428571428572,2,256,1,1,0,0,1,petrol,hatchback,manual,maruti,great,maharashtra,306099
4,17795,4448.75,1,25,1,1,0,0,1,petrol,suv,automatic,ford,great,maharashtra,803999
8,39015,4876.875,1,229,1,1,0,0,1,diesel,suv,manual,ford,great,maharashtra,520799
10,38375,3837.5,1,452,1,1,0,0,1,petrol,hatchback,manual,volkswagen,good,maharashtra,340199
10,57156,5715.6,2,262,1,1,0,0,1,petrol & cng,hatchback,manual,maruti,great,maharashtra,264999
10,54295,5429.5,2,2955,1,1,0,0,1,petrol,hatchback,manual,volkswagen,great,maharashtra,244099
5,16815,3363.0,2,1071,1,1,0,0,1,petrol,suv,unknown,maruti,great,maharashtra,686199
9,65116,7235.111111111111,1,277,1,1,0,0,1,petrol,hatchback,manual,hyundai,great,maharashtra,299299
11,54883,4989.363636363636,2,307,1,1,0,0,1,petrol,sedan,manual,maruti,good,maharashtra,256899
11,41911,3810.090909090909,1,125,0,1,0,0,1,petrol,sedan,manual,honda,good,maharashtra,366499
10,66356,6635.6,1,277,0,1,0,0,1,diesel,hatchback,manual,maruti,great,maharashtra,395899
2,19679,9839.5,1,498,1,1,0,0,1,petrol,sedan,unknown,honda,great,maharashtra,714899
12,39140,3261.6666666666665,2,1473,0,1,0,0,1,petrol,hatchback,manual,hyundai,great,maharashtra,226999
8,56545,7068.125,1,2146,1,1,0,0,1,petrol,sedan,manual,skoda,great,maharashtra,360399
6,34270,5711.666666666667,2,517,1,1,0,0,1,petrol,hatchback,manual,hyundai,good,maharashtra,282799
11,38204,3473.090909090909,1,435,0,1,0,0,1,petrol,hatchback,manual,hyundai,good,maharashtra,273199
3,66707,22235.666666666668,1,589,1,1,0,0,1,petrol,hatchback,automatic,maruti,great,maharashtra,405399
9,63871,7096.777777777777,1,317,0,1,0,0,1,petrol,hatchback,manual,maruti,great,maharashtra,354399
10,40420,4042.0,1,508,1,1,0,0,1,petrol,hatchback,manual,maruti,good,maharashtra,251799
9,64886,7209.555555555556,1,257,1,1,0,0,1,diesel,sedan,manual,maruti,great,maharashtra,456099
12,51045,4253.75,1,616,1,1,0,0,1,petrol,sedan,manual,honda,good,maharashtra,270799
8,70008,8751.0,1,302,1,1,0,0,1,petrol,sedan,manual,honda,great,maharashtra,386099
4,40459,10114.75,1,299,1,1,0,0,1,petrol,hatchback,manual,hyundai,great,maharashtra,605899
7,53533,7647.571428571428,1,439,0,1,0,0,1,petrol,hatchback,automatic,maruti,great,maharashtra,356999
10,75217,7521.7,1,402,1,1,0,0,1,diesel,luxury sedan,automatic,skoda,great,maharashtra,373899
2,11438,5719.0,1,1954,1,1,0,0,1,petrol,suv,unknown,renault,great,maharashtra,680299
9,64239,7137.666666666667,3,457,1,1,0,0,1,petrol,hatchback,manual,maruti,great,maharashtra,360799
7,55444,7920.571428571428,1,1532,1,1,0,0,1,petrol,sedan,manual,skoda,great,maharashtra,430799
10,56792,5679.2,1,556,1,1,0,0,1,diesel,hatchback,manual,maruti,great,maharashtra,270699
10,56664,5666.4,1,555,1,1,0,0,1,petrol,hatchback,manual,honda,great,maharashtra,251299
7,52146,7449.428571428572,2,557,1,1,0,0,1,petrol,hatchback,manual,toyota,great,maharashtra,311899
11,70119,6374.454545454545,2,725,1,1,0,0,1,petrol,hatchback,manual,maruti,great,maharashtra,241099
10,64317,6431.7,1,691,1,1,0,0,1,petrol,sedan,manual,toyota,great,maharashtra,308399
4,25422,6355.5,1,564,1,1,0,0,1,petrol,hatchback,automatic,volkswagen,great,maharashtra,804099
10,63784,6378.4,1,347,1,1,0,0,1,petrol,hatchback,manual,hyundai,great,maharashtra,248299
9,50665,5629.444444444444,1,929,0,1,0,0,1,petrol,suv,manual,maruti,great,maharashtra,499399
9,77826,8647.333333333334,3,353,1,1,0,0,1,petrol,hatchback,manual,honda,great,maharashtra,304899
9,52723,5858.111111111111,1,305,1,1,0,0,1,petrol,hatchback,manual,hyundai,great,maharashtra,228799
11,59073,5370.272727272727,1,214,1,1,0,0,1,petrol,hatchback,manual,honda,great,maharashtra,288699
9,46608,5178.666666666667,1,93,1,1,0,0,1,petrol,sedan,manual,volkswagen,good,maharashtra,423699
2,8890,4445.0,1,2242,1,1,0,0,1,petrol,sedan,manual,hyundai,great,maharashtra,921899
10,69729,6972.9,1,275,1,1,0,0,1,petrol,hatchback,manual,maruti,great,maharashtra,273999
5,46178,9235.6,1,2867,1,1,0,0,1,petrol & cng,suv,manual,maruti,great,maharashtra,693899
5,46047,9209.4,2,214,0,1,0,0,1,petrol,hatchback,manual,maruti,great,maharashtra,349499
12,25001,2083.4166666666665,1,625,1,1,0,0,1,petrol,hatchback,manual,maruti,good,maharashtra,187899
4,21304,5326.0,1,607,1,1,0,0,1,petrol,hatchback,manual,hyundai,great,maharashtra,646999
5,21933,4386.6,1,198,1,1,0,0,1,petrol,hatchback,manual,maruti,good,maharashtra,351499
11,33814,3074.0,2,413,1,1,0,0,1,petrol & lpg,hatchback,manual,maruti,good,maharashtra,192999
4,42385,10596.25,1,334,1,1,0,0,1,petrol & cng,hatchback,manual,maruti,great,maharashtra,442399
8,92022,11502.75,1,422,1,1,0,0,1,diesel,sedan,manual,maruti,great,maharashtra,481299
6,57742,9623.666666666666,2,557,1,1,0,0,1,petrol,sedan,manual,maruti,great,maharashtra,447499
12,64009,5334.083333333333,1,345,1,1,0,0,1,petrol,hatchback,manual,maruti,good,maharashtra,208899
6,54025,9004.166666666666,1,2237,1,1,0,0,1,petrol,sedan,unknown,tata,great,maharashtra,345699
2,19014,9507.0,1,947,1,1,0,0,1,petrol,hatchback,manual,maruti,great,maharashtra,622799
7,58511,8358.714285714286,2,603,1,1,0,0,1,diesel,sedan,manual,skoda,great,maharashtra,436099
9,64064,7118.222222222223,1,910,1,1,0,0,1,diesel,sedan,manual,skoda,great,maharashtra,363299
4,21922,5480.5,1,698,1,1,0,0,1,petrol,suv,manual,maruti,great,maharashtra,713099
8,43545,5443.125,2,1052,1,1,0,0,1,petrol,suv,manual,ford,great,maharashtra,473299
10,55455,5545.5,1,1027,1,1,0,0,1,petrol,sedan,unknown,honda,good,maharashtra,308099
11,60246,5476.909090909091,2,1493,1,1,0,0,1,petrol & cng,suv,manual,maruti,good,maharashtra,220699
9,65864,7318.222222222223,1,758,1,1,0,0,1,petrol,hatchback,manual,honda,great,maharashtra,256799
5,24881,4976.2,2,1385,1,1,0,0,1,diesel,suv,manual,maruti,great,maharashtra,752999
5,52144,10428.8,1,288,1,1,0,0,1,petrol,hatchback,manual,maruti,great,maharashtra,556299
7,56356,8050.857142857143,1,843,1,1,0,0,1,petrol,sedan,manual,hyundai,great,maharashtra,352099
11,42372,3852.0,3,3322,1,1,0,0,1,petrol,luxury sedan,manual,mercedes benz,great,maharashtra,1600343
8,87083,10885.375,1,457,1,1,0,0,1,petrol,sedan,manual,honda,great,maharashtra,342899
10,57597,5759.7,2,422,1,1,0,0,1,petrol,sedan,manual,maruti,good,maharashtra,301499
9,64275,7141.666666666667,1,453,1,1,0,0,1,petrol & cng,hatchback,manual,maruti,great,maharashtra,287899
10,69385,6938.5,1,497,1,1,0,0,1,petrol,sedan,manual,toyota,great,maharashtra,316899
3,16931,5643.666666666667,1,1929,0,1,0,0,1,diesel,suv,manual,renault,great,maharashtra,912499
5,42507,8501.4,1,377,1,1,0,0,1,petrol,hatchback,manual,hyundai,great,maharashtra,532599
9,66445,7382.777777777777,4,803,0,1,0,0,1,petrol,sedan,manual,honda,great,maharashtra,379899
8,59036,7379.5,1,2073,1,1,0,0,1,diesel,suv,manual,toyota,great,maharashtra,810199
10,103624,10362.4,3,410,1,1,0,0,1,petrol,hatchback,manual,volkswagen,great,maharashtra,258699
4,68429,17107.25,1,507,1,1,0,0,1,petrol,hatchback,manual,renault,great,maharashtra,310199
4,27564,6891.0,1,1232,1,1,0,0,1,diesel,suv,manual,maruti,great,maharashtra,718099
6,51199,8533.166666666666,1,672,1,1,0,0,1,petrol & cng,hatchback,manual,maruti,great,maharashtra,357099
6,45259,7543.166666666667,1,1432,0,1,0,0,1,petrol,suv,manual,ford,great,maharashtra,547799
4,18494,4623.5,1,1008,1,1,0,0,1,petrol,sedan,manual,honda,great,maharashtra,856899
3,14943,4981.0,1,1529,1,1,0,0,1,petrol,sedan,manual,honda,great,maharashtra,898899
4,17601,4400.25,1,2033,1,1,0,0,1,petrol,sedan,automatic,hyundai,great,maharashtra,926399
10,68103,6810.3,1,618,0,1,0,0,1,petrol,hatchback,manual,maruti,great,maharashtra,320199
9,88391,9821.222222222223,1,630,1,1,0,0,1,petrol & cng,hatchback,manual,maruti,great,maharashtra,276699
4,26041,6510.25,1,500,0,1,0,0,1,petrol,hatchback,automatic,volkswagen,great,maharashtra,807199
7,57467,8209.57142857143,1,182,1,1,0,0,1,petrol & cng,hatchback,manual,maruti,great,maharashtra,313799
7,61291,8755.857142857143,1,328,1,1,0,0,1,petrol,hatchback,manual,hyundai,great,maharashtra,362299
6,34885,5814.166666666667,1,101,1,1,0,0,1,petrol,hatchback,manual,hyundai,great,maharashtra,469299
11,54780,4980.0,1,860,0,1,0,0,1,petrol,sedan,manual,volkswagen,good,maharashtra,339199
10,56869,5686.9,1,351,0,1,0,0,1,petrol,hatchback,manual,hyundai,good,maharashtra,314899
11,66817,6074.272727272727,1,342,1,1,0,0,1,petrol,hatchback,manual,hyundai,great,maharashtra,232399
8,74558,9319.75,2,1856,1,1,0,0,1,petrol & cng,suv,manual,maruti,great,maharashtra,514199
5,50815,10163.0,2,2163,1,1,0,0,1,diesel,suv,manual,maruti,great,maharashtra,747499
3,29730,9910.0,1,32019,1,1,0,0,1,petrol,hatchback,unknown,datsun,great,maharashtra,306899
7,68191,9741.57142857143,2,1933,1,1,0,0,1,petrol,sedan,manual,hyundai,great,maharashtra,459299
7,59517,8502.42857142857,2,2115,1,1,0,0,1,petrol & cng,suv,manual,maruti,great,maharashtra,536599
4,15738,3934.5,1,897,1,1,0,0,1,diesel,sedan,manual,maruti,great,maharashtra,734999
9,123544,13727.111111111111,3,1029,1,1,0,0,1,diesel,suv,manual,toyota,great,maharashtra,657199
5,50656,10131.2,1,311,1,1,0,0,1,petrol,sedan,manual,maruti,great,maharashtra,585399
7,61493,8784.714285714286,1,495,1,1,0,0,1,petrol,hatchback,manual,hyundai,great,maharashtra,396399
3,17665,5888.333333333333,1,1123,0,1,0,0,1,petrol,suv,manual,honda,great,maharashtra,771899
10,66259,6625.9,1,527,1,1,0,0,1,petrol,sedan,manual,toyota,good,maharashtra,316699
2,16321,8160.5,1,6959,1,1,0,0,1,diesel,suv,unknown,tata,great,maharashtra,1532471
7,56134,8019.142857142857,2,82,1,1,0,0,1,petrol,sedan,manual,honda,great,maharashtra,421899
10,76933,7693.3,1,526,1,1,0,0,1,petrol,hatchback,manual,hyundai,great,maharashtra,282599
11,52121,4738.272727272727,2,214,0,1,0,0,1,petrol,hatchback,manual,hyundai,good,maharashtra,277099
12,57487,4790.583333333333,1,732,1,1,0,0,1,petrol,hatchback,manual,maruti,good,maharashtra,170599
5,30894,6178.8,1,460,1,1,0,0,1,diesel,suv,manual,maruti,great,maharashtra,783499
4,28262,7065.5,1,914,1,1,0,0,1,petrol,suv,manual,maruti,great,maharashtra,668499
5,39923,7984.6,2,409,0,1,0,0,1,diesel,sedan,automatic,volkswagen,great,maharashtra,619299
5,48265,9653.0,1,561,1,1,0,0,1,petrol,hatchback,automatic,honda,great,maharashtra,563699
8,90511,11313.875,2,398,1,1,0,0,1,diesel,suv,manual,maruti,great,maharashtra,562299
11,66898,6081.636363636364,1,319,1,1,0,0,1,petrol,hatchback,manual,hyundai,great,maharashtra,275699
7,58319,8331.285714285714,1,626,1,1,0,0,1,diesel,suv,manual,maruti,great,maharashtra,642099
6,57504,9584.0,1,1878,1,1,0,0,1,diesel,luxury suv,manual,mahindra,great,maharashtra,845999
5,45732,9146.4,1,357,1,1,0,0,1,petrol,hatchback,manual,renault,great,maharashtra,309299
4,37024,9256.0,1,1089,0,1,0,0,1,petrol,sedan,manual,maruti,great,maharashtra,654499
4,26547,6636.75,2,77,0,1,0,0,1,petrol,suv,manual,hyundai,great,maharashtra,794599
11,68321,6211.0,1,712,1,1,0,0,1,petrol,hatchback,manual,hyundai,great,maharashtra,259899
12,49357,4113.083333333333,2,991,1,1,0,0,1,petrol,hatchback,manual,hyundai,good,maharashtra,193499
5,53525,10705.0,1,327,0,1,0,0,1,petrol,hatchback,manual,hyundai,great,maharashtra,457999
3,32336,10778.666666666666,1,725,1,1,0,0,1,petrol,hatchback,manual,maruti,great,maharashtra,570299
7,59503,8500.42857142857,1,270,1,1,0,0,1,petrol,sedan,manual,maruti,great,maharashtra,536599
8,40256,5032.0,1,292,1,1,0,0,1,petrol,hatchback,manual,maruti,good,maharashtra,259599
9,82338,9148.666666666666,2,158,0,1,0,0,1,petrol,sedan,manual,honda,great,maharashtra,406099
3,8728,2909.3333333333335,1,2167,1,1,0,0,1,diesel,sedan,manual,hyundai,great,maharashtra,1042621
10,53950,5395.0,1,82,1,1,0,0,1,petrol,hatchback,manual,hyundai,good,maharashtra,305899
9,70152,7794.666666666667,2,121,1,1,0,0,1,diesel,sedan,manual,maruti,great,maharashtra,447299
7,63461,9065.857142857143,1,1648,1,1,0,0,1,petrol,sedan,manual,hyundai,great,maharashtra,480899
3,16918,5639.333333333333,1,2072,1,1,0,0,1,diesel,suv,unknown,hyundai,great,maharashtra,1175133
9,81090,9010.0,1,757,1,1,0,0,1,petrol,sedan,manual,honda,great,maharashtra,409799
11,64387,5853.363636363636,1,693,1,1,0,0,1,diesel,suv,manual,toyota,great,maharashtra,595899
4,39193,9798.25,1,110,0,1,0,0,1,petrol,hatchback,manual,maruti,great,maharashtra,300099
6,54286,9047.666666666666,1,391,1,1,0,0,1,petrol,hatchback,manual,maruti,great,maharashtra,324499
2,16900,8450.0,1,2526,1,1,0,0,1,diesel,suv,unknown,mahindra,great,maharashtra,1092717
12,72479,6039.916666666667,2,1022,0,1,0,0,1,diesel,hatchback,manual,hyundai,great,maharashtra,225899
10,66145,6614.5,2,3399,1,1,0,0,1,petrol,luxury sedan,manual,mercedes benz,great,maharashtra,754299
6,52532,8755.333333333334,1,272,1,1,0,0,1,petrol,sedan,manual,maruti,great,maharashtra,521899
4,33200,8300.0,1,340,1,1,0,0,1,petrol,hatchback,manual,maruti,great,maharashtra,509299
5,58796,11759.2,1,413,1,1,0,0,1,diesel,suv,manual,maruti,great,maharashtra,764499
9,78982,8775.777777777777,1,280,0,1,0,0,1,petrol,sedan,manual,maruti,great,maharashtra,379299
8,85990,10748.75,2,1847,1,1,0,0,1,diesel,sedan,automatic,hyundai,great,maharashtra,445999
9,67065,7451.666666666667,1,182,0,1,0,0,1,petrol,hatchback,manual,maruti,good,maharashtra,387699
10,70662,7066.2,1,279,1,1,0,0,1,petrol,hatchback,manual,maruti,great,maharashtra,279299
11,51266,4660.545454545455,2,205,1,1,0,0,1,petrol,hatchback,manual,maruti,good,maharashtra,183599
4,47447,11861.75,1,601,1,1,0,0,1,diesel,suv,manual,maruti,great,maharashtra,746299
10,92346,9234.6,2,947,1,1,0,0,1,petrol,sedan,manual,volkswagen,great,maharashtra,259399
2,11607,5803.5,1,763,0,1,0,0,1,petrol,suv,unknown,hyundai,great,maharashtra,1107059
5,30191,6038.2,1,1093,1,1,0,0,1,petrol,sedan,manual,honda,great,maharashtra,704199
13,108344,8334.153846153846,2,1650,0,1,0,0,1,diesel,hatchback,manual,maruti,good,maharashtra,198699
7,58530,8361.42857142857,1,459,1,1,0,0,1,petrol & cng,hatchback,manual,maruti,great,maharashtra,396299
8,61228,7653.5,1,556,0,1,0,0,1,petrol & cng,hatchback,manual,maruti,great,maharashtra,296599
9,72101,8011.222222222223,1,261,1,1,0,0,1,petrol,hatchback,manual,maruti,great,maharashtra,300599
3,16351,5450.333333333333,1,480,0,1,0,0,1,diesel,suv,manual,maruti,great,maharashtra,929799
7,61893,8841.857142857143,1,387,1,1,0,0,1,petrol,sedan,manual,honda,great,maharashtra,388599
10,80846,8084.6,1,419,1,1,0,0,1,petrol,sedan,manual,honda,good,maharashtra,340399
9,73246,8138.444444444444,1,370,1,1,0,0,1,petrol,hatchback,manual,hyundai,great,maharashtra,330099
10,43062,4306.2,2,1873,1,1,0,0,1,diesel,luxury sedan,unknown,mercedes benz,great,maharashtra,920699
12,96460,8038.333333333333,1,1310,1,1,0,0,1,diesel,suv,manual,toyota,great,maharashtra,434299
4,50878,12719.5,1,230,1,1,0,0,1,petrol,hatchback,manual,hyundai,great,maharashtra,581199
5,47866,9573.2,1,370,1,1,0,0,1,petrol & cng,hatchback,manual,maruti,great,maharashtra,304399
9,41669,4629.888888888889,1,2267,0,1,0,0,1,diesel,suv,manual,toyota,great,maharashtra,812499
7,78023,11146.142857142857,1,422,0,1,0,0,1,petrol,hatchback,manual,hyundai,great,maharashtra,323299
9,101815,11312.777777777777,2,519,1,1,0,0,1,diesel,sedan,manual,hyundai,great,maharashtra,419999
6,70558,11759.666666666666,1,435,1,1,0,0,1,diesel,luxury suv,manual,mahindra,great,maharashtra,856799
7,67170,9595.714285714286,2,440,1,1,0,0,1,petrol,sedan,manual,honda,great,maharashtra,387099
7,56751,8107.285714285715,2,1186,0,1,0,0,1,petrol & cng,hatchback,manual,maruti,good,maharashtra,357299
11,77289,7026.272727272727,1,290,1,1,0,0,1,petrol,hatchback,manual,hyundai,great,maharashtra,212799
3,47642,15880.666666666666,1,379,1,1,0,0,1,petrol,hatchback,manual,maruti,great,maharashtra,321399
10,77308,7730.8,3,1404,1,1,0,0,1,petrol,hatchback,manual,maruti,good,maharashtra,143599
5,63952,12790.4,2,409,0,1,0,0,1,petrol,sedan,manual,honda,great,maharashtra,395799
10,35626,3562.6,2,5387,0,1,0,0,1,diesel,luxury suv,automatic,bmw,great,maharashtra,801099
9,71595,7955.0,1,195,1,1,0,0,1,petrol,hatchback,manual,hyundai,good,maharashtra,344699
4,25104,6276.0,1,744,1,1,0,0,1,diesel,suv,manual,maruti,great,maharashtra,811499
4,49525,12381.25,1,1071,1,1,0,0,1,petrol,suv,manual,honda,great,maharashtra,675599
6,66945,11157.5,1,1579,1,1,0,0,1,diesel,sedan,manual,honda,great,maharashtra,581999
2,21430,10715.0,1,1541,0,1,0,0,1,diesel,suv,unknown,tata,great,maharashtra,991599
11,73673,6697.545454545455,1,557,1,1,0,0,1,petrol,hatchback,manual,hyundai,great,maharashtra,263099
6,8552,1425.3333333333333,1,1751,1,1,0,0,1,diesel,suv,unknown,hyundai,great,maharashtra,965399
3,19407,6469.0,1,1210,1,1,0,0,1,petrol,sedan,automatic,hyundai,great,maharashtra,1253711
9,104459,11606.555555555555,2,319,1,1,0,0,1,petrol,hatchback,manual,hyundai,great,maharashtra,262599
8,78840,9855.0,1,308,1,1,0,0,1,diesel,sedan,manual,maruti,great,maharashtra,498299
8,65671,8208.875,2,42,1,1,0,0,1,diesel,sedan,automatic,hyundai,great,maharashtra,481799
9,74180,8242.222222222223,2,393,1,1,0,0,1,petrol,hatchback,manual,maruti,great,maharashtra,364999
11,74226,6747.818181818182,2,484,1,1,0,0,1,petrol,hatchback,manual,hyundai,great,maharashtra,233599
11,58651,5331.909090909091,2,188,1,1,0,0,1,petrol,hatchback,manual,hyundai,good,maharashtra,289899
10,53018,5301.8,2,2398,1,1,0,0,1,petrol,luxury sedan,manual,mercedes benz,great,maharashtra,766299
7,57926,8275.142857142857,1,343,1,1,0,0,1,petrol & cng,hatchback,manual,maruti,good,maharashtra,281899
3,34088,11362.666666666666,2,1545,1,1,0,0,1,diesel,luxury suv,manual,jeep,great,maharashtra,1470659
3,16063,5354.333333333333,1,1498,1,1,1,0,1,diesel,sedan,unknown,hyundai,great,maharashtra,1023330
11,81855,7441.363636363636,2,154,0,1,0,0,1,petrol,luxury sedan,automatic,skoda,great,maharashtra,343999
5,29442,5888.4,2,838,1,1,0,0,1,diesel,suv,manual,maruti,great,maharashtra,792099
6,68849,11474.833333333334,1,875,1,1,0,0,1,petrol,suv,automatic,ford,great,maharashtra,582399
2,8459,4229.5,1,1258,0,1,0,0,1,petrol,suv,unknown,hyundai,great,maharashtra,1135541
8,46444,5805.5,2,162,0,1,0,0,1,petrol,hatchback,manual,hyundai,good,maharashtra,425399
9,97273,10808.111111111111,2,2645,1,1,0,0,1,diesel,sedan,manual,nissan,great,maharashtra,236799
4,28310,7077.5,1,1039,0,1,0,0,1,diesel,luxury suv,manual,jeep,great,maharashtra,1339561
12,96796,8066.333333333333,3,1081,0,1,0,0,1,petrol,sedan,automatic,honda,good,maharashtra,248199
9,70736,7859.555555555556,1,199,1,1,0,0,1,diesel,sedan,manual,maruti,great,maharashtra,467099
12,70751,5895.916666666667,2,1083,1,1,0,0,1,petrol,hatchback,manual,maruti,good,maharashtra,214499
9,102441,11382.333333333334,2,716,1,1,0,0,1,diesel,luxury sedan,manual,toyota,great,maharashtra,423299
5,64211,12842.2,1,60,1,1,0,0,1,diesel,sedan,unknown,skoda,great,maharashtra,522199
10,67685,6768.5,2,920,1,1,0,0,1,petrol,hatchback,manual,hyundai,good,maharashtra,190599
14,139200,9942.857142857143,2,1964,1,1,0,0,1,diesel,suv,manual,toyota,great,maharashtra,356399
10,59578,5957.8,1,360,1,1,0,0,1,petrol,hatchback,manual,maruti,good,maharashtra,205299
10,93484,9348.4,1,1809,0,1,0,0,1,diesel,hatchback,manual,hyundai,great,maharashtra,256099
8,75088,9386.0,1,1185,1,1,0,0,1,petrol,luxury sedan,automatic,toyota,great,maharashtra,468199
6,87925,14654.166666666666,2,2508,1,1,0,0,1,petrol & cng,suv,manual,maruti,great,maharashtra,586499
6,82249,13708.166666666666,2,554,0,1,0,0,1,petrol,hatchback,manual,maruti,great,maharashtra,301899
4,65355,16338.75,1,777,1,1,0,0,1,diesel,suv,manual,honda,great,maharashtra,728599
7,64504,9214.857142857143,1,298,1,1,0,0,1,petrol & cng,hatchback,manual,maruti,good,maharashtra,264599
9,45939,5104.333333333333,3,1100,1,1,0,0,1,diesel,luxury sedan,manual,mercedes benz,great,maharashtra,883499
5,35413,7082.6,1,211,0,1,0,0,1,diesel,suv,automatic,toyota,great,maharashtra,1781537
9,84924,9436.0,1,771,1,1,0,0,1,diesel,sedan,manual,hyundai,great,maharashtra,445199
11,82209,7473.545454545455,1,326,1,1,0,0,1,petrol,sedan,manual,honda,good,maharashtra,301199
11,80533,7321.181818181818,2,192,1,1,0,0,1,petrol,hatchback,manual,maruti,good,maharashtra,178299
6,90966,15161.0,2,783,0,1,0,0,1,petrol,suv,manual,ford,great,maharashtra,488899
6,81726,13621.0,1,1213,1,1,0,0,1,diesel,luxury suv,manual,mahindra,great,maharashtra,947399
8,74221,9277.625,1,526,1,1,0,0,1,diesel,sedan,manual,toyota,great,maharashtra,403799
7,75991,10855.857142857143,1,1259,1,1,0,0,1,petrol,sedan,automatic,honda,great,maharashtra,526399
5,57924,11584.8,1,783,1,1,0,0,1,diesel,hatchback,manual,maruti,great,maharashtra,358199
4,53994,13498.5,1,2701,0,1,0,0,1,petrol,suv,automatic,hyundai,great,maharashtra,974599
5,51377,10275.4,1,349,0,1,0,0,1,diesel,suv,manual,maruti,great,maharashtra,835299
5,67740,13548.0,1,671,0,1,0,0,1,diesel,sedan,manual,honda,great,maharashtra,429499
8,70919,8864.875,3,70,1,1,0,0,1,petrol,luxury sedan,manual,toyota,great,maharashtra,427799
10,89656,8965.6,1,623,1,1,0,0,1,diesel,hatchback,manual,maruti,great,maharashtra,373299
5,48597,9719.4,2,238,1,1,0,0,1,petrol,hatchback,manual,renault,good,maharashtra,294499
3,63405,21135.0,1,923,1,1,0,0,1,petrol & cng,suv,manual,maruti,great,maharashtra,801399
2,3269,1634.5,1,1240,1,1,0,0,1,diesel,suv,manual,maruti,great,maharashtra,1054943
9,81886,9098.444444444445,1,312,1,1,0,0,1,diesel,sedan,manual,maruti,great,maharashtra,450899
8,84623,10577.875,1,908,1,1,0,0,1,diesel,sedan,manual,volkswagen,great,maharashtra,460099
4,47948,11987.0,1,861,1,1,0,0,1,diesel,suv,manual,maruti,great,maharashtra,740599
10,72613,7261.3,3,1490,1,1,0,0,1,petrol,hatchback,manual,ford,good,maharashtra,186899
10,99853,9985.3,1,959,1,1,0,0,1,petrol,sedan,manual,maruti,great,maharashtra,280899
5,43994,8798.8,1,632,1,1,0,0,1,diesel,suv,manual,maruti,great,maharashtra,698299
10,71879,7187.9,2,2266,1,1,0,0,1,diesel,luxury suv,automatic,bmw,great,maharashtra,820399
2,22462,11231.0,1,800,1,1,0,0,1,petrol,unknown,unknown,mg,great,maharashtra,1705686
10,80959,8095.9,1,462,0,1,0,0,1,petrol,sedan,manual,maruti,good,maharashtra,310299
12,73977,6164.75,2,891,1,1,0,0,1,petrol,hatchback,manual,hyundai,good,maharashtra,178299
12,88237,7353.083333333333,2,809,1,1,0,0,1,petrol,luxury sedan,unknown,toyota,great,maharashtra,301499
6,75162,12527.0,1,686,1,1,0,0,1,diesel,suv,manual,maruti,great,maharashtra,618999
10,89904,8990.4,1,636,1,1,0,0,1,petrol & cng,hatchback,manual,maruti,great,maharashtra,265799
5,85975,17195.0,1,829,0,1,0,0,1,petrol,sedan,manual,maruti,great,maharashtra,464799
4,54730,13682.5,3,2870,0,1,0,0,1,diesel,suv,automatic,toyota,great,maharashtra,1644682
5,57892,11578.4,1,836,1,1,0,0,1,diesel,suv,manual,maruti,great,maharashtra,744999
8,74233,9279.125,1,361,1,1,0,0,1,diesel,suv,manual,maruti,great,maharashtra,620199
10,64215,6421.5,1,1753,1,1,0,0,1,petrol & cng,sedan,manual,honda,fair,maharashtra,352099
6,72195,12032.5,1,974,1,1,0,0,1,petrol,suv,manual,honda,great,maharashtra,482299
9,78554,8728.222222222223,3,1775,1,1,0,0,1,diesel,luxury suv,manual,mahindra,great,maharashtra,501199
5,90163,18032.6,1,2119,1,1,0,0,1,diesel,suv,automatic,mahindra,great,maharashtra,598399
9,86622,9624.666666666666,1,709,1,1,0,0,1,diesel,sedan,manual,volkswagen,great,maharashtra,358299
6,78126,13021.0,1,378,0,1,0,0,1,petrol,sedan,manual,maruti,great,maharashtra,522299
4,46716,11679.0,2,286,0,1,0,0,1,petrol,hatchback,manual,renault,great,maharashtra,322499
8,78705,9838.125,1,421,0,1,0,0,1,petrol,hatchback,manual,maruti,great,maharashtra,362799
4,34304,8576.0,2,2807,1,1,0,0,1,petrol,luxury sedan,automatic,toyota,great,maharashtra,1195939
10,83831,8383.1,2,480,0,1,0,0,1,diesel,hatchback,manual,hyundai,great,maharashtra,338599
4,60860,15215.0,1,396,1,1,0,0,1,petrol,hatchback,automatic,honda,great,maharashtra,673099
6,78669,13111.5,1,708,1,1,0,0,1,petrol,hatchback,automatic,volkswagen,great,maharashtra,522099
4,60178,15044.5,1,546,1,1,0,0,1,diesel,sedan,manual,maruti,great,maharashtra,685199
4,56122,14030.5,1,1093,1,1,0,0,1,diesel,suv,automatic,hyundai,great,maharashtra,1219674
6,78792,13132.0,1,509,1,1,0,0,1,petrol,hatchback,automatic,volkswagen,great,maharashtra,509599
11,78799,7163.545454545455,2,101,1,1,0,0,1,petrol,hatchback,manual,hyundai,good,maharashtra,284199
9,63500,7055.555555555556,3,195,0,1,0,0,1,petrol,hatchback,manual,honda,good,maharashtra,341899
7,84139,12019.857142857143,1,1782,1,1,0,0,1,petrol & cng,suv,manual,maruti,great,maharashtra,573299
9,80292,8921.333333333334,2,1053,1,1,0,0,1,diesel,sedan,manual,nissan,good,maharashtra,275299
12,90961,7580.083333333333,1,304,1,1,0,0,1,petrol,hatchback,manual,maruti,good,maharashtra,226399
5,72862,14572.4,1,1001,1,1,0,0,1,diesel,sedan,unknown,maruti,great,maharashtra,657299
3,49616,16538.666666666668,1,1923,1,1,0,0,1,diesel,suv,manual,mahindra,great,maharashtra,678599
6,63139,10523.166666666666,2,2459,1,1,0,0,1,petrol,sedan,manual,hyundai,great,maharashtra,447799
11,106567,9687.90909090909,3,1201,0,1,0,0,1,petrol,sedan,manual,maruti,great,maharashtra,230599
8,79096,9887.0,2,1630,1,1,0,0,1,diesel,suv,manual,nissan,great,maharashtra,411899
10,41221,4122.1,1,265,0,1,0,0,1,petrol,luxury sedan,manual,mercedes benz,great,maharashtra,879999
9,109149,12127.666666666666,3,679,1,1,0,0,1,diesel,sedan,manual,volkswagen,great,maharashtra,312699
8,98921,12365.125,2,562,1,1,0,0,1,petrol,sedan,manual,honda,great,maharashtra,382499
2,22213,11106.5,1,1500,1,1,0,0,1,petrol,suv,unknown,maruti,great,maharashtra,866699
7,78909,11272.714285714286,1,855,1,1,0,0,1,petrol & cng,hatchback,manual,maruti,great,maharashtra,248299
2,17135,8567.5,1,873,1,1,0,0,1,diesel,suv,manual,maruti,great,maharashtra,967099
11,83074,7552.181818181818,2,127,1,1,0,0,1,petrol,sedan,manual,honda,good,maharashtra,331199
11,74472,6770.181818181818,2,235,1,1,0,0,1,petrol,hatchback,manual,maruti,good,maharashtra,256299
10,94256,9425.6,2,1891,0,1,0,0,1,diesel,luxury sedan,automatic,bmw,great,maharashtra,697999
10,77019,7701.9,2,387,1,1,0,0,1,petrol,sedan,manual,nissan,good,maharashtra,342199
4,62261,15565.25,1,548,1,1,0,0,1,diesel,sedan,manual,maruti,great,maharashtra,694199
10,148974,14897.4,1,493,1,1,0,0,1,diesel,hatchback,manual,hyundai,great,maharashtra,269299
7,79433,11347.57142857143,2,633,1,1,0,0,1,diesel,luxury suv,manual,mahindra,great,maharashtra,693899
3,52554,17518.0,1,620,1,1,0,0,1,diesel,suv,manual,maruti,great,maharashtra,924799
7,94065,13437.857142857143,1,88,1,1,0,0,1,petrol & cng,suv,manual,maruti,great,maharashtra,546099
11,129323,11756.636363636364,2,893,1,1,0,0,1,diesel,suv,manual,toyota,great,maharashtra,534499
7,106832,15261.714285714286,1,842,1,1,0,0,1,petrol & cng,hatchback,manual,hyundai,great,maharashtra,340099
7,110787,15826.714285714286,1,1159,1,1,0,0,1,diesel,sedan,manual,skoda,great,maharashtra,402099
5,79244,15848.8,1,462,0,1,0,0,1,diesel,hatchback,manual,maruti,great,maharashtra,536899
6,92596,15432.666666666666,1,461,1,1,0,0,1,diesel,suv,manual,maruti,great,maharashtra,644799
6,81238,13539.666666666666,1,629,1,1,0,0,1,petrol,hatchback,manual,hyundai,great,maharashtra,363199
10,105683,10568.3,1,446,0,1,0,0,1,diesel,sedan,manual,maruti,great,maharashtra,346199
10,80826,8082.6,1,1603,1,1,0,0,1,petrol,hatchback,manual,skoda,good,maharashtra,216899
10,99729,9972.9,1,351,1,1,0,0,1,petrol,sedan,manual,toyota,great,maharashtra,306999
11,71429,6493.545454545455,1,500,1,1,0,0,1,petrol & cng,hatchback,manual,maruti,good,maharashtra,294299
5,65599,13119.8,1,1434,0,1,0,0,1,petrol,suv,automatic,hyundai,great,maharashtra,907799
6,60707,10117.833333333334,1,95,1,1,0,0,1,petrol & cng,hatchback,manual,maruti,great,maharashtra,354599
5,55154,11030.8,1,315,0,1,0,0,1,petrol,hatchback,manual,hyundai,great,maharashtra,567599
11,98946,8995.09090909091,1,770,1,1,0,0,1,petrol,luxury sedan,unknown,toyota,great,maharashtra,327699
11,85643,7785.727272727273,2,762,1,1,0,0,1,petrol,luxury sedan,automatic,skoda,great,maharashtra,349199
5,77185,15437.0,1,1009,1,1,0,0,1,diesel,suv,manual,maruti,great,maharashtra,745799
12,84030,7002.5,2,727,1,1,0,0,1,petrol,sedan,manual,maruti,good,maharashtra,213999
10,119260,11926.0,2,369,1,1,0,0,1,petrol,hatchback,manual,hyundai,great,maharashtra,267899
6,150202,25033.666666666668,1,979,1,1,0,0,1,diesel,suv,manual,toyota,great,maharashtra,989899
5,87337,17467.4,2,56,1,1,0,0,1,diesel,suv,manual,mahindra,great,maharashtra,643099
9,92056,10228.444444444445,1,179,1,1,0,0,1,petrol,hatchback,manual,hyundai,good,maharashtra,250599
10,103047,10304.7,3,1605,0,1,0,0,1,diesel,luxury sedan,unknown,mercedes benz,great,maharashtra,777599
10,105739,10573.9,1,645,0,1,0,0,1,diesel,hatchback,manual,hyundai,great,maharashtra,274099
7,90036,12862.285714285714,1,673,1,1,0,0,1,diesel,sedan,manual,honda,great,maharashtra,531499
7,69092,9870.285714285714,1,333,1,1,0,0,1,diesel,suv,manual,maruti,great,maharashtra,660299
13,99083,7621.7692307692305,2,621,0,1,0,0,1,petrol,sedan,automatic,honda,good,maharashtra,344899
3,50225,16741.666666666668,1,769,1,1,0,0,1,diesel,hatchback,automatic,maruti,great,maharashtra,712499
13,105759,8135.307692307692,3,1644,1,1,0,0,1,diesel,suv,manual,toyota,great,maharashtra,414799
12,137282,11440.166666666666,3,1151,0,1,0,0,1,diesel,suv,manual,toyota,great,maharashtra,499099
5,95357,19071.4,1,1306,1,1,0,0,1,petrol,sedan,automatic,honda,great,maharashtra,690599
5,82646,16529.2,1,483,0,1,0,0,1,diesel,sedan,manual,maruti,great,maharashtra,617499
10,105718,10571.8,1,601,1,1,0,0,1,petrol,hatchback,manual,volkswagen,great,maharashtra,312299
10,112734,11273.4,1,904,1,1,0,0,1,diesel,sedan,manual,volkswagen,great,maharashtra,308999
8,118191,14773.875,1,171,0,1,0,0,1,diesel,sedan,manual,honda,great,maharashtra,400899
6,83771,13961.833333333334,1,864,0,1,0,0,1,diesel,suv,manual,maruti,great,maharashtra,662099
10,122587,12258.7,1,431,1,1,0,0,1,petrol,hatchback,manual,hyundai,great,maharashtra,226899
3,64083,21361.0,1,453,1,1,0,0,1,diesel,suv,manual,maruti,great,maharashtra,799199
12,148906,12408.833333333334,2,498,0,1,0,0,1,petrol,sedan,manual,honda,great,maharashtra,225999
5,109146,21829.2,1,717,1,1,0,0,1,petrol & cng,hatchback,manual,maruti,great,maharashtra,265599
10,120872,12087.2,1,590,1,1,0,0,1,petrol,hatchback,manual,honda,great,maharashtra,296999
8,160852,20106.5,2,415,1,1,0,0,1,diesel,suv,manual,maruti,great,maharashtra,545799
11,104636,9512.363636363636,2,850,1,1,1,0,1,petrol,sedan,automatic,toyota,great,maharashtra,460599
5,98340,19668.0,1,271,1,1,0,0,1,diesel,sedan,manual,maruti,great,maharashtra,662599
9,107710,11967.777777777777,1,438,0,1,0,0,1,diesel,hatchback,manual,maruti,great,maharashtra,354899
7,71357,10193.857142857143,2,1007,1,1,0,0,1,petrol & cng,suv,manual,maruti,great,maharashtra,599699
9,122351,13594.555555555555,1,625,0,1,0,0,1,diesel,suv,manual,toyota,great,maharashtra,774499
10,98542,9854.2,1,406,0,1,0,0,1,petrol & cng,hatchback,manual,maruti,great,maharashtra,264899
12,94123,7843.583333333333,3,605,1,1,0,0,1,petrol,hatchback,manual,honda,good,maharashtra,208999
12,88662,7388.5,3,1122,1,1,0,0,1,petrol,sedan,automatic,honda,good,maharashtra,337899
5,88230,17646.0,1,420,1,1,0,0,1,diesel,suv,manual,maruti,great,maharashtra,735899
9,118249,13138.777777777777,3,339,1,1,0,0,1,diesel,sedan,manual,maruti,great,maharashtra,400199
11,101000,9181.818181818182,2,525,1,1,0,0,1,petrol,hatchback,manual,maruti,great,maharashtra,207199
9,81058,9006.444444444445,2,1940,1,1,0,0,1,diesel,luxury sedan,automatic,chevrolet,good,maharashtra,397199
8,95905,11988.125,2,208,1,1,0,0,1,petrol,hatchback,manual,hyundai,great,maharashtra,331699
5,87453,17490.6,1,37,0,1,0,0,1,petrol,hatchback,automatic,honda,great,maharashtra,566799
8,92864,11608.0,1,148,1,1,0,0,1,petrol & cng,hatchback,manual,maruti,great,maharashtra,311599
7,84118,12016.857142857143,2,618,1,1,0,0,1,petrol,hatchback,automatic,maruti,great,maharashtra,334599
8,102171,12771.375,2,224,1,1,0,0,1,diesel,sedan,manual,honda,great,maharashtra,361599
7,85129,12161.285714285714,2,923,1,1,0,0,1,diesel,luxury suv,manual,mahindra,great,maharashtra,695899
7,93629,13375.57142857143,1,783,1,1,0,0,1,petrol,sedan,manual,volkswagen,great,maharashtra,402499
10,119535,11953.5,1,323,1,1,0,0,1,petrol,sedan,manual,maruti,great,maharashtra,292299
10,118057,11805.7,2,328,1,1,0,0,1,diesel,hatchback,manual,hyundai,great,maharashtra,294299
13,108501,8346.23076923077,1,1772,1,1,0,0,1,petrol,sedan,manual,honda,good,maharashtra,291799
5,24476,4895.2,3,3467,1,1,0,0,1,diesel,luxury suv,automatic,bmw,great,maharashtra,1793758
9,109892,12210.222222222223,1,394,1,1,0,0,1,petrol,hatchback,manual,hyundai,great,maharashtra,230699
7,136749,19535.571428571428,1,993,1,1,0,0,1,diesel,sedan,manual,maruti,great,maharashtra,531099
12,144991,12082.583333333334,1,2053,1,1,0,0,1,petrol,hatchback,manual,hyundai,great,maharashtra,196399
11,142592,12962.90909090909,2,225,0,1,0,0,1,diesel,suv,manual,toyota,great,maharashtra,573799
7,94530,13504.285714285714,1,442,1,1,0,0,1,diesel,sedan,manual,honda,great,maharashtra,587399
7,111101,15871.57142857143,1,329,1,1,0,0,1,petrol,suv,manual,ford,great,maharashtra,503099
7,90334,12904.857142857143,1,162,1,1,0,0,1,petrol & cng,hatchback,manual,maruti,great,maharashtra,326899
6,94177,15696.166666666666,2,1795,1,1,0,0,1,diesel,suv,automatic,mahindra,great,maharashtra,555799
6,88347,14724.5,2,988,1,1,0,0,1,petrol & cng,hatchback,manual,maruti,great,maharashtra,312399
9,114537,12726.333333333334,1,471,1,1,0,0,1,diesel,hatchback,manual,maruti,great,maharashtra,390499
12,101934,8494.5,2,348,1,1,0,0,1,petrol,sedan,manual,honda,good,maharashtra,247099
8,86295,10786.875,4,189,1,1,0,0,1,petrol & cng,hatchback,manual,maruti,good,maharashtra,257799
7,93358,13336.857142857143,2,799,1,1,0,0,1,diesel,sedan,manual,hyundai,great,maharashtra,392899
8,119721,14965.125,1,63,1,1,0,0,1,diesel,sedan,manual,volkswagen,great,maharashtra,471899
9,119153,13239.222222222223,1,716,0,1,0,0,1,diesel,sedan,manual,toyota,great,maharashtra,363899
6,88351,14725.166666666666,1,14,1,1,0,0,1,diesel,sedan,automatic,volkswagen,great,maharashtra,644499
12,134192,11182.666666666666,2,667,0,1,0,0,1,diesel,hatchback,manual,maruti,great,maharashtra,221199
7,78013,11144.714285714286,2,2037,1,1,0,0,1,diesel,suv,manual,mahindra,great,maharashtra,822099
6,68718,11453.0,1,51,1,1,0,0,1,petrol,hatchback,automatic,volkswagen,great,maharashtra,581699
4,79442,19860.5,1,244,1,1,0,0,1,petrol,hatchback,manual,maruti,great,maharashtra,572599
12,101034,8419.5,1,122,0,1,0,0,1,petrol,hatchback,manual,hyundai,good,maharashtra,247299
8,112093,14011.625,1,367,1,1,0,0,1,petrol,hatchback,manual,hyundai,great,maharashtra,357799
5,104898,20979.6,1,304,1,1,0,0,1,diesel,suv,manual,maruti,great,maharashtra,732699
5,77109,15421.8,1,1372,1,1,0,0,1,diesel,luxury suv,unknown,mahindra,great,maharashtra,1075143
6,120714,20119.0,1,675,1,1,0,0,1,petrol,sedan,manual,maruti,great,maharashtra,454599
7,116242,16606.0,1,7,0,1,0,0,1,petrol,sedan,manual,honda,great,maharashtra,371799
7,71073,10153.285714285714,1,601,1,1,0,0,1,diesel,suv,manual,ford,great,maharashtra,582999
11,107778,9798.0,1,640,0,1,0,0,1,diesel,luxury sedan,manual,toyota,great,maharashtra,387499
9,123914,13768.222222222223,1,596,0,1,0,0,1,diesel,hatchback,manual,maruti,great,maharashtra,388599
4,103539,25884.75,1,221,0,1,0,0,1,diesel,suv,manual,maruti,great,maharashtra,731099
9,133678,14853.111111111111,1,321,1,1,0,0,1,diesel,sedan,manual,maruti,great,maharashtra,446799
11,130339,11849.0,1,240,0,1,0,0,1,petrol,sedan,manual,honda,good,maharashtra,322899
7,72547,10363.857142857143,1,2285,0,1,0,0,1,diesel,luxury sedan,automatic,skoda,great,maharashtra,889099
9,75728,8414.222222222223,2,3209,1,1,0,0,1,diesel,luxury sedan,automatic,audi,great,maharashtra,1092616
9,125428,13936.444444444445,2,432,1,1,0,0,1,diesel,hatchback,manual,maruti,great,maharashtra,358799
5,111422,22284.4,2,857,1,1,0,0,1,diesel,luxury suv,manual,mahindra,great,maharashtra,728899
12,152518,12709.833333333334,3,3468,1,1,0,0,1,petrol & cng,hatchback,manual,honda,good,maharashtra,199099
12,163642,13636.833333333334,2,1337,0,1,0,0,1,petrol,hatchback,manual,honda,good,maharashtra,197599
6,114840,19140.0,1,444,0,1,0,0,1,petrol,hatchback,automatic,hyundai,great,maharashtra,441599
8,138382,17297.75,1,914,1,1,0,0,1,diesel,sedan,manual,skoda,great,maharashtra,333299
8,106379,13297.375,1,505,1,1,0,0,1,diesel,suv,manual,ford,great,maharashtra,526099
10,175435,17543.5,1,314,0,1,0,0,1,diesel,hatchback,manual,maruti,great,maharashtra,330199
11,164580,14961.818181818182,2,382,1,1,0,0,1,petrol,sedan,manual,honda,great,maharashtra,296799
8,125310,15663.75,1,669,1,1,0,0,1,diesel,sedan,manual,maruti,great,maharashtra,432699
10,77257,7725.7,2,923,1,1,0,0,1,diesel,luxury sedan,manual,mercedes benz,great,maharashtra,1063326
10,107932,10793.2,1,1469,1,1,0,0,1,diesel,luxury suv,automatic,bmw,great,maharashtra,794599
13,141671,10897.76923076923,1,1468,1,1,0,0,1,diesel,suv,manual,toyota,great,maharashtra,410799
6,88998,14833.0,3,1328,1,1,0,0,1,diesel,suv,manual,toyota,great,maharashtra,995999
9,113206,12578.444444444445,2,192,1,1,0,0,1,diesel,suv,manual,toyota,great,maharashtra,742699
11,121252,11022.90909090909,1,879,1,1,0,0,1,petrol & cng,hatchback,manual,maruti,good,maharashtra,217599
5,127305,25461.0,2,497,1,1,0,0,1,petrol & cng,hatchback,manual,maruti,great,maharashtra,335299
7,146858,20979.714285714286,1,117,1,1,0,0,1,petrol,sedan,manual,honda,great,maharashtra,427499
6,165870,27645.0,1,1288,1,1,0,0,1,diesel,suv,manual,toyota,great,maharashtra,949699
5,123078,24615.6,1,933,1,1,0,0,1,diesel,sedan,automatic,volkswagen,great,maharashtra,662099
7,88484,12640.57142857143,1,1016,0,1,0,0,1,diesel,suv,manual,toyota,great,maharashtra,1057165
12,120578,10048.166666666666,2,232,1,1,0,0,1,petrol,hatchback,manual,hyundai,good,maharashtra,239099
5,117793,23558.6,1,484,1,1,0,0,1,petrol,sedan,unknown,volkswagen,great,maharashtra,627899
11,172533,15684.818181818182,3,552,1,1,0,0,1,petrol,sedan,manual,honda,great,maharashtra,275699
6,152963,25493.833333333332,1,500,1,1,0,0,1,diesel,sedan,manual,maruti,great,maharashtra,549799
9,127844,14204.888888888889,1,2008,1,1,0,0,1,diesel,luxury suv,manual,skoda,great,maharashtra,468199
8,161540,20192.5,1,281,0,1,0,0,1,diesel,sedan,manual,maruti,great,maharashtra,465899
10,108240,10824.0,3,703,1,1,0,0,1,petrol & cng,hatchback,manual,hyundai,good,maharashtra,295399
10,101043,10104.3,2,923,1,1,0,0,1,petrol,sedan,manual,maruti,good,maharashtra,215599
9,133639,14848.777777777777,1,337,1,1,0,0,1,diesel,sedan,manual,maruti,great,maharashtra,472599
8,125436,15679.5,3,601,1,1,0,0,1,diesel,hatchback,manual,toyota,great,maharashtra,313399
9,118754,13194.888888888889,2,605,1,1,0,0,1,diesel,sedan,manual,nissan,good,maharashtra,280099
7,150431,21490.14285714286,1,362,1,1,0,0,1,petrol & cng,hatchback,manual,maruti,good,maharashtra,290299
11,155954,14177.636363636364,1,107,1,1,0,0,1,petrol,hatchback,manual,maruti,great,maharashtra,215099
7,107789,15398.42857142857,1,275,1,1,0,0,1,diesel,sedan,manual,maruti,great,maharashtra,566999
8,184523,23065.375,1,369,0,1,0,0,1,diesel,sedan,manual,hyundai,great,maharashtra,428599
11,172115,15646.818181818182,2,374,0,1,0,0,1,diesel,suv,manual,toyota,great,maharashtra,536699
8,158047,19755.875,2,809,1,1,0,0,1,diesel,suv,manual,toyota,great,maharashtra,692799
8,162053,20256.625,1,148,1,1,0,0,1,petrol & cng,hatchback,manual,maruti,great,maharashtra,314899
12,182019,15168.25,2,398,1,1,0,0,1,diesel,suv,manual,toyota,great,maharashtra,507999
10,104673,10467.3,2,2320,0,1,0,0,1,diesel,luxury sedan,automatic,bmw,great,maharashtra,1021714
9,161606,17956.222222222223,1,153,1,1,0,0,1,diesel,sedan,manual,maruti,great,maharashtra,463599
3,104750,34916.666666666664,1,705,1,1,0,0,1,diesel,suv,unknown,hyundai,great,maharashtra,1171699
6,162070,27011.666666666668,1,824,1,1,0,0,1,petrol & cng,hatchback,manual,maruti,great,maharashtra,366999
5,162864,32572.8,1,490,1,1,0,0,1,diesel,hatchback,manual,maruti,great,maharashtra,536499
7,140565,20080.714285714286,1,172,0,1,0,0,1,diesel,suv,manual,maruti,great,maharashtra,630599
9,128310,14256.666666666666,3,1819,1,1,0,0,1,diesel,luxury sedan,automatic,bmw,great,maharashtra,1352085
11,105978,9634.363636363636,1,93,0,1,0,0,1,petrol,hatchback,manual,hyundai,good,maharashtra,245199
7,103800,14828.57142857143,2,326,1,1,0,0,1,diesel,suv,manual,renault,great,maharashtra,499799
7,189058,27008.285714285714,1,967,0,1,0,0,1,diesel,suv,manual,ford,great,maharashtra,433899
6,220838,36806.333333333336,1,1173,1,1,0,0,1,diesel,suv,manual,honda,great,maharashtra,476299
10,144111,14411.1,1,824,1,1,0,0,1,petrol & cng,sedan,manual,honda,great,maharashtra,357299
9,27912,3101.3333333333335,1,216,1,1,0,0,1,petrol,hatchback,manual,maruti,great,maharashtra,333699
5,146852,29370.4,1,706,1,1,0,0,1,diesel,suv,automatic,mahindra,great,maharashtra,875899
6,155655,25942.5,1,1182,1,1,0,0,1,diesel,luxury suv,manual,mahindra,great,maharashtra,740699
9,141087,15676.333333333334,1,423,1,1,0,0,1,diesel,sedan,manual,nissan,good,maharashtra,297699
7,174471,24924.428571428572,1,789,1,1,0,0,1,petrol & cng,hatchback,manual,maruti,great,maharashtra,296799
8,175025,21878.125,1,3604,1,1,0,0,1,diesel,luxury sedan,automatic,bmw,great,maharashtra,1398444
4,152809,38202.25,1,563,1,1,0,0,1,diesel,suv,manual,toyota,great,maharashtra,1513079
5,148037,29607.4,1,312,1,1,0,0,1,diesel,suv,manual,mahindra,great,maharashtra,689799
7,131741,18820.14285714286,1,307,0,1,0,0,1,diesel,suv,manual,ford,great,maharashtra,475899
9,21023,2335.8888888888887,2,16294,1,1,1,0,1,petrol,hatchback,manual,maruti,great,maharashtra,160199
4,8327,2081.75,1,1134,1,1,1,0,1,petrol,hatchback,automatic,renault,great,maharashtra,372799
10,19732,1973.2,1,2752,1,1,1,0,1,petrol,hatchback,manual,maruti,great,maharashtra,150099
7,17108,2444.0,1,2684,1,1,1,0,1,petrol,sedan,manual,hyundai,great,maharashtra,453599
8,30689,3836.125,1,2215,0,1,1,1,1,diesel,hatchback,manual,maruti,great,maharashtra,435099
5,23231,4646.2,1,1818,1,1,1,0,1,petrol,hatchback,manual,hyundai,great,maharashtra,529799
10,48546,4854.6,2,1408,1,1,1,0,1,petrol,hatchback,manual,maruti,great,maharashtra,218999
7,19951,2850.1428571428573,1,1788,0,1,1,0,1,petrol,hatchback,manual,hyundai,great,maharashtra,310899
14,48448,3460.5714285714284,2,18056,0,1,1,0,0,petrol,hatchback,manual,maruti,fair,maharashtra,145599
9,19422,2158.0,1,6531,1,1,1,0,1,petrol,hatchback,manual,maruti,good,maharashtra,160199
5,20767,4153.4,1,2717,1,1,1,0,1,petrol,hatchback,manual,hyundai,great,maharashtra,555599
5,23947,4789.4,1,959,1,1,1,0,1,petrol,hatchback,manual,maruti,great,maharashtra,579399
7,1774,253.42857142857142,1,2088,1,1,1,0,1,petrol,hatchback,manual,honda,great,maharashtra,366899
4,2490,622.5,1,443,1,1,1,0,1,petrol,hatchback,manual,hyundai,great,maharashtra,464599
3,19871,6623.666666666667,1,1965,1,1,1,0,1,petrol,sedan,automatic,maruti,great,maharashtra,630999
9,43357,4817.444444444444,1,2765,1,1,1,0,1,petrol,hatchback,manual,maruti,great,maharashtra,191299
9,40272,4474.666666666667,1,1581,1,1,1,0,1,petrol,hatchback,manual,maruti,great,maharashtra,343099
10,24635,2463.5,1,4408,1,1,1,0,1,petrol,hatchback,manual,maruti,great,maharashtra,192699
11,37186,3380.5454545454545,2,3127,1,1,1,0,1,petrol,hatchback,manual,hyundai,great,maharashtra,185599
11,28917,2628.818181818182,1,1885,1,1,1,0,1,petrol,hatchback,manual,maruti,great,maharashtra,228999
3,20079,6693.0,1,2588,1,1,1,0,1,petrol,hatchback,automatic,renault,great,maharashtra,368799
7,41140,5877.142857142857,1,948,1,1,1,0,1,petrol,hatchback,manual,maruti,great,maharashtra,382899
12,68273,5689.416666666667,1,1505,0,1,1,0,1,petrol,hatchback,manual,maruti,good,maharashtra,148699
6,42009,7001.5,1,1670,0,1,1,0,1,petrol,hatchback,automatic,maruti,great,maharashtra,377799
9,59727,6636.333333333333,2,1519,1,1,1,0,1,petrol,sedan,manual,maruti,great,maharashtra,322699
5,12844,2568.8,1,490,1,1,1,0,1,petrol,hatchback,manual,maruti,great,maharashtra,564599
5,48347,9669.4,1,1147,1,1,1,0,1,petrol,hatchback,manual,maruti,great,maharashtra,353999
6,57827,9637.833333333334,1,792,1,1,1,0,1,petrol,hatchback,manual,maruti,great,maharashtra,303599
4,22018,5504.5,2,2866,1,1,1,0,1,petrol,sedan,manual,honda,great,maharashtra,665999
4,21313,5328.25,1,1360,1,1,1,0,1,petrol,hatchback,manual,maruti,great,maharashtra,366199
3,22982,7660.666666666667,1,2320,1,1,1,0,1,petrol & cng,hatchback,manual,maruti,great,maharashtra,405899
6,40737,6789.5,1,1092,1,1,1,0,1,petrol,hatchback,automatic,hyundai,great,maharashtra,449599
2,4447,2223.5,1,1046,1,1,1,0,1,petrol,unknown,unknown,hyundai,great,maharashtra,518899
11,53107,4827.909090909091,2,1245,1,1,1,0,1,petrol,hatchback,manual,hyundai,great,maharashtra,248999
4,19113,4778.25,1,1279,1,1,1,0,1,petrol,hatchback,manual,hyundai,great,maharashtra,627899
6,43781,7296.833333333333,1,1348,0,1,1,0,1,petrol & cng,hatchback,manual,maruti,great,maharashtra,315999
11,30793,2799.3636363636365,1,1739,1,1,1,0,1,petrol,hatchback,manual,maruti,good,maharashtra,186499
6,47214,7869.0,1,2418,1,1,1,0,1,petrol,hatchback,manual,hyundai,great,maharashtra,477399
11,55785,5071.363636363636,2,695,1,1,1,0,1,petrol,hatchback,manual,hyundai,great,maharashtra,227999
8,57238,7154.75,4,1455,1,1,1,0,1,petrol,hatchback,manual,hyundai,great,maharashtra,329099
4,19621,4905.25,2,1924,1,1,1,0,1,petrol,suv,manual,ford,great,maharashtra,694399
7,57005,8143.571428571428,1,1216,1,1,1,0,1,petrol & cng,hatchback,manual,maruti,great,maharashtra,335499
13,41187,3168.230769230769,1,3430,1,1,1,0,1,petrol,hatchback,manual,maruti,good,maharashtra,192499
5,30261,6052.2,2,481,1,1,1,0,1,petrol,hatchback,manual,maruti,great,maharashtra,569799
5,49107,9821.4,1,3347,1,1,1,0,1,petrol & cng,hatchback,manual,maruti,great,maharashtra,386499
3,20814,6938.0,1,1561,1,1,1,0,1,petrol & cng,suv,manual,maruti,great,maharashtra,818799
7,51484,7354.857142857143,1,1331,1,1,1,0,1,petrol,suv,manual,honda,great,maharashtra,437399
8,59383,7422.875,2,1376,1,1,1,0,1,petrol,sedan,automatic,honda,great,maharashtra,352599
12,43158,3596.5,3,902,1,1,1,0,1,petrol,hatchback,automatic,hyundai,great,maharashtra,200799
4,19724,4931.0,1,260,0,1,1,0,1,diesel,suv,manual,maruti,great,maharashtra,799999
13,82269,6328.384615384615,2,2037,1,1,1,0,1,petrol,sedan,manual,honda,great,maharashtra,272799
2,15415,7707.5,1,1515,1,1,1,0,1,petrol,hatchback,unknown,maruti,great,maharashtra,717599
5,65990,13198.0,2,1506,0,1,1,0,1,petrol & cng,hatchback,manual,maruti,great,maharashtra,342999
4,56328,14082.0,1,3938,1,1,1,0,1,petrol & cng,hatchback,manual,maruti,great,maharashtra,364199
3,13197,4399.0,1,809,0,1,1,0,1,petrol,sedan,automatic,hyundai,great,maharashtra,1181299
5,24367,4873.4,1,1998,1,1,1,0,1,diesel,suv,manual,maruti,great,maharashtra,717599
8,82437,10304.625,1,1277,1,1,1,0,1,petrol,sedan,manual,honda,great,maharashtra,392299
3,34489,11496.333333333334,1,4106,1,1,1,0,1,petrol & cng,suv,manual,maruti,great,maharashtra,785399
8,69157,8644.625,1,1422,0,1,1,0,1,diesel,sedan,manual,maruti,great,maharashtra,478899
3,21960,7320.0,1,1642,1,1,1,0,1,petrol,suv,unknown,hyundai,great,maharashtra,1140793
3,11025,3675.0,1,2341,1,1,1,0,1,diesel,suv,automatic,maruti,great,maharashtra,882099
11,85482,7771.090909090909,1,2304,1,1,1,0,1,petrol,hatchback,manual,ford,great,maharashtra,177999
4,23836,5959.0,1,4031,0,1,1,0,1,diesel,suv,manual,mahindra,great,maharashtra,1159377
8,88809,11101.125,1,985,1,1,1,0,1,diesel,hatchback,manual,hyundai,great,maharashtra,383799
2,17468,8734.0,1,3137,1,1,1,0,1,diesel,suv,unknown,mahindra,great,maharashtra,1038682
2,8701,4350.5,1,1789,1,1,1,0,1,petrol,suv,unknown,hyundai,great,maharashtra,951699
7,84851,12121.57142857143,1,1291,1,1,1,0,1,petrol,sedan,unknown,honda,great,maharashtra,521499
6,81346,13557.666666666666,1,5242,1,1,1,0,1,diesel,suv,manual,mahindra,great,maharashtra,570899
4,83592,20898.0,1,855,1,1,1,0,1,diesel,sedan,manual,maruti,great,maharashtra,650499
7,69919,9988.42857142857,1,1069,1,1,1,0,1,petrol & cng,hatchback,manual,maruti,great,maharashtra,313499
7,81610,11658.57142857143,1,1809,1,1,1,0,1,petrol & cng,hatchback,manual,maruti,great,maharashtra,376699
5,72538,14507.6,1,2716,0,1,1,0,1,diesel,luxury suv,manual,mahindra,great,maharashtra,773199
3,23301,7767.0,1,2931,1,1,1,0,1,diesel,unknown,unknown,mahindra,great,maharashtra,980099
9,93867,10429.666666666666,2,2323,1,1,1,0,1,diesel,suv,manual,maruti,great,maharashtra,516899
8,132643,16580.375,1,2414,1,1,1,0,1,diesel,hatchback,manual,volkswagen,great,maharashtra,311799
8,100561,12570.125,1,1870,1,1,1,0,1,petrol,hatchback,automatic,maruti,great,maharashtra,227299
6,96574,16095.666666666666,1,1740,1,1,1,0,1,diesel,suv,manual,ford,great,maharashtra,576499
4,66202,16550.5,1,955,0,1,1,0,1,petrol,hatchback,manual,maruti,great,maharashtra,582099
7,146131,20875.85714285714,1,1380,1,1,1,0,1,diesel,luxury suv,manual,mahindra,great,maharashtra,669999
4,183456,45864.0,1,4289,1,1,1,0,1,diesel,suv,manual,toyota,great,maharashtra,1423997
3,15051,5017.0,1,39,0,0,0,0,1,petrol & cng,hatchback,manual,maruti,great,maharashtra,400000
13,60536,4656.615384615385,2,1597,0,0,0,0,1,petrol,sedan,manual,maruti,good,maharashtra,160000
12,97272,8106.0,3,26,0,0,0,0,1,petrol,hatchback,manual,hyundai,great,maharashtra,193500
6,43351,7225.166666666667,1,23,0,0,0,0,1,petrol,sedan,manual,honda,good,maharashtra,380000
4,33486,8371.5,1,15,0,0,0,0,1,petrol,hatchback,manual,maruti,great,maharashtra,425000
3,6875,2291.6666666666665,1,49,0,0,0,0,1,petrol,hatchback,automatic,maruti,great,maharashtra,550000
5,25723,5144.6,1,38,0,0,0,0,1,petrol,suv,manual,mahindra,fair,maharashtra,340000
1,10934,10934.0,1,119,0,0,0,0,1,petrol,hatchback,manual,maruti,great,maharashtra,795000
8,47118,5889.75,1,26,0,0,0,0,1,petrol,hatchback,manual,honda,great,maharashtra,310000
10,80325,8032.5,1,130,0,0,0,0,1,diesel,hatchback,manual,skoda,good,maharashtra,200000
5,34389,6877.8,1,74,0,0,0,0,1,petrol,sedan,manual,honda,great,maharashtra,650000
10,60691,6069.1,1,92,0,0,0,0,1,diesel,hatchback,manual,maruti,great,maharashtra,300000
4,31285,7821.25,1,18,0,0,0,0,1,petrol,hatchback,automatic,maruti,great,maharashtra,515000
3,20086,6695.333333333333,1,111,0,0,0,0,1,petrol,luxury suv,unknown,hyundai,great,maharashtra,1745000
6,78558,13093.0,1,35,0,0,0,0,1,diesel,suv,manual,maruti,great,maharashtra,650000
4,23486,5871.5,1,33,0,0,0,0,1,petrol,hatchback,manual,tata,great,maharashtra,480000
3,30439,10146.333333333334,1,118,0,0,0,0,1,diesel,unknown,unknown,mahindra,great,maharashtra,1065000
8,80988,10123.5,1,87,0,0,0,0,1,petrol & cng,hatchback,manual,maruti,great,maharashtra,300000
7,73294,10470.57142857143,2,16,0,0,0,0,1,petrol,hatchback,manual,hyundai,great,maharashtra,390000
14,13318,951.2857142857143,1,151,0,0,0,0,0,petrol,sedan,manual,mahindra renault,unknown,maharashtra,102000
5,58756,11751.2,1,61,0,0,0,0,1,petrol,suv,unknown,hyundai,great,maharashtra,981000
10,23356,2335.6,1,3525,1,1,1,0,1,petrol,hatchback,manual,maruti,good,maharashtra,180699
5,12135,2427.0,1,1258,1,1,1,0,1,petrol,hatchback,manual,hyundai,great,maharashtra,378799
3,47701,15900.333333333334,1,37,0,0,0,0,1,diesel,sedan,unknown,honda,great,maharashtra,841000
11,15387,1398.8181818181818,1,979,1,1,1,0,1,petrol,hatchback,manual,maruti,great,maharashtra,158599
13,91694,7053.384615384615,2,7784,0,1,1,0,1,petrol,sedan,manual,maruti,great,maharashtra,130499
3,16384,5461.333333333333,1,1319,0,1,1,0,1,petrol,hatchback,unknown,tata,great,maharashtra,512599
6,26209,4368.166666666667,1,2405,1,1,1,0,1,petrol,hatchback,automatic,maruti,great,maharashtra,384999
4,18365,4591.25,1,951,1,1,1,0,1,petrol,hatchback,manual,honda,great,maharashtra,563299
1,6365,6365.0,1,2786,0,1,1,0,1,petrol & cng,hatchback,manual,maruti,great,maharashtra,379699
8,44529,5566.125,2,1864,1,1,1,0,1,petrol,suv,automatic,ford,great,maharashtra,503299
9,32857,3650.777777777778,1,1570,0,1,1,0,1,petrol,sedan,manual,hyundai,great,maharashtra,418199
12,24185,2015.4166666666667,1,515,1,1,1,0,1,petrol,hatchback,manual,hyundai,great,maharashtra,213999
8,45750,5718.75,2,153,0,1,0,0,1,petrol,sedan,automatic,honda,great,maharashtra,520000
10,124181,12418.1,1,22,0,0,0,0,1,petrol,sedan,manual,maruti,great,maharashtra,299000
10,64395,6439.5,4,2564,0,1,1,0,1,petrol,hatchback,manual,honda,great,maharashtra,223399
11,72090,6553.636363636364,2,1360,1,1,1,0,1,petrol & cng,sedan,manual,honda,great,maharashtra,257699
4,19573,4893.25,1,1389,1,1,1,0,1,diesel,suv,manual,maruti,great,maharashtra,818999
7,49596,7085.142857142857,1,500,1,1,1,0,1,petrol,hatchback,manual,hyundai,great,maharashtra,495899
11,62025,5638.636363636364,1,2571,1,1,1,0,1,petrol,sedan,manual,tata,great,maharashtra,141099
6,19318,3219.6666666666665,1,609,1,1,1,0,1,diesel,sedan,automatic,volkswagen,great,maharashtra,852999
2,5063,2531.5,1,1835,1,1,1,0,1,petrol,hatchback,manual,maruti,great,maharashtra,725699
4,43192,10798.0,1,1501,0,1,1,0,1,petrol,sedan,manual,maruti,great,maharashtra,574099
4,9721,2430.25,1,2138,1,1,1,0,1,diesel,luxury suv,unknown,jeep,great,maharashtra,1667609
3,5236,1745.3333333333333,1,144,0,1,0,0,1,petrol,sedan,automatic,hyundai,great,maharashtra,1141000
9,70997,7888.555555555556,2,2431,1,1,1,0,1,petrol,hatchback,manual,chevrolet,good,maharashtra,135699
4,41902,10475.5,1,1055,1,1,1,0,1,petrol,sedan,manual,maruti,great,maharashtra,562899
3,35592,11864.0,1,1099,1,1,1,0,1,petrol & cng,hatchback,manual,maruti,great,maharashtra,417899
2,29123,14561.5,1,6138,1,1,1,0,1,petrol & cng,suv,manual,maruti,great,maharashtra,820099
13,78902,6069.384615384615,1,1932,1,1,1,0,1,petrol,sedan,manual,honda,good,maharashtra,190399
6,64172,10695.333333333334,1,1012,1,1,1,0,1,petrol & cng,suv,unknown,maruti,great,maharashtra,658399
7,96603,13800.42857142857,3,821,1,1,1,0,1,diesel,sedan,automatic,volkswagen,great,maharashtra,413899
2,16303,8151.5,1,5160,0,1,1,0,1,diesel,suv,unknown,mahindra,great,maharashtra,1247651
13,79397,6107.461538461538,2,4177,1,1,1,0,1,petrol,sedan,unknown,honda,great,maharashtra,170399
6,27905,4650.833333333333,1,2766,1,1,1,0,1,diesel,luxury suv,automatic,toyota,great,maharashtra,1718599
2,13154,6577.0,1,184,0,0,0,0,1,petrol,suv,unknown,maruti,great,maharashtra,1075000
12,92819,7734.916666666667,3,847,1,1,1,0,1,petrol,luxury sedan,unknown,toyota,great,maharashtra,235799
9,60588,6732.0,2,2671,1,1,1,0,1,diesel,luxury sedan,automatic,bmw,great,maharashtra,816399
6,63181,10530.166666666666,2,2561,0,1,1,0,1,diesel,luxury sedan,automatic,bmw,great,maharashtra,1547116
10,102438,10243.8,2,51,0,0,0,0,1,petrol & cng,luxury sedan,manual,toyota,great,maharashtra,375000
10,113703,11370.3,2,976,0,1,1,0,1,petrol & cng,hatchback,manual,hyundai,great,maharashtra,277499
12,76286,6357.166666666667,2,398,1,1,1,0,1,petrol,hatchback,manual,hyundai,good,maharashtra,183099
6,70795,11799.166666666666,1,1321,1,1,1,0,1,petrol,suv,manual,ford,great,maharashtra,486899
9,95549,10616.555555555555,2,1243,1,1,1,0,1,diesel,hatchback,manual,volkswagen,great,maharashtra,266099
12,61552,5129.333333333333,1,1254,1,1,1,0,1,petrol,sedan,manual,honda,good,maharashtra,272499
8,90404,11300.5,2,762,0,1,1,0,1,diesel,luxury suv,manual,ssangyong,great,maharashtra,565299
5,67206,13441.2,1,488,0,1,1,0,1,petrol,hatchback,manual,tata,great,maharashtra,398699
14,111084,7934.571428571428,2,1723,1,1,1,0,1,petrol & cng,luxury suv,automatic,honda,good,maharashtra,296799
10,101184,10118.4,2,672,1,1,1,0,1,petrol & cng,hatchback,manual,maruti,good,maharashtra,332099
8,127170,15896.25,2,868,1,1,1,0,1,diesel,suv,manual,nissan,great,maharashtra,433999
9,115542,12838.0,3,2899,1,1,1,0,1,petrol & cng,sedan,unknown,honda,great,maharashtra,384599
8,104672,13084.0,1,2403,1,1,1,0,1,diesel,suv,manual,ford,great,maharashtra,492199
8,114958,14369.75,1,1051,1,1,1,0,1,petrol,hatchback,manual,hyundai,great,maharashtra,206599
7,113552,16221.714285714286,1,432,1,1,1,0,1,diesel,sedan,manual,honda,great,maharashtra,482899
10,173347,17334.7,2,1589,0,1,1,0,1,diesel,luxury suv,manual,toyota,great,maharashtra,877099
8,114975,14371.875,2,149,1,0,0,1,1,diesel,sedan,manual,honda,great,maharashtra,237000
10,41692,4169.2,1,290,1,0,0,1,0,petrol,hatchback,manual,chevrolet,overpriced,maharashtra,75000
6,70954,11825.666666666666,2,197,1,0,0,1,1,diesel,suv,manual,mahindra,great,maharashtra,800000
13,132353,10181.0,1,215,0,0,0,1,0,diesel,sedan,manual,mahindra renault,good,maharashtra,60000
8,124051,15506.375,2,193,0,0,0,0,1,diesel,luxury suv,manual,skoda,great,maharashtra,364000
3,20017,6672.333333333333,1,109,0,0,0,0,1,diesel,unknown,unknown,maruti,great,maharashtra,820000
11,80200,7290.909090909091,2,158,0,0,0,0,0,petrol,hatchback,manual,maruti,fair,maharashtra,120000
6,17861,2976.8333333333335,1,326,0,0,0,0,1,petrol & cng,hatchback,manual,maruti,great,maharashtra,344000
9,40354,4483.777777777777,3,25,0,0,0,0,1,diesel,suv,manual,renault,fair,maharashtra,500000
5,38663,7732.6,1,143,0,0,0,0,1,petrol,hatchback,manual,maruti,good,maharashtra,460000
5,80403,16080.6,1,172,1,0,0,0,1,diesel,sedan,manual,hyundai,fair,maharashtra,800000
7,134600,19228.571428571428,2,464,1,0,0,0,1,diesel,suv,manual,tata,overpriced,maharashtra,350000
7,58189,8312.714285714286,3,140,1,0,0,0,1,petrol,luxury sedan,automatic,skoda,good,maharashtra,850000
18,90458,5025.444444444444,2,157,0,0,0,0,1,diesel,hatchback,manual,tata,overpriced,maharashtra,150000
8,87671,10958.875,2,176,1,0,0,0,1,diesel,suv,manual,renault,great,maharashtra,420000
14,155130,11080.714285714286,2,109,1,0,0,0,1,diesel,suv,manual,toyota,good,maharashtra,380000
9,15417,1713.0,1,106,0,0,0,1,1,petrol,hatchback,manual,maruti,overpriced,uttar pradesh,275000
13,34166,2628.153846153846,2,201,1,0,0,1,1,petrol,hatchback,manual,maruti,fair,maharashtra,150000
6,20612,3435.3333333333335,1,139,0,0,0,0,1,petrol,suv,manual,honda,fair,maharashtra,600000
6,25628,4271.333333333333,1,126,1,0,0,1,1,petrol,hatchback,manual,hyundai,fair,karnataka,265000
10,83602,8360.2,2,139,1,0,0,0,1,diesel,luxury sedan,manual,mercedes benz,fair,maharashtra,1260000
7,51516,7359.428571428572,2,143,0,0,0,0,1,diesel,suv,manual,nissan,good,maharashtra,600000
11,33567,3051.5454545454545,1,67,0,0,0,1,1,petrol,hatchback,manual,hyundai,fair,maharashtra,180000
11,109598,9963.454545454546,2,905,0,0,0,0,1,diesel,luxury suv,manual,toyota,good,maharashtra,1000000
9,83698,9299.777777777777,1,36,1,0,0,1,1,petrol,hatchback,manual,ford,overpriced,gujarat,170000
5,8944,1788.8,1,33,0,0,0,0,1,petrol,hatchback,manual,renault,good,maharashtra,280000
9,109198,12133.111111111111,1,392,0,0,0,0,1,diesel,sedan,manual,toyota,good,maharashtra,350000
4,53377,13344.25,1,33,0,0,0,0,1,diesel,suv,manual,maruti,great,maharashtra,825000
5,21926,4385.2,1,63,0,0,0,0,1,diesel,sedan,manual,maruti,great,maharashtra,825000
11,32650,2968.181818181818,1,60,0,0,0,1,1,petrol,sedan,manual,maruti,great,maharashtra,225000
4,34871,8717.75,1,13,0,0,0,0,1,diesel,unknown,unknown,hyundai,overpriced,maharashtra,1150000
1,1791,1791.0,1,5596,1,1,0,0,1,petrol,hatchback,manual,tata,great,maharashtra,508299
5,10229,2045.8,1,4315,1,1,0,0,1,petrol,hatchback,manual,maruti,great,maharashtra,568299
9,36400,4044.4444444444443,1,3181,0,1,0,0,1,petrol,hatchback,manual,hyundai,great,maharashtra,179199
6,14864,2477.3333333333335,1,2619,1,1,0,0,1,petrol,hatchback,manual,maruti,great,maharashtra,400099
9,40006,4445.111111111111,1,5489,1,1,0,0,1,petrol,hatchback,manual,toyota,great,maharashtra,278699
6,31398,5233.0,1,1901,1,1,0,0,1,petrol,hatchback,manual,hyundai,great,maharashtra,474299
7,34126,4875.142857142857,1,1325,1,1,0,0,1,petrol,hatchback,manual,maruti,great,maharashtra,256799
5,8974,1794.8,1,2727,1,1,0,0,1,petrol,hatchback,automatic,maruti,great,maharashtra,413899
9,23210,2578.8888888888887,1,3953,1,1,0,0,1,petrol,hatchback,manual,honda,great,maharashtra,268999
5,25338,5067.6,1,2269,1,1,0,0,1,petrol,hatchback,manual,hyundai,great,maharashtra,468499
6,14170,2361.6666666666665,1,1658,1,1,0,0,1,petrol,hatchback,unknown,maruti,great,maharashtra,329899
3,15519,5173.0,1,2059,1,1,0,0,1,petrol,hatchback,manual,hyundai,great,maharashtra,608899
7,16251,2321.5714285714284,1,2162,1,1,0,0,1,petrol,hatchback,manual,maruti,great,maharashtra,363299
6,12833,2138.8333333333335,1,2516,1,1,0,0,1,petrol,hatchback,manual,hyundai,great,maharashtra,461399
8,48362,6045.25,1,2553,1,1,0,0,1,petrol,hatchback,manual,maruti,great,maharashtra,290999
4,28987,7246.75,2,2203,1,1,0,0,1,petrol & cng,hatchback,manual,maruti,great,maharashtra,414999
9,43211,4801.222222222223,2,744,1,1,0,0,1,petrol,hatchback,manual,hyundai,great,maharashtra,261499
10,58344,5834.4,1,10212,1,1,1,0,1,petrol,sedan,manual,hyundai,great,maharashtra,142299
7,33642,4806.0,1,2245,1,1,0,0,1,petrol,sedan,manual,hyundai,great,maharashtra,417299
8,8767,1095.875,1,4675,1,1,0,0,1,petrol,hatchback,manual,hyundai,great,maharashtra,248499
9,40636,4515.111111111111,1,1870,1,1,0,0,1,petrol,hatchback,manual,honda,great,maharashtra,260199
9,21482,2386.8888888888887,2,1356,1,1,0,0,1,petrol,hatchback,manual,maruti,great,maharashtra,284099
4,20577,5144.25,1,2632,1,1,0,0,1,petrol,hatchback,manual,maruti,great,maharashtra,396199
6,7478,1246.3333333333333,2,1120,1,1,0,0,1,petrol,hatchback,manual,maruti,great,maharashtra,277599
6,34994,5832.333333333333,1,1703,1,1,0,0,1,petrol,sedan,manual,honda,great,maharashtra,423799
9,32628,3625.3333333333335,2,1988,1,1,0,0,1,petrol,hatchback,manual,maruti,great,maharashtra,383899
8,45056,5632.0,2,4364,1,1,0,0,1,petrol,hatchback,manual,maruti,great,maharashtra,373599
9,44574,4952.666666666667,2,2139,1,1,0,0,1,petrol,hatchback,manual,hyundai,great,maharashtra,290899
7,35957,5136.714285714285,2,1652,1,1,0,0,1,petrol,hatchback,manual,maruti,great,maharashtra,226699
5,20385,4077.0,1,4149,0,1,0,0,1,petrol,hatchback,manual,renault,great,maharashtra,274299
5,32014,6402.8,2,4956,0,1,0,0,1,petrol,hatchback,manual,tata,great,maharashtra,400699
5,9755,1951.0,1,2950,1,1,0,0,1,petrol,sedan,manual,volkswagen,great,maharashtra,520799
5,30367,6073.4,1,1613,1,1,0,0,1,petrol,hatchback,manual,hyundai,great,maharashtra,430299
5,15184,3036.8,1,1499,1,1,0,0,1,petrol,hatchback,manual,hyundai,great,maharashtra,457499
6,27404,4567.333333333333,3,473,1,1,0,0,1,petrol,hatchback,manual,hyundai,great,maharashtra,448399
4,39459,9864.75,1,1721,1,1,0,1,1,petrol,hatchback,manual,maruti,great,maharashtra,247199
11,54882,4989.272727272727,1,4545,1,1,0,0,1,petrol,hatchback,manual,maruti,great,maharashtra,287399
7,9296,1328.0,1,2480,1,1,0,0,1,petrol,hatchback,manual,maruti,great,maharashtra,322699
6,49377,8229.5,1,1417,0,1,0,0,1,petrol,hatchback,manual,hyundai,great,maharashtra,351799
7,26494,3784.8571428571427,1,1078,1,1,0,0,1,petrol,hatchback,manual,maruti,great,maharashtra,357499
4,11077,2769.25,1,1220,1,1,0,0,1,petrol,hatchback,manual,maruti,great,maharashtra,409799
7,36709,5244.142857142857,1,2160,1,1,0,0,1,petrol,hatchback,manual,volkswagen,great,maharashtra,472799
9,31741,3526.777777777778,1,802,1,1,0,0,1,petrol,hatchback,manual,hyundai,great,maharashtra,313499
5,4887,977.4,1,1209,1,1,0,0,1,petrol,hatchback,manual,maruti,great,maharashtra,298699
2,5562,2781.0,1,3169,1,1,0,0,1,petrol,unknown,unknown,maruti,great,maharashtra,567899
7,17416,2488.0,1,1545,1,1,0,0,1,petrol,hatchback,manual,hyundai,great,maharashtra,272099
5,5844,1168.8,1,956,0,1,0,0,1,petrol,hatchback,manual,hyundai,great,maharashtra,482299
6,26051,4341.833333333333,2,1237,1,1,0,0,1,petrol,hatchback,unknown,maruti,great,maharashtra,290699
4,1805,451.25,1,1870,1,1,0,0,1,petrol,hatchback,manual,hyundai,great,maharashtra,482899
8,46910,5863.75,1,2042,1,1,0,0,1,diesel,hatchback,manual,toyota,great,maharashtra,393699
8,43902,5487.75,1,1686,1,1,0,0,1,petrol,hatchback,manual,maruti,great,maharashtra,219599
3,27090,9030.0,1,2079,1,1,0,0,1,petrol,hatchback,manual,maruti,great,maharashtra,418399
4,39825,9956.25,1,872,1,1,0,0,1,petrol,hatchback,manual,hyundai,great,maharashtra,434199
9,48367,5374.111111111111,2,556,1,1,0,0,1,petrol,hatchback,manual,maruti,great,maharashtra,203599
5,1139,227.8,1,1316,1,1,0,0,1,petrol,hatchback,manual,hyundai,great,maharashtra,485699
8,55905,6988.125,1,2771,1,1,0,0,1,petrol,hatchback,manual,maruti,great,maharashtra,258499
10,64382,6438.2,4,1023,1,1,0,0,1,petrol,hatchback,automatic,hyundai,great,maharashtra,278999
6,17753,2958.8333333333335,1,677,1,1,0,0,1,petrol,hatchback,manual,maruti,great,maharashtra,240299
6,32936,5489.333333333333,1,2985,1,1,0,0,1,petrol,hatchback,manual,maruti,great,maharashtra,464599
7,22538,3219.714285714286,1,2898,1,1,0,0,1,petrol,hatchback,manual,maruti,great,maharashtra,245799
5,25351,5070.2,1,1327,1,1,0,0,1,petrol,hatchback,manual,hyundai,great,maharashtra,547099
8,56689,7086.125,1,1640,0,1,0,0,1,petrol,hatchback,manual,hyundai,great,maharashtra,249199
5,32785,6557.0,1,1959,1,1,0,0,1,petrol,hatchback,automatic,honda,great,maharashtra,580399
4,25533,6383.25,1,1396,1,1,0,0,1,petrol,hatchback,manual,maruti,great,maharashtra,555199
7,16107,2301.0,1,1104,1,1,0,0,1,petrol,hatchback,manual,maruti,great,maharashtra,466399
10,48837,4883.7,1,418,1,1,0,0,1,petrol,hatchback,manual,maruti,great,maharashtra,205299
8,59807,7475.875,1,2788,1,1,0,0,1,petrol,hatchback,manual,maruti,great,maharashtra,389399
3,13563,4521.0,1,1369,1,1,0,0,1,petrol,hatchback,unknown,maruti,great,maharashtra,362999
6,37260,6210.0,1,2943,0,1,0,0,1,petrol,hatchback,manual,maruti,great,maharashtra,410799
10,34281,3428.1,1,1509,1,1,0,0,1,petrol,hatchback,manual,hyundai,great,maharashtra,265599
11,60563,5505.727272727273,2,643,1,1,0,0,1,petrol,hatchback,manual,hyundai,great,maharashtra,230599
5,23621,4724.2,1,666,0,1,0,0,1,petrol,hatchback,manual,hyundai,great,maharashtra,592899
8,58406,7300.75,1,2099,1,1,0,0,1,petrol,sedan,manual,volkswagen,great,maharashtra,416099
2,16902,8451.0,2,1577,0,1,0,0,1,petrol,hatchback,manual,renault,great,maharashtra,351199
6,49741,8290.166666666666,1,1019,1,1,0,0,1,petrol,sedan,manual,maruti,great,maharashtra,473699
5,32919,6583.8,1,1255,1,1,0,0,1,petrol,hatchback,manual,maruti,great,maharashtra,521699
3,4583,1527.6666666666667,1,1598,1,1,0,0,1,petrol,hatchback,manual,maruti,great,maharashtra,679999
6,68406,11401.0,2,838,1,1,0,0,1,petrol,hatchback,manual,honda,great,maharashtra,337999
6,33435,5572.5,1,658,1,1,0,0,1,petrol,hatchback,manual,hyundai,great,maharashtra,471399
4,20101,5025.25,1,1496,1,1,0,0,1,petrol,hatchback,unknown,hyundai,great,maharashtra,525599
11,66489,6044.454545454545,1,633,1,1,0,0,1,petrol,hatchback,manual,maruti,great,maharashtra,247399
10,68471,6847.1,1,1278,1,1,0,0,1,diesel,hatchback,manual,maruti,great,maharashtra,393199
8,50976,6372.0,1,1006,1,1,0,0,1,petrol,hatchback,manual,maruti,great,maharashtra,223899
3,22513,7504.333333333333,2,255,0,1,0,0,1,petrol,hatchback,manual,renault,great,maharashtra,346199
4,39100,9775.0,1,837,1,1,0,0,1,petrol,hatchback,manual,maruti,great,maharashtra,302299
6,7954,1325.6666666666667,1,543,1,1,0,0,1,petrol,hatchback,manual,maruti,good,maharashtra,324899
6,31300,5216.666666666667,2,223,1,1,0,0,1,petrol,hatchback,manual,hyundai,great,maharashtra,493199
11,56204,5109.454545454545,3,484,1,1,0,0,1,petrol,hatchback,manual,hyundai,great,maharashtra,241499
12,20007,1667.25,1,2216,1,1,0,0,1,petrol,hatchback,manual,maruti,great,maharashtra,207799
3,13677,4559.0,1,1898,1,1,0,0,1,petrol,hatchback,manual,maruti,great,maharashtra,642399
10,54473,5447.3,2,1255,1,1,0,0,1,petrol,hatchback,automatic,hyundai,great,maharashtra,276499
12,24653,2054.4166666666665,1,215,1,1,0,0,1,petrol,hatchback,manual,maruti,good,maharashtra,164499
5,16266,3253.2,1,3678,1,1,0,0,1,petrol,hatchback,manual,maruti,great,maharashtra,487899
6,48057,8009.5,1,1071,1,1,0,0,1,petrol,hatchback,manual,hyundai,great,maharashtra,392699
7,66606,9515.142857142857,1,1486,0,1,0,0,1,petrol & cng,hatchback,manual,maruti,great,maharashtra,326799
6,24846,4141.0,1,474,1,1,0,0,1,petrol,hatchback,manual,maruti,great,maharashtra,516299
6,30559,5093.166666666667,2,666,1,1,0,0,1,petrol,hatchback,manual,hyundai,great,maharashtra,429499
12,34558,2879.8333333333335,1,1919,1,1,0,0,1,petrol,hatchback,manual,maruti,great,maharashtra,158799
6,55390,9231.666666666666,1,461,1,1,0,0,1,petrol,hatchback,manual,maruti,great,maharashtra,356899
12,49788,4149.0,4,6211,1,1,0,0,1,petrol,sedan,manual,honda,great,maharashtra,226399
4,30348,7587.0,1,1599,1,1,0,0,1,petrol,sedan,automatic,maruti,great,maharashtra,658399
5,41811,8362.2,1,722,1,1,0,0,1,petrol,hatchback,manual,renault,great,maharashtra,308799
10,71758,7175.8,1,1892,0,1,0,0,1,petrol,sedan,manual,volkswagen,great,maharashtra,314799
10,73402,7340.2,1,2271,1,1,0,0,1,petrol,hatchback,manual,chevrolet,great,maharashtra,144699
8,60422,7552.75,2,2925,1,1,0,0,1,diesel,hatchback,manual,maruti,great,maharashtra,355599
7,56479,8068.428571428572,1,758,0,1,0,0,1,petrol,hatchback,manual,maruti,great,maharashtra,259399
6,54112,9018.666666666666,1,512,1,1,0,0,1,petrol,hatchback,manual,maruti,great,maharashtra,255499
3,19824,6608.0,1,1947,1,1,0,0,1,petrol,hatchback,manual,maruti,great,maharashtra,427499
10,71720,7172.0,2,1404,1,1,0,0,1,petrol,hatchback,manual,hyundai,good,maharashtra,226599
5,52907,10581.4,1,2546,1,1,1,0,1,petrol,sedan,manual,volkswagen,great,maharashtra,374999
6,54283,9047.166666666666,1,798,1,1,0,0,1,petrol,hatchback,manual,hyundai,great,maharashtra,403199
5,54988,10997.6,2,859,1,1,0,0,1,petrol,hatchback,automatic,maruti,great,maharashtra,373399
6,53317,8886.166666666666,1,529,1,1,0,0,1,petrol,hatchback,manual,maruti,great,maharashtra,304599
9,58646,6516.222222222223,2,1348,0,1,0,0,1,petrol,hatchback,manual,hyundai,great,maharashtra,203799
12,47016,3918.0,1,1298,0,1,0,0,1,petrol,hatchback,manual,maruti,great,maharashtra,203799
9,77355,8595.0,1,996,1,1,0,0,1,petrol,hatchback,manual,maruti,great,maharashtra,266799
8,64501,8062.625,1,792,1,1,0,0,1,petrol,hatchback,manual,hyundai,great,maharashtra,288399
4,71115,17778.75,1,562,1,1,0,0,1,petrol,hatchback,automatic,volkswagen,great,maharashtra,708899
11,106705,9700.454545454546,2,2062,0,1,0,0,1,petrol,hatchback,manual,volkswagen,great,maharashtra,248299
2,1414,707.0,1,1788,1,1,0,0,1,petrol,hatchback,unknown,hyundai,great,maharashtra,749399
5,45308,9061.6,1,1006,1,1,0,0,1,petrol,hatchback,automatic,volkswagen,great,maharashtra,632999
10,80805,8080.5,2,431,1,1,0,0,1,diesel,hatchback,manual,maruti,great,maharashtra,401399
5,65640,13128.0,1,1548,1,1,0,0,1,petrol,hatchback,manual,hyundai,great,maharashtra,458599
3,38598,12866.0,1,787,1,1,0,0,1,petrol,hatchback,automatic,maruti,great,maharashtra,612499
11,75320,6847.272727272727,1,859,1,1,0,0,1,petrol,hatchback,manual,maruti,great,maharashtra,155699
3,13960,4653.333333333333,1,3768,1,1,0,0,1,diesel,luxury suv,manual,jeep,great,maharashtra,1526310
8,70832,8854.0,2,1235,0,1,0,0,1,petrol,sedan,manual,honda,great,maharashtra,356799
3,21509,7169.666666666667,1,2983,1,1,0,0,1,petrol,hatchback,manual,hyundai,great,maharashtra,600799
7,59950,8564.285714285714,1,627,1,1,0,0,1,petrol,sedan,manual,maruti,great,maharashtra,476199
6,55009,9168.166666666666,1,822,1,1,0,0,1,petrol,hatchback,manual,hyundai,great,maharashtra,432699
7,66904,9557.714285714286,1,798,1,1,0,0,1,petrol,hatchback,manual,maruti,great,maharashtra,375899
5,62876,12575.2,1,1935,1,1,0,0,1,diesel,hatchback,manual,maruti,great,maharashtra,625399
5,61536,12307.2,1,552,1,1,0,0,1,petrol,hatchback,automatic,maruti,great,maharashtra,561099
2,38522,19261.0,1,931,1,1,0,0,1,petrol,unknown,unknown,maruti,great,maharashtra,547399
12,77165,6430.416666666667,2,753,1,1,0,0,1,petrol,hatchback,manual,hyundai,great,maharashtra,259999
12,60172,5014.333333333333,3,374,0,1,0,0,1,petrol,hatchback,manual,hyundai,good,maharashtra,201799
3,7020,2340.0,1,1844,1,1,0,0,1,diesel,suv,manual,maruti,great,maharashtra,903499
5,45907,9181.4,1,1344,1,1,0,0,1,petrol,hatchback,manual,maruti,great,maharashtra,539899
6,70001,11666.833333333334,2,2473,1,1,0,0,1,petrol,luxury suv,unknown,honda,great,maharashtra,1196242
12,63745,5312.083333333333,2,1136,1,1,0,0,1,petrol,hatchback,manual,maruti,great,maharashtra,197599
8,88454,11056.75,1,1549,1,1,0,0,1,petrol,hatchback,manual,maruti,great,maharashtra,362799
14,65402,4671.571428571428,2,5473,1,1,0,0,1,petrol,hatchback,manual,maruti,great,maharashtra,120199
7,84803,12114.714285714286,1,1518,1,1,0,0,1,petrol,sedan,manual,hyundai,great,maharashtra,401299
5,54503,10900.6,1,1911,1,1,0,0,1,petrol,sedan,manual,maruti,great,maharashtra,518699
11,89700,8154.545454545455,1,3356,1,1,0,0,1,petrol,hatchback,manual,maruti,great,maharashtra,178899
14,40214,2872.4285714285716,3,6779,1,1,0,0,1,petrol,hatchback,manual,hyundai,good,maharashtra,179899
11,73213,6655.727272727273,3,761,0,1,0,0,1,petrol,hatchback,manual,hyundai,great,maharashtra,259199
11,83908,7628.0,1,1116,1,1,0,0,1,petrol,hatchback,manual,maruti,great,maharashtra,213399
7,93514,13359.142857142857,2,2455,1,1,0,0,1,diesel,sedan,manual,skoda,great,maharashtra,408499
2,7769,3884.5,1,1496,1,1,0,0,1,petrol,hatchback,unknown,hyundai,great,maharashtra,726699
9,71455,7939.444444444444,1,651,1,1,0,0,1,petrol,hatchback,manual,hyundai,great,maharashtra,297299
9,53513,5945.888888888889,2,2044,1,1,0,0,1,petrol,hatchback,manual,maruti,good,maharashtra,196999
6,51457,8576.166666666666,1,1750,1,1,0,0,1,petrol,sedan,automatic,honda,great,maharashtra,732699
8,87041,10880.125,1,1075,1,1,0,0,1,petrol,hatchback,manual,hyundai,great,maharashtra,214699
10,84008,8400.8,2,529,1,1,0,0,1,petrol,hatchback,manual,hyundai,great,maharashtra,319399
4,88966,22241.5,1,1187,1,1,0,0,1,petrol,hatchback,automatic,maruti,great,maharashtra,387099
5,46478,9295.6,1,1446,1,1,0,0,1,diesel,suv,manual,maruti,great,maharashtra,774599
11,77896,7081.454545454545,1,2218,1,1,0,0,1,petrol,hatchback,manual,maruti,great,maharashtra,262599
10,82936,8293.6,1,639,1,1,0,0,1,diesel,hatchback,manual,ford,great,maharashtra,283199
5,86031,17206.2,1,1963,1,1,0,0,1,petrol,hatchback,manual,renault,great,maharashtra,256699
2,10468,5234.0,1,2179,0,1,0,0,1,petrol,suv,unknown,hyundai,great,maharashtra,1108978
12,87978,7331.5,1,709,0,1,0,0,1,petrol,hatchback,manual,maruti,good,maharashtra,154999
11,75401,6854.636363636364,2,1277,1,1,0,0,1,petrol,hatchback,manual,maruti,great,maharashtra,165799
12,47439,3953.25,1,264,1,1,0,0,1,petrol,hatchback,manual,hyundai,good,maharashtra,202899
4,65919,16479.75,1,441,1,1,0,0,1,petrol,sedan,manual,maruti,great,maharashtra,669299
5,76252,15250.4,1,2719,1,1,0,0,1,diesel,suv,manual,toyota,great,maharashtra,1066255
10,91145,9114.5,1,997,1,1,0,0,1,diesel,hatchback,manual,maruti,great,maharashtra,380099
5,77137,15427.4,1,1259,1,1,0,1,1,petrol,hatchback,manual,hyundai,great,maharashtra,409399
4,84193,21048.25,2,2492,1,1,0,0,1,diesel,suv,automatic,toyota,great,maharashtra,1645288
4,67410,16852.5,1,2481,1,1,0,0,1,diesel,luxury suv,unknown,jeep,great,maharashtra,1372285
4,57453,14363.25,2,946,1,1,0,0,1,petrol,hatchback,manual,hyundai,great,maharashtra,572199
12,69959,5829.916666666667,2,704,1,1,0,0,1,petrol,hatchback,manual,hyundai,good,maharashtra,145399
11,80711,7337.363636363636,2,1208,1,1,0,0,1,petrol,hatchback,manual,maruti,good,maharashtra,181899
12,116752,9729.333333333334,1,766,1,1,0,0,1,petrol,hatchback,manual,hyundai,great,maharashtra,266799
5,68067,13613.4,1,1224,1,1,0,0,1,petrol,sedan,unknown,volkswagen,great,maharashtra,674399
8,87568,10946.0,3,2627,1,1,0,0,1,petrol,hatchback,manual,volkswagen,great,maharashtra,260499
13,103788,7983.692307692308,1,3716,0,1,0,0,1,petrol,sedan,manual,honda,good,maharashtra,167899
12,78447,6537.25,1,1422,1,1,0,0,1,petrol,hatchback,manual,maruti,great,maharashtra,158599
9,82862,9206.888888888889,1,783,1,1,0,0,1,petrol & cng,hatchback,manual,maruti,great,maharashtra,307699
10,93869,9386.9,2,401,1,1,0,0,1,petrol,hatchback,manual,hyundai,great,maharashtra,339399
11,90590,8235.454545454546,2,780,1,1,0,0,1,petrol,sedan,manual,honda,fair,maharashtra,358999
4,30763,7690.75,1,1676,1,1,0,0,1,diesel,suv,automatic,tata,great,maharashtra,1357640
7,99942,14277.42857142857,1,442,1,1,0,0,1,petrol,hatchback,manual,maruti,great,maharashtra,368699
3,62957,20985.666666666668,1,1669,1,1,0,0,1,diesel,suv,automatic,tata,great,maharashtra,1283405
14,79454,5675.285714285715,2,840,1,1,0,0,1,petrol,hatchback,manual,hyundai,good,maharashtra,187399
12,116081,9673.416666666666,1,1225,1,1,0,0,1,petrol,hatchback,manual,hyundai,fair,maharashtra,180899
4,64886,16221.5,2,730,0,1,0,0,1,petrol,hatchback,manual,maruti,great,maharashtra,526399
6,77092,12848.666666666666,1,2313,0,1,0,0,1,petrol,hatchback,manual,maruti,great,maharashtra,490299
6,71225,11870.833333333334,1,527,1,1,0,0,1,petrol,hatchback,manual,hyundai,great,maharashtra,437499
11,86174,7834.0,1,508,1,1,0,0,1,petrol,sedan,manual,honda,great,maharashtra,395499
3,18137,6045.666666666667,1,2290,1,1,0,0,1,diesel,suv,unknown,tata,great,maharashtra,902999
5,99124,19824.8,2,1604,1,1,0,0,1,petrol & cng,hatchback,manual,maruti,great,maharashtra,272299
4,90932,22733.0,1,905,1,1,0,0,1,petrol,hatchback,unknown,maruti,great,maharashtra,565799
5,60386,12077.2,2,1159,1,1,0,0,1,petrol,hatchback,manual,volkswagen,great,maharashtra,433099
3,27963,9321.0,1,1732,1,1,0,0,1,diesel,suv,automatic,tata,great,maharashtra,1355620
7,76131,10875.857142857143,1,1632,1,1,0,0,1,petrol & cng,hatchback,manual,maruti,great,maharashtra,266399
7,83012,11858.857142857143,1,963,1,1,0,0,1,petrol,hatchback,manual,hyundai,great,maharashtra,499999
3,45899,15299.666666666666,1,4723,0,1,0,0,1,diesel,suv,manual,mahindra,great,maharashtra,805299
7,81737,11676.714285714286,1,2571,0,1,0,0,1,diesel,hatchback,manual,fiat,great,maharashtra,330399
4,86128,21532.0,2,808,1,1,0,0,1,diesel,suv,manual,maruti,great,maharashtra,821199
9,100481,11164.555555555555,2,1237,1,1,1,1,1,petrol,hatchback,manual,maruti,great,maharashtra,321399
6,79830,13305.0,1,849,1,1,0,0,1,diesel,suv,manual,maruti,great,maharashtra,709999
9,88590,9843.333333333334,2,1298,0,1,0,0,1,petrol,hatchback,manual,hyundai,great,maharashtra,343299
9,102372,11374.666666666666,1,1022,1,1,0,0,1,petrol,hatchback,automatic,hyundai,great,maharashtra,291399
8,84711,10588.875,1,447,1,1,0,0,1,diesel,sedan,manual,maruti,great,maharashtra,532499
6,113465,18910.833333333332,1,857,1,1,0,0,1,petrol,sedan,manual,hyundai,great,maharashtra,415199
6,77611,12935.166666666666,2,2397,1,1,0,0,1,petrol,luxury sedan,automatic,toyota,great,maharashtra,863199
10,100982,10098.2,1,369,1,1,0,0,1,petrol,hatchback,manual,volkswagen,great,maharashtra,316899
9,105917,11768.555555555555,2,1396,1,1,0,0,1,diesel,sedan,manual,skoda,great,maharashtra,330599
9,94879,10542.111111111111,1,666,1,1,0,0,1,petrol,hatchback,manual,maruti,great,maharashtra,266499
12,123493,10291.083333333334,2,2032,0,1,0,0,1,diesel,hatchback,manual,maruti,great,maharashtra,208299
12,131364,10947.0,1,1735,1,1,0,0,1,petrol,hatchback,manual,hyundai,great,maharashtra,181199
8,80576,10072.0,2,1562,1,1,0,0,1,diesel,suv,manual,toyota,great,maharashtra,823999
10,117927,11792.7,1,2930,1,1,0,0,1,petrol,hatchback,manual,maruti,great,maharashtra,225499
6,93971,15661.833333333334,2,1294,1,1,0,0,1,petrol,sedan,manual,maruti,great,maharashtra,459799
4,75242,18810.5,1,4169,1,1,0,0,1,diesel,sedan,unknown,hyundai,great,maharashtra,962999
7,94847,13549.57142857143,2,1651,1,1,0,0,1,petrol,hatchback,manual,hyundai,great,maharashtra,376499
7,87051,12435.857142857143,2,1149,1,1,0,0,1,petrol,hatchback,manual,hyundai,great,maharashtra,236999
10,125071,12507.1,1,935,1,1,0,0,1,petrol,sedan,manual,maruti,great,maharashtra,308699
5,110584,22116.8,1,835,1,1,0,0,1,petrol & cng,hatchback,manual,maruti,great,maharashtra,278799
2,59858,29929.0,1,4132,0,1,0,0,1,diesel,suv,manual,maruti,great,maharashtra,1066053
3,52987,17662.333333333332,1,754,0,1,0,0,1,diesel,suv,unknown,hyundai,good,maharashtra,1030602
2,39718,19859.0,1,818,1,1,0,0,1,petrol & cng,unknown,unknown,maruti,great,maharashtra,563699
7,96603,13800.42857142857,1,272,1,1,0,0,1,petrol & cng,hatchback,manual,maruti,great,maharashtra,361999
6,102809,17134.833333333332,1,306,1,1,0,0,1,petrol,hatchback,manual,maruti,great,maharashtra,323099
9,123831,13759.0,1,501,0,1,0,0,1,diesel,sedan,manual,skoda,great,maharashtra,349699
3,79530,26510.0,1,1188,1,1,0,0,1,diesel,suv,manual,honda,great,maharashtra,816499
3,77157,25719.0,1,908,1,1,0,0,1,diesel,suv,manual,honda,great,maharashtra,839299
11,105844,9622.181818181818,2,483,1,1,0,0,1,petrol,hatchback,manual,hyundai,great,maharashtra,227099
11,95984,8725.818181818182,3,790,1,1,0,0,1,petrol,hatchback,manual,maruti,great,maharashtra,208299
7,106190,15170.0,1,789,0,1,0,0,1,diesel,sedan,manual,maruti,great,maharashtra,519999
6,99645,16607.5,1,1165,1,1,0,0,1,diesel,suv,unknown,hyundai,great,maharashtra,814999
5,92601,18520.2,1,968,0,1,0,0,1,diesel,hatchback,manual,maruti,great,maharashtra,608099
9,123383,13709.222222222223,2,1567,1,1,0,0,1,diesel,sedan,automatic,volkswagen,great,maharashtra,473799
6,99046,16507.666666666668,1,1962,1,1,0,0,1,diesel,suv,manual,maruti,great,maharashtra,617999
7,151201,21600.14285714286,1,656,1,1,0,0,1,diesel,sedan,manual,volkswagen,great,maharashtra,393999
8,162143,20267.875,2,979,1,1,0,0,1,diesel,hatchback,manual,maruti,great,maharashtra,433399
6,109167,18194.5,2,333,1,1,0,0,1,diesel,sedan,manual,skoda,great,maharashtra,484999
5,111419,22283.8,1,1207,0,1,0,0,1,petrol,suv,automatic,hyundai,great,maharashtra,1000299
7,120062,17151.714285714286,1,1289,1,1,0,0,1,diesel,hatchback,manual,maruti,great,maharashtra,492999
7,102760,14680.0,1,1144,1,1,0,0,1,petrol & cng,hatchback,manual,maruti,great,maharashtra,321499
8,115720,14465.0,2,1479,1,1,0,0,1,petrol & cng,hatchback,manual,maruti,great,maharashtra,221199
6,160968,26828.0,1,1475,1,1,0,0,1,petrol & cng,hatchback,manual,maruti,great,maharashtra,320699
8,107995,13499.375,2,1345,1,1,0,0,1,diesel,suv,manual,toyota,great,maharashtra,772599
7,133435,19062.14285714286,3,460,0,1,0,0,1,diesel,hatchback,manual,maruti,great,maharashtra,509599
8,146692,18336.5,1,892,1,1,0,0,1,diesel,sedan,manual,volkswagen,great,maharashtra,391399
9,125767,13974.111111111111,2,1056,1,1,0,0,1,diesel,suv,manual,renault,great,maharashtra,540299
5,130191,26038.2,1,531,1,1,0,0,1,diesel,suv,manual,maruti,great,maharashtra,734499
8,93457,11682.125,2,3440,1,1,0,0,1,diesel,luxury sedan,automatic,bmw,great,maharashtra,1469346
10,170425,17042.5,1,2362,1,1,0,0,1,petrol,sedan,manual,toyota,great,maharashtra,237499
6,109092,18182.0,2,4877,1,1,0,0,1,diesel,luxury sedan,manual,mercedes benz,great,maharashtra,1784163
7,158960,22708.571428571428,1,2324,0,1,0,0,1,petrol,luxury sedan,automatic,skoda,great,maharashtra,807399
10,163480,16348.0,2,705,1,1,0,0,1,diesel,hatchback,manual,ford,great,maharashtra,249599
7,169488,24212.571428571428,1,1131,1,1,0,0,1,diesel,hatchback,manual,hyundai,great,maharashtra,495199
4,128128,32032.0,1,1790,1,1,0,0,1,diesel,hatchback,manual,hyundai,great,maharashtra,644199
10,206243,20624.3,2,1209,1,1,0,0,1,diesel,suv,manual,mahindra,great,maharashtra,306699
8,120100,15012.5,1,521,1,1,0,0,1,diesel,sedan,manual,volkswagen,great,maharashtra,451599
9,143850,15983.333333333334,1,1187,1,1,0,0,1,diesel,sedan,manual,maruti,great,maharashtra,465699
8,122242,15280.25,1,43573,1,1,0,0,1,petrol,luxury sedan,manual,mercedes benz,great,maharashtra,1414200
7,141973,20281.85714285714,1,229,1,1,0,0,1,petrol,hatchback,manual,honda,great,maharashtra,330499
9,128749,14305.444444444445,1,3805,1,1,0,0,1,diesel,luxury suv,manual,toyota,great,delhi,995799
4,18451,4612.75,1,4735,0,1,0,1,1,petrol,hatchback,manual,datsun,great,maharashtra,221199
4,3476,869.0,2,5550,1,1,0,0,1,petrol,hatchback,automatic,tata,great,maharashtra,183299
7,10937,1562.4285714285713,1,2114,1,1,0,0,1,petrol,hatchback,manual,maruti,great,maharashtra,340199
3,11972,3990.6666666666665,1,1325,1,1,0,0,1,petrol,hatchback,manual,maruti,great,maharashtra,460899
7,31054,4436.285714285715,1,1173,1,1,0,0,1,petrol,sedan,manual,hyundai,great,maharashtra,422699
7,38458,5494.0,1,985,1,1,0,0,1,petrol,hatchback,manual,maruti,great,maharashtra,351499
8,25478,3184.75,1,2417,0,1,0,0,1,petrol,hatchback,manual,maruti,great,maharashtra,203399
5,33475,6695.0,2,903,0,1,0,0,1,petrol,hatchback,manual,hyundai,great,maharashtra,448599
6,17927,2987.8333333333335,1,1792,1,1,0,0,1,diesel,sedan,manual,maruti,great,maharashtra,629999
6,23591,3931.8333333333335,1,1890,1,1,0,0,1,petrol,sedan,unknown,volkswagen,great,maharashtra,540399
2,3139,1569.5,1,891,1,1,0,0,1,petrol,hatchback,manual,maruti,great,maharashtra,695499
7,38846,5549.428571428572,1,1056,1,1,0,0,1,diesel,hatchback,manual,maruti,great,maharashtra,490699
7,17987,2569.5714285714284,1,883,1,1,0,0,1,petrol,hatchback,manual,hyundai,great,maharashtra,406299
5,4749,949.8,1,1183,0,1,0,0,1,petrol,hatchback,unknown,renault,great,maharashtra,331699
8,33351,4168.875,1,2023,0,1,0,0,1,petrol,hatchback,manual,maruti,great,maharashtra,220999
8,26382,3297.75,2,1048,1,1,0,0,1,petrol,luxury sedan,manual,hyundai,great,maharashtra,507199
2,19684,9842.0,1,2070,1,1,0,0,1,petrol,unknown,unknown,maruti,great,maharashtra,296699
8,25889,3236.125,2,1865,1,1,0,0,1,petrol,hatchback,manual,hyundai,great,maharashtra,339599
10,48598,4859.8,2,4098,0,1,1,0,1,petrol,sedan,manual,hyundai,great,maharashtra,347899
11,48342,4394.727272727273,1,662,1,1,0,0,1,petrol,hatchback,manual,hyundai,great,maharashtra,278899
10,48541,4854.1,2,4464,1,1,0,0,1,petrol,hatchback,manual,chevrolet,great,maharashtra,143299
7,20656,2950.8571428571427,1,1135,1,1,0,0,1,petrol,hatchback,manual,maruti,great,maharashtra,252699
7,44511,6358.714285714285,2,617,1,1,0,0,1,petrol,hatchback,manual,maruti,great,maharashtra,343199
6,38314,6385.666666666667,2,297,1,1,0,0,1,petrol,hatchback,manual,maruti,great,maharashtra,311299
7,19510,2787.1428571428573,2,166,1,1,0,0,1,petrol,hatchback,automatic,maruti,great,maharashtra,371399
10,46733,4673.3,2,3379,0,1,0,0,1,petrol & cng,sedan,manual,toyota,great,maharashtra,238299
8,31238,3904.75,2,1076,1,1,0,0,1,petrol,hatchback,manual,hyundai,great,maharashtra,342899
7,55308,7901.142857142857,2,475,1,1,0,0,1,diesel,sedan,manual,honda,great,maharashtra,585799
9,37709,4189.888888888889,2,1000,0,1,0,0,1,petrol,hatchback,manual,hyundai,great,maharashtra,344599
4,20176,5044.0,1,1171,1,1,0,0,1,petrol,hatchback,automatic,maruti,great,maharashtra,451399
11,49533,4503.0,2,2098,1,1,0,0,1,petrol,hatchback,manual,hyundai,good,maharashtra,194799
6,35067,5844.5,1,935,1,1,0,0,1,petrol,hatchback,manual,honda,great,maharashtra,368899
10,21572,2157.2,1,901,1,1,0,0,1,petrol,hatchback,manual,maruti,great,maharashtra,235399
10,48478,4847.8,1,2704,0,1,0,0,1,petrol,sedan,manual,hyundai,great,maharashtra,371999
8,26955,3369.375,1,1054,1,1,0,0,1,petrol,hatchback,manual,maruti,great,maharashtra,223599
4,32862,8215.5,1,546,1,1,0,0,1,petrol,hatchback,manual,maruti,great,maharashtra,301999
10,38579,3857.9,1,1215,1,1,1,0,1,petrol,hatchback,manual,volkswagen,great,maharashtra,307999
10,55472,5547.2,2,782,1,1,0,0,1,petrol,hatchback,manual,maruti,great,maharashtra,259299
11,49362,4487.454545454545,1,932,1,1,0,0,1,petrol,suv,manual,maruti,good,maharashtra,222399
10,9742,974.2,1,435,1,1,0,0,1,petrol,hatchback,manual,maruti,great,maharashtra,213099
10,39489,3948.9,3,1389,1,1,0,0,1,petrol,sedan,manual,volkswagen,great,maharashtra,274199
1,2765,2765.0,1,1633,1,1,0,0,1,diesel,unknown,unknown,kia,great,maharashtra,1567518
6,51776,8629.333333333334,1,352,0,1,0,0,1,petrol,hatchback,unknown,maruti,great,maharashtra,311999
7,41479,5925.571428571428,1,356,1,1,0,0,1,petrol,hatchback,manual,maruti,great,maharashtra,359399
11,31645,2876.818181818182,2,2332,0,1,0,0,1,petrol,sedan,manual,maruti,great,maharashtra,259399
7,24140,3448.5714285714284,1,1713,1,1,0,0,1,petrol & cng,hatchback,manual,maruti,great,maharashtra,289199
6,43575,7262.5,1,1226,1,1,0,0,1,petrol,sedan,manual,honda,great,maharashtra,442299
9,57281,6364.555555555556,2,1064,1,1,0,0,1,diesel,hatchback,manual,hyundai,great,maharashtra,357499
7,44857,6408.142857142857,1,2487,1,1,1,0,1,petrol,hatchback,manual,hyundai,great,maharashtra,293799
9,57585,6398.333333333333,1,843,1,1,0,0,1,petrol,hatchback,manual,hyundai,great,maharashtra,268399
3,1634,544.6666666666666,1,64,1,1,0,0,1,petrol,hatchback,manual,maruti,great,maharashtra,363699
9,60849,6761.0,3,1238,1,1,0,0,1,petrol,hatchback,manual,honda,great,maharashtra,231899
9,50611,5623.444444444444,1,267,1,1,0,0,1,petrol,hatchback,manual,maruti,great,maharashtra,220299
2,17417,8708.5,1,871,0,1,0,0,1,petrol & cng,suv,manual,maruti,great,maharashtra,456599
5,19162,3832.4,1,1319,1,1,0,0,1,petrol,sedan,unknown,volkswagen,great,maharashtra,692999
8,54558,6819.75,1,924,1,1,0,0,1,petrol,hatchback,manual,hyundai,great,maharashtra,235099
7,54813,7830.428571428572,1,1295,1,1,0,0,1,petrol,hatchback,manual,volkswagen,great,maharashtra,453399
4,30884,7721.0,1,1041,1,1,0,0,1,petrol,hatchback,manual,hyundai,great,maharashtra,581699
10,49856,4985.6,1,1641,1,1,0,0,1,petrol,hatchback,manual,ford,great,maharashtra,230299
7,43134,6162.0,1,1102,1,1,0,0,1,petrol,hatchback,manual,hyundai,great,maharashtra,282499
11,51491,4681.0,1,1005,0,1,0,0,1,petrol,hatchback,manual,maruti,great,maharashtra,204099
8,52024,6503.0,2,661,1,1,0,0,1,petrol,hatchback,manual,honda,great,maharashtra,312799
11,74680,6789.090909090909,1,1246,1,1,0,0,1,petrol,hatchback,manual,maruti,great,maharashtra,174899
8,55524,6940.5,1,407,1,1,0,0,1,petrol,hatchback,manual,honda,great,maharashtra,320099
6,48850,8141.666666666667,1,912,1,1,0,0,1,petrol,hatchback,automatic,volkswagen,great,maharashtra,565299
2,10564,5282.0,1,1026,1,1,0,0,1,petrol,unknown,unknown,maruti,great,maharashtra,543399
7,67087,9583.857142857143,1,756,0,1,0,0,1,petrol,hatchback,manual,volkswagen,great,maharashtra,468899
6,44065,7344.166666666667,1,1669,0,1,0,0,1,petrol,sedan,manual,honda,great,maharashtra,676099
1,15527,15527.0,1,2908,0,1,0,0,1,petrol,hatchback,manual,maruti,great,maharashtra,664599
9,46331,5147.888888888889,2,2944,1,1,0,0,1,diesel,suv,manual,maruti,great,maharashtra,593299
8,73887,9235.875,1,4267,0,1,0,0,1,diesel,luxury suv,manual,mahindra,great,maharashtra,557499
11,51993,4726.636363636364,2,324,0,1,0,0,1,petrol,hatchback,manual,hyundai,great,maharashtra,254699
6,62124,10354.0,1,910,1,1,0,0,1,petrol,hatchback,automatic,volkswagen,great,maharashtra,556999
14,75395,5385.357142857143,3,2877,1,1,0,0,1,petrol,hatchback,manual,maruti,good,maharashtra,122099
11,41175,3743.181818181818,1,553,1,1,0,0,1,petrol,hatchback,manual,hyundai,great,maharashtra,264799
11,62724,5702.181818181818,1,1492,1,1,0,0,1,petrol,hatchback,manual,volkswagen,great,maharashtra,272199
4,33346,8336.5,1,795,0,1,0,0,1,petrol,hatchback,automatic,honda,great,maharashtra,662899
10,68190,6819.0,3,1239,1,1,0,0,1,petrol,hatchback,manual,ford,great,maharashtra,199399
10,69474,6947.4,1,747,1,1,0,0,1,petrol,sedan,manual,toyota,good,maharashtra,306599
3,34875,11625.0,1,640,1,1,0,0,1,petrol & cng,hatchback,manual,maruti,great,maharashtra,506299
10,38670,3867.0,1,1455,1,1,0,0,1,petrol,hatchback,manual,ford,great,maharashtra,213599
7,64670,9238.57142857143,1,2410,0,1,0,0,1,petrol & cng,hatchback,manual,hyundai,great,maharashtra,302299
8,54675,6834.375,1,1534,0,1,0,0,1,diesel,suv,manual,maruti,great,maharashtra,576699
7,8083,1154.7142857142858,1,1117,1,1,0,0,1,petrol,hatchback,manual,hyundai,great,maharashtra,267599
8,44200,5525.0,1,1362,1,1,0,0,1,petrol,hatchback,manual,hyundai,good,maharashtra,207599
11,31320,2847.2727272727275,2,169,1,1,0,0,1,petrol,hatchback,manual,ford,good,maharashtra,209299
13,83232,6402.461538461538,2,1266,0,1,0,0,1,petrol,hatchback,manual,maruti,great,maharashtra,214899
11,65271,5933.727272727273,1,1815,1,1,1,0,1,diesel,hatchback,manual,volkswagen,great,maharashtra,271399
2,6388,3194.0,1,792,1,1,0,0,1,petrol,hatchback,unknown,hyundai,great,maharashtra,961799
6,79846,13307.666666666666,1,1524,1,1,0,0,1,petrol,suv,manual,maruti,great,maharashtra,529399
9,152460,16940.0,1,2790,0,1,0,0,1,diesel,sedan,manual,hyundai,great,maharashtra,399899
6,46166,7694.333333333333,1,1641,1,1,0,0,1,petrol,suv,manual,hyundai,great,maharashtra,831699
9,70555,7839.444444444444,1,859,1,1,0,0,1,petrol,hatchback,manual,maruti,great,maharashtra,189199
4,29397,7349.25,1,1364,1,1,0,0,1,petrol,suv,manual,maruti,great,maharashtra,726599
6,44708,7451.333333333333,1,109,1,1,0,0,1,petrol,hatchback,manual,volkswagen,great,maharashtra,525399
11,65510,5955.454545454545,2,866,1,1,0,0,1,petrol,hatchback,manual,maruti,good,maharashtra,178099
11,51583,4689.363636363636,2,284,0,1,0,0,1,petrol,hatchback,manual,maruti,good,maharashtra,248299
2,10357,5178.5,1,1879,1,1,0,0,1,petrol,suv,unknown,hyundai,great,maharashtra,1314109
5,61456,12291.2,1,1400,1,1,0,0,1,petrol,hatchback,manual,maruti,great,maharashtra,506099
8,76864,9608.0,1,677,0,1,0,0,1,petrol,hatchback,manual,maruti,great,maharashtra,215199
11,88576,8052.363636363636,2,814,1,1,0,0,1,petrol,sedan,manual,honda,great,maharashtra,352199
3,34924,11641.333333333334,1,4496,1,1,0,0,1,petrol,luxury sedan,automatic,toyota,great,maharashtra,1391980
11,63541,5776.454545454545,2,1539,0,1,0,0,1,petrol,hatchback,manual,chevrolet,good,maharashtra,138099
9,72148,8016.444444444444,2,671,1,1,0,0,1,petrol,hatchback,manual,maruti,great,maharashtra,196999
12,71582,5965.166666666667,1,702,1,1,0,0,1,petrol,hatchback,manual,maruti,good,maharashtra,170499
6,98926,16487.666666666668,1,948,0,1,0,0,1,diesel,hatchback,manual,maruti,great,maharashtra,500499
10,105448,10544.8,1,1469,1,1,0,0,1,diesel,hatchback,manual,ford,great,maharashtra,221599
11,82156,7468.727272727273,3,1867,1,1,0,0,1,petrol & cng,hatchback,manual,hyundai,good,maharashtra,251799
9,84777,9419.666666666666,1,1086,0,1,0,0,1,diesel,sedan,manual,hyundai,great,maharashtra,440299
4,22399,5599.75,1,1406,0,1,0,0,1,diesel,suv,automatic,tata,great,maharashtra,1348247
6,52094,8682.333333333334,1,2961,1,1,0,0,1,diesel,luxury suv,manual,mahindra,great,maharashtra,732299
4,13630,3407.5,1,1114,1,1,0,0,1,diesel,suv,manual,maruti,great,maharashtra,926299
2,9675,4837.5,1,1345,0,1,0,0,1,petrol,suv,unknown,ford,great,maharashtra,1040803
3,47926,15975.333333333334,1,1271,1,1,0,0,1,petrol,hatchback,manual,maruti,great,maharashtra,580699
6,110046,18341.0,1,854,0,1,0,0,1,diesel,hatchback,manual,honda,great,maharashtra,462399
4,29059,7264.75,1,989,1,1,0,0,1,diesel,suv,automatic,tata,great,maharashtra,1167760
11,94279,8570.818181818182,4,2602,1,1,0,0,1,petrol & lpg,sedan,manual,honda,great,maharashtra,284599
12,119014,9917.833333333334,3,1644,1,1,0,0,1,petrol,hatchback,manual,hyundai,great,maharashtra,175499
2,23371,11685.5,1,2336,0,1,0,0,1,diesel,suv,manual,maruti,great,maharashtra,1088576
9,104517,11613.0,1,985,0,1,0,0,1,diesel,hatchback,manual,maruti,great,maharashtra,316399
7,69438,9919.714285714286,1,411,0,1,0,0,1,petrol,hatchback,manual,maruti,great,maharashtra,330399
10,98999,9899.9,1,2545,0,1,0,0,1,petrol,hatchback,manual,volkswagen,great,maharashtra,230299
13,64065,4928.076923076923,1,2294,0,1,0,0,1,diesel,suv,manual,toyota,great,maharashtra,458199
9,95783,10642.555555555555,1,436,1,1,0,0,1,petrol,hatchback,manual,maruti,great,maharashtra,385899
8,98773,12346.625,1,2872,1,1,0,0,1,petrol,luxury suv,automatic,honda,great,maharashtra,774299
9,67024,7447.111111111111,1,1312,1,1,0,0,1,petrol & lpg,hatchback,manual,hyundai,good,maharashtra,241799
12,63388,5282.333333333333,1,1118,1,1,0,0,1,petrol,hatchback,manual,maruti,fair,maharashtra,182299
3,12039,4013.0,1,1661,1,1,0,0,1,diesel,suv,automatic,maruti,great,maharashtra,993099
8,87548,10943.5,3,666,1,1,0,0,1,petrol,hatchback,manual,hyundai,great,maharashtra,365999
6,58112,9685.333333333334,1,2269,1,1,0,0,1,diesel,luxury suv,manual,mahindra,great,maharashtra,1003099
2,48560,24280.0,1,779,1,1,0,0,1,petrol,sedan,automatic,maruti,great,maharashtra,718299
5,73264,14652.8,1,561,1,1,0,0,1,diesel,suv,manual,maruti,great,maharashtra,750999
5,77241,15448.2,1,8780,1,1,0,0,1,diesel,suv,manual,mahindra,great,maharashtra,792699
5,107578,21515.6,1,1238,1,1,0,0,1,petrol,hatchback,manual,renault,great,maharashtra,254699
7,87427,12489.57142857143,1,878,0,1,0,0,1,petrol & cng,hatchback,manual,maruti,great,maharashtra,338699
5,47802,9560.4,1,2144,1,1,0,0,1,diesel,suv,automatic,toyota,great,maharashtra,1657206
5,94775,18955.0,1,2426,1,1,0,0,1,diesel,suv,manual,hyundai,great,maharashtra,933299
8,158768,19846.0,1,2253,1,1,0,0,1,diesel,suv,manual,renault,great,maharashtra,401099
9,109285,12142.777777777777,1,122,0,1,0,0,1,diesel,hatchback,manual,maruti,great,maharashtra,336299
6,88100,14683.333333333334,2,2315,0,1,0,0,1,diesel,sedan,automatic,volkswagen,great,maharashtra,569399
5,96122,19224.4,1,902,1,1,0,0,1,diesel,sedan,manual,volkswagen,great,maharashtra,523999
8,160035,20004.375,2,2370,0,1,0,0,1,diesel,hatchback,manual,volkswagen,great,maharashtra,292299
11,74430,6766.363636363636,2,1933,1,1,0,0,1,petrol,hatchback,manual,ford,fair,maharashtra,182699
7,112959,16137.0,1,2388,1,1,0,0,1,diesel,sedan,manual,tata,great,maharashtra,368599
9,140417,15601.888888888889,1,592,1,1,0,0,1,petrol,hatchback,manual,volkswagen,great,maharashtra,331299
10,112688,11268.8,3,4800,1,1,0,0,1,diesel,luxury suv,automatic,bmw,great,maharashtra,687499
9,118882,13209.111111111111,3,634,0,1,0,0,1,petrol & lpg,hatchback,manual,hyundai,great,maharashtra,217399
9,99034,11003.777777777777,2,2799,1,1,0,0,1,diesel,luxury sedan,automatic,bmw,great,maharashtra,1177557
6,122289,20381.5,2,1492,1,1,0,0,1,petrol & cng,hatchback,manual,maruti,great,maharashtra,367299
7,113188,16169.714285714286,1,932,1,1,1,0,1,diesel,sedan,manual,honda,great,maharashtra,342199
8,178253,22281.625,2,2199,0,1,0,0,1,diesel,suv,manual,toyota,great,maharashtra,782199
7,117430,16775.714285714286,2,1333,1,1,0,0,1,diesel,sedan,manual,honda,great,maharashtra,551399
7,117914,16844.85714285714,1,710,1,1,0,0,1,petrol,hatchback,manual,maruti,great,maharashtra,404499
6,89468,14911.333333333334,1,2164,1,1,0,0,1,petrol & cng,sedan,unknown,hyundai,great,maharashtra,384899
3,94045,31348.333333333332,1,1182,1,1,0,0,1,diesel,suv,manual,maruti,great,maharashtra,825499
8,125780,15722.5,1,2684,1,1,0,0,1,diesel,luxury suv,manual,mahindra,great,maharashtra,657499
10,166437,16643.7,1,2070,1,1,0,0,1,diesel,luxury suv,automatic,bmw,great,maharashtra,759599
7,101489,14498.42857142857,2,1937,1,1,0,0,1,diesel,suv,manual,toyota,great,maharashtra,914499
6,183798,30633.0,1,2262,1,1,0,0,1,diesel,hatchback,manual,ford,great,maharashtra,247799
8,214799,26849.875,1,1736,1,1,0,0,1,diesel,hatchback,manual,hyundai,great,maharashtra,358999
6,122135,20355.833333333332,1,1593,1,1,0,0,1,petrol,sedan,manual,honda,great,maharashtra,540699
3,119308,39769.333333333336,1,932,1,1,0,0,1,diesel,suv,manual,maruti,great,maharashtra,851799
9,148836,16537.333333333332,1,1755,1,1,0,0,1,diesel,luxury sedan,automatic,bmw,great,maharashtra,1145742
5,150831,30166.2,1,11695,1,1,0,0,1,diesel,suv,manual,tata,great,maharashtra,706499
6,8143,1357.1666666666667,1,1829,1,1,1,0,1,petrol,hatchback,automatic,tata,great,maharashtra,210699
10,38373,3837.3,2,2495,1,1,1,0,1,petrol,hatchback,manual,ford,great,maharashtra,189699
6,28497,4749.5,1,688,1,1,1,0,1,petrol,hatchback,unknown,maruti,great,maharashtra,332899
7,22409,3201.285714285714,1,731,0,1,1,0,1,petrol,hatchback,manual,maruti,great,maharashtra,359899
10,46292,4629.2,2,7509,1,1,1,0,1,petrol,hatchback,manual,ford,great,maharashtra,179199
9,41385,4598.333333333333,2,2631,1,1,1,0,1,petrol,sedan,manual,maruti,great,maharashtra,361699
4,17245,4311.25,1,2720,1,1,1,0,1,petrol,hatchback,unknown,renault,great,maharashtra,320699
6,31433,5238.833333333333,1,2269,1,1,1,0,1,petrol,hatchback,automatic,volkswagen,great,maharashtra,556299
7,43814,6259.142857142857,1,2401,1,1,1,0,1,petrol,hatchback,manual,hyundai,great,maharashtra,296699
13,19373,1490.2307692307693,1,2799,1,1,1,0,1,petrol,hatchback,manual,maruti,great,maharashtra,158499
9,17736,1970.6666666666667,1,7175,0,1,1,0,1,petrol,hatchback,manual,maruti,great,maharashtra,203499
9,41017,4557.444444444444,1,3314,0,1,1,0,1,petrol,hatchback,automatic,hyundai,great,maharashtra,271299
5,18946,3789.2,1,754,1,1,1,0,1,petrol,hatchback,manual,maruti,great,maharashtra,251899
8,53085,6635.625,2,5428,1,1,1,0,1,petrol,hatchback,manual,hyundai,great,maharashtra,194399
5,9984,1996.8,1,4992,1,1,1,0,1,petrol,sedan,manual,maruti,great,maharashtra,546899
10,36258,3625.8,1,3209,1,1,1,0,1,petrol,hatchback,manual,chevrolet,good,maharashtra,156299
7,21690,3098.5714285714284,1,2185,1,1,1,0,1,petrol,hatchback,manual,volkswagen,great,maharashtra,477199
7,33942,4848.857142857143,1,3335,1,1,1,0,1,petrol,sedan,manual,honda,great,maharashtra,427599
6,46687,7781.166666666667,1,1877,1,1,1,0,1,petrol,hatchback,manual,hyundai,great,maharashtra,461199
11,56737,5157.909090909091,2,1607,0,1,1,0,1,petrol,hatchback,manual,hyundai,great,maharashtra,225699
14,14769,1054.9285714285713,1,2015,1,1,1,0,1,petrol,hatchback,manual,maruti,great,maharashtra,167499
10,44899,4489.9,1,2527,1,1,1,0,1,petrol,hatchback,manual,maruti,great,maharashtra,268799
4,27809,6952.25,1,3131,0,1,1,1,1,petrol,hatchback,manual,maruti,great,maharashtra,501199
9,32808,3645.3333333333335,1,670,1,1,1,0,1,petrol,hatchback,manual,maruti,great,maharashtra,260399
5,28106,5621.2,1,1967,1,1,1,0,1,petrol,hatchback,manual,renault,great,maharashtra,301099
6,23648,3941.3333333333335,1,919,1,1,1,0,1,petrol,hatchback,automatic,maruti,great,maharashtra,393999
3,32623,10874.333333333334,1,1819,1,1,1,0,1,petrol & cng,suv,manual,maruti,great,maharashtra,415599
6,25655,4275.833333333333,1,1715,1,1,1,0,1,petrol,hatchback,manual,hyundai,great,maharashtra,396999
7,42559,6079.857142857143,1,1587,0,1,1,0,1,petrol,hatchback,automatic,honda,great,maharashtra,382399
7,30771,4395.857142857143,1,2835,1,1,1,0,1,petrol,hatchback,manual,maruti,great,maharashtra,440499
6,18279,3046.5,1,970,1,1,1,0,1,petrol,hatchback,manual,hyundai,great,maharashtra,281499
8,40795,5099.375,1,798,0,1,1,0,1,petrol,sedan,manual,honda,great,maharashtra,384899
8,16906,2113.25,1,1357,0,1,1,0,1,petrol,hatchback,manual,maruti,great,maharashtra,435199
8,35428,4428.5,1,4842,1,1,1,0,1,petrol,hatchback,manual,toyota,great,maharashtra,327099
1,4454,4454.0,1,1407,1,1,1,0,1,petrol,unknown,unknown,mg,great,maharashtra,1714199
2,2082,1041.0,1,1360,1,1,1,0,1,petrol,hatchback,unknown,renault,great,maharashtra,409099
4,17868,4467.0,1,1456,1,1,1,0,1,petrol,sedan,automatic,maruti,great,maharashtra,623199
11,29196,2654.181818181818,1,1444,0,1,1,0,1,petrol,hatchback,manual,hyundai,great,maharashtra,237399
3,12433,4144.333333333333,1,797,1,1,1,0,1,petrol,hatchback,manual,hyundai,great,maharashtra,491099
6,10945,1824.1666666666667,1,1803,1,1,1,0,1,petrol,hatchback,manual,hyundai,great,maharashtra,426999
4,30191,7547.75,1,2631,0,1,1,0,1,petrol,hatchback,manual,renault,great,maharashtra,290799
6,46917,7819.5,1,1475,1,1,1,0,1,petrol,hatchback,manual,hyundai,great,maharashtra,406099
9,66511,7390.111111111111,1,2030,1,1,1,0,1,petrol,sedan,manual,honda,great,maharashtra,408099
2,17397,8698.5,1,1404,1,1,1,0,1,petrol & cng,suv,manual,maruti,great,maharashtra,459599
9,55072,6119.111111111111,3,1404,1,1,1,0,1,petrol,hatchback,manual,maruti,great,maharashtra,185399
6,37423,6237.166666666667,1,1172,1,1,1,0,1,diesel,hatchback,manual,hyundai,great,maharashtra,592799
11,50769,4615.363636363636,1,1342,0,1,1,0,1,petrol,hatchback,manual,maruti,great,maharashtra,236199
5,38170,7634.0,1,944,1,1,1,0,1,petrol,hatchback,manual,hyundai,great,maharashtra,591299
9,61365,6818.333333333333,2,2394,1,1,1,0,1,diesel,hatchback,manual,maruti,great,maharashtra,333899
11,61317,5574.272727272727,1,2055,0,1,1,0,1,petrol,sedan,automatic,maruti,great,maharashtra,253499
7,48809,6972.714285714285,1,1071,0,1,1,0,1,petrol,hatchback,manual,volkswagen,great,maharashtra,469499
7,40273,5753.285714285715,1,609,1,1,1,0,1,petrol,luxury sedan,automatic,hyundai,great,maharashtra,643199
11,43167,3924.2727272727275,2,1487,1,1,1,0,1,petrol,hatchback,manual,hyundai,great,maharashtra,281899
4,36324,9081.0,1,1685,0,1,1,0,1,petrol,hatchback,manual,hyundai,great,maharashtra,577399
10,63042,6304.2,1,935,1,1,1,0,1,petrol,hatchback,manual,ford,great,maharashtra,224299
6,50258,8376.333333333334,1,2504,0,1,1,0,1,petrol,sedan,automatic,volkswagen,great,maharashtra,498799
7,61591,8798.714285714286,1,2286,1,1,1,0,1,petrol & cng,hatchback,manual,maruti,great,maharashtra,332499
13,36244,2788.0,1,1490,1,1,1,0,1,petrol,sedan,manual,maruti,great,maharashtra,236899
11,33011,3001.0,1,1817,1,1,1,0,1,petrol,hatchback,manual,maruti,great,maharashtra,169099
9,52892,5876.888888888889,1,2434,1,1,1,0,1,petrol,luxury sedan,automatic,skoda,great,maharashtra,464799
2,8333,4166.5,1,1196,1,1,1,0,1,petrol,hatchback,automatic,maruti,great,maharashtra,644899
7,68235,9747.857142857143,1,1050,1,1,1,0,1,diesel,suv,manual,renault,great,maharashtra,504899
11,62075,5643.181818181818,2,849,0,1,1,0,1,petrol,hatchback,manual,maruti,great,maharashtra,244499
11,74934,6812.181818181818,1,19572,1,1,1,0,1,petrol,hatchback,manual,hyundai,great,maharashtra,232799
6,58082,9680.333333333334,2,2192,1,1,1,0,1,petrol,suv,manual,renault,great,maharashtra,393299
9,58547,6505.222222222223,1,1016,0,1,1,0,1,petrol,suv,manual,maruti,great,maharashtra,515899
2,24435,12217.5,1,1817,1,1,1,0,1,diesel,suv,manual,maruti,great,maharashtra,836099
9,73750,8194.444444444445,1,815,1,1,1,0,1,petrol,hatchback,manual,maruti,great,maharashtra,268699
9,74247,8249.666666666666,1,2452,1,1,1,0,1,petrol,sedan,unknown,honda,great,maharashtra,365199
13,55766,4289.692307692308,3,3221,0,1,1,0,1,petrol,hatchback,manual,hyundai,great,maharashtra,136699
7,68868,9838.285714285714,1,855,1,1,1,0,1,petrol,hatchback,manual,hyundai,great,maharashtra,377899
3,7349,2449.6666666666665,1,1401,1,1,1,0,1,petrol,sedan,manual,honda,great,maharashtra,860199
14,94357,6739.785714285715,1,1901,1,1,1,0,1,petrol,hatchback,manual,maruti,great,maharashtra,157699
11,84008,7637.090909090909,2,2484,0,1,1,0,1,diesel,sedan,manual,maruti,great,maharashtra,283699
11,83421,7583.727272727273,2,10502,1,1,0,0,1,petrol,hatchback,manual,maruti,great,maharashtra,117399
11,98169,8924.454545454546,1,2638,0,1,1,0,1,petrol,hatchback,manual,hyundai,great,maharashtra,144399
9,71493,7943.666666666667,1,598,1,1,1,0,1,petrol,hatchback,manual,honda,great,maharashtra,259899
8,74078,9259.75,1,2774,1,1,1,0,1,diesel,sedan,manual,volkswagen,great,maharashtra,332299
10,76746,7674.6,1,2435,1,1,1,0,1,petrol,hatchback,manual,hyundai,great,maharashtra,209399
6,79847,13307.833333333334,1,2088,1,1,1,0,1,petrol & cng,hatchback,manual,maruti,great,maharashtra,364699
2,5861,2930.5,1,2207,1,1,1,0,1,diesel,suv,manual,maruti,great,maharashtra,1023431
6,61564,10260.666666666666,2,2322,1,1,1,0,1,diesel,sedan,automatic,volkswagen,great,maharashtra,450699
6,58242,9707.0,1,4270,0,1,1,0,1,diesel,suv,manual,mahindra,great,maharashtra,830399
3,36360,12120.0,1,1772,1,1,1,0,1,petrol,sedan,unknown,volkswagen,great,maharashtra,501499
8,68815,8601.875,1,2095,1,1,1,0,1,diesel,hatchback,manual,maruti,great,maharashtra,396299
8,68315,8539.375,2,1279,1,1,1,0,1,petrol & cng,hatchback,manual,maruti,great,maharashtra,307999
5,56769,11353.8,2,1522,1,1,1,0,1,petrol,hatchback,manual,volkswagen,great,maharashtra,481899
10,89227,8922.7,2,1675,1,1,1,0,1,petrol,sedan,manual,honda,great,maharashtra,295299
6,78700,13116.666666666666,1,2036,1,1,1,0,1,diesel,sedan,automatic,volkswagen,great,maharashtra,543699
3,23718,7906.0,2,2386,1,1,1,0,1,diesel,sedan,unknown,hyundai,great,maharashtra,944099
11,105813,9619.363636363636,1,1750,1,1,1,0,1,petrol,sedan,manual,honda,great,maharashtra,374699
2,21245,10622.5,1,1502,1,1,1,0,1,petrol,hatchback,automatic,maruti,great,maharashtra,695699
9,73055,8117.222222222223,1,2757,1,1,1,0,1,petrol,hatchback,manual,ford,good,maharashtra,195899
8,68804,8600.5,1,1135,1,1,1,0,1,petrol,hatchback,manual,maruti,great,maharashtra,272399
13,121046,9311.23076923077,1,1495,0,1,1,0,1,petrol,hatchback,manual,hyundai,great,maharashtra,159499
13,80322,6178.615384615385,1,1568,1,1,1,0,1,petrol & lpg,hatchback,manual,maruti,good,maharashtra,168799
6,99222,16537.0,2,1240,1,1,1,0,1,diesel,hatchback,manual,maruti,great,maharashtra,480599
11,97436,8857.818181818182,1,2030,1,1,1,0,0,diesel,sedan,manual,maruti,great,maharashtra,265099
2,16641,8320.5,1,474,1,1,1,0,1,diesel,sedan,automatic,volkswagen,good,maharashtra,818599
7,93843,13406.142857142857,1,1086,1,1,1,0,1,petrol & cng,hatchback,manual,maruti,great,maharashtra,337199
4,64712,16178.0,2,4928,1,1,1,0,1,diesel,suv,manual,toyota,great,maharashtra,1349661
3,42958,14319.333333333334,3,1091,1,1,1,0,1,petrol & cng,suv,manual,maruti,great,maharashtra,369299
2,23448,11724.0,1,1690,0,1,1,0,1,petrol,suv,unknown,maruti,great,maharashtra,926999
9,98558,10950.888888888889,1,1029,1,1,1,0,1,diesel,hatchback,manual,maruti,great,maharashtra,414199
11,120208,10928.0,1,777,1,1,1,0,1,petrol,sedan,manual,maruti,good,maharashtra,237199
5,80638,16127.6,1,2274,1,1,1,0,1,diesel,sedan,automatic,skoda,great,maharashtra,619499
10,121729,12172.9,1,1566,0,1,1,0,1,diesel,hatchback,manual,ford,great,maharashtra,262999
8,133774,16721.75,1,697,1,1,1,0,1,petrol & cng,hatchback,manual,maruti,great,maharashtra,231699
5,93031,18606.2,1,2405,1,1,1,0,1,diesel,sedan,manual,honda,great,maharashtra,660999
8,98976,12372.0,1,1288,1,1,1,0,1,petrol & cng,hatchback,manual,maruti,great,maharashtra,206399
8,96735,12091.875,2,1068,1,1,1,0,1,petrol,hatchback,manual,maruti,great,maharashtra,225399
9,136965,15218.333333333334,1,911,1,1,1,0,1,diesel,hatchback,manual,maruti,great,maharashtra,325199
7,94937,13562.42857142857,3,2123,1,1,1,0,1,petrol & cng,hatchback,manual,maruti,great,maharashtra,239999
11,116872,10624.727272727272,2,1433,1,1,1,0,1,petrol,hatchback,manual,maruti,great,maharashtra,274899
10,112947,11294.7,1,3702,1,1,1,0,1,petrol & cng,hatchback,manual,ford,good,maharashtra,185599
7,106640,15234.285714285714,1,1180,1,1,1,0,1,diesel,hatchback,manual,volkswagen,great,maharashtra,408899
9,104456,11606.222222222223,2,1423,1,1,1,0,1,petrol,suv,manual,maruti,great,maharashtra,474599
9,118302,13144.666666666666,1,1570,1,1,1,0,1,diesel,sedan,manual,maruti,great,maharashtra,383899
12,106257,8854.75,1,535,1,1,1,0,1,petrol,hatchback,manual,hyundai,good,maharashtra,230399
4,98968,24742.0,1,1041,1,1,1,0,1,diesel,suv,automatic,toyota,great,maharashtra,1527320
6,112267,18711.166666666668,1,1449,1,1,1,0,1,diesel,sedan,manual,maruti,great,maharashtra,531799
9,127255,14139.444444444445,1,1237,0,1,1,0,1,petrol & cng,hatchback,manual,hyundai,great,maharashtra,300999
11,79649,7240.818181818182,1,1343,1,1,1,0,1,diesel,suv,manual,toyota,good,maharashtra,576699
6,131237,21872.833333333332,1,2080,1,1,1,0,1,petrol & cng,suv,manual,maruti,great,maharashtra,305399
11,203118,18465.272727272728,1,3805,1,1,1,0,1,petrol & cng,sedan,manual,honda,great,maharashtra,262399
6,142015,23669.166666666668,1,1234,1,1,1,0,1,petrol,sedan,manual,maruti,great,maharashtra,493099
7,125340,17905.714285714286,2,1113,0,1,1,0,1,diesel,suv,manual,ford,great,maharashtra,511299
8,121461,15182.625,1,981,1,1,1,0,1,petrol & cng,hatchback,manual,maruti,great,maharashtra,278399
11,225134,20466.727272727272,2,764,1,1,1,0,1,diesel,suv,manual,toyota,great,maharashtra,467399
5,111428,22285.6,1,1566,0,1,1,0,1,diesel,hatchback,unknown,toyota,great,maharashtra,461399
11,147362,13396.545454545454,3,472,1,1,1,0,1,diesel,hatchback,manual,maruti,great,maharashtra,290699
5,141825,28365.0,1,1952,1,1,1,0,1,diesel,suv,manual,mahindra,great,maharashtra,349599
4,73309,18327.25,1,1926,1,1,1,0,1,petrol,luxury suv,automatic,jeep,great,maharashtra,1135945
6,98975,16495.833333333332,1,2110,1,1,1,0,1,diesel,sedan,automatic,volkswagen,great,maharashtra,853999
10,18090,1809.0,1,1715,1,1,1,0,1,petrol,sedan,manual,volkswagen,great,maharashtra,319299
6,13193,2198.8333333333335,1,1086,1,1,1,0,1,petrol,hatchback,automatic,tata,great,maharashtra,214099
5,12486,2497.2,2,1768,1,1,1,0,1,petrol,hatchback,automatic,tata,great,maharashtra,214499
10,23524,2352.4,1,3707,1,1,1,0,1,petrol,hatchback,manual,volkswagen,great,maharashtra,264899
4,10769,2692.25,1,697,1,1,1,0,1,petrol,hatchback,automatic,maruti,great,maharashtra,461799
7,23661,3380.1428571428573,1,1085,1,1,1,0,1,petrol,hatchback,manual,hyundai,great,maharashtra,507699
7,27388,3912.5714285714284,1,2024,1,1,1,0,1,diesel,hatchback,manual,maruti,great,maharashtra,539899
9,66741,7415.666666666667,2,5989,1,1,1,0,1,petrol,hatchback,manual,chevrolet,good,maharashtra,136299
9,40174,4463.777777777777,1,2051,1,1,1,0,1,diesel,sedan,manual,hyundai,great,maharashtra,420199
10,19762,1976.2,1,2264,1,1,1,0,1,petrol,sedan,manual,volkswagen,great,maharashtra,290499
11,35736,3248.7272727272725,3,1107,1,1,1,0,1,petrol & cng,hatchback,manual,maruti,good,maharashtra,227599
3,61814,20604.666666666668,1,1903,1,1,1,0,1,petrol & cng,unknown,unknown,maruti,great,maharashtra,264699
3,4927,1642.3333333333333,2,2388,1,1,1,0,1,petrol,hatchback,automatic,renault,great,maharashtra,354899
7,3447,492.42857142857144,1,1031,0,1,1,0,1,petrol,hatchback,manual,maruti,great,maharashtra,262399
9,49052,5450.222222222223,1,1419,1,1,1,0,1,petrol,hatchback,manual,chevrolet,good,maharashtra,171699
5,39297,7859.4,1,943,1,1,1,0,1,petrol,hatchback,manual,tata,great,maharashtra,349699
8,25341,3167.625,1,1921,1,1,1,0,1,petrol,hatchback,manual,hyundai,great,maharashtra,358199
4,22195,5548.75,1,1432,1,1,1,0,1,petrol,hatchback,manual,datsun,great,maharashtra,349699
11,38490,3499.090909090909,1,878,0,1,1,0,1,petrol,hatchback,manual,maruti,great,maharashtra,207199
6,25274,4212.333333333333,1,2462,1,1,1,0,1,petrol,sedan,manual,hyundai,great,maharashtra,541899
4,24830,6207.5,1,2619,1,1,1,0,1,petrol,hatchback,manual,tata,great,maharashtra,387799
7,26644,3806.285714285714,3,1298,1,1,1,0,1,petrol,hatchback,manual,hyundai,great,maharashtra,202499
5,37308,7461.6,1,3407,1,1,1,0,1,petrol,suv,manual,mahindra,great,maharashtra,318899
8,50116,6264.5,1,2272,1,1,1,0,1,petrol,hatchback,manual,ford,great,maharashtra,259699
3,21940,7313.333333333333,1,1886,1,1,1,0,1,petrol & cng,hatchback,manual,maruti,great,maharashtra,435699
4,21284,5321.0,1,4220,1,1,1,0,1,petrol & cng,sedan,manual,tata,great,maharashtra,501099
5,35646,7129.2,1,1345,1,1,1,0,1,petrol,hatchback,manual,maruti,great,maharashtra,358999
11,35867,3260.6363636363635,1,1043,1,1,1,0,1,petrol,sedan,manual,maruti,good,maharashtra,258399
5,37910,7582.0,2,3414,0,1,1,0,1,petrol,suv,manual,nissan,great,maharashtra,449499
11,41363,3760.2727272727275,2,3867,1,1,1,0,1,petrol,hatchback,manual,volkswagen,great,maharashtra,231499
9,58032,6448.0,2,725,1,1,1,0,1,petrol,sedan,automatic,hyundai,great,maharashtra,366199
3,30965,10321.666666666666,1,633,1,1,1,0,1,petrol & cng,suv,manual,maruti,great,maharashtra,445499
5,32972,6594.4,1,1800,1,1,1,0,1,petrol,sedan,manual,honda,great,maharashtra,674199
7,54154,7736.285714285715,1,989,1,1,1,0,1,petrol,hatchback,manual,volkswagen,great,maharashtra,459199
7,51787,7398.142857142857,1,1136,1,1,1,0,1,diesel,sedan,manual,maruti,great,maharashtra,574899
10,60972,6097.2,1,1122,1,1,1,0,1,petrol,hatchback,manual,maruti,great,maharashtra,200999
3,10712,3570.6666666666665,1,2835,1,1,1,0,1,diesel,sedan,manual,ford,great,maharashtra,610299
4,22564,5641.0,1,1287,1,1,1,0,1,petrol,hatchback,manual,hyundai,great,maharashtra,656099
4,19240,4810.0,1,1846,1,1,1,0,1,petrol,suv,manual,ford,great,maharashtra,730399
8,57244,7155.5,1,1946,1,1,1,0,1,diesel,suv,manual,renault,great,maharashtra,482799
3,27390,9130.0,1,1090,0,1,1,0,1,petrol & cng,suv,manual,maruti,great,maharashtra,429599
12,13431,1119.25,2,2596,1,1,1,0,1,petrol & cng,hatchback,manual,maruti,good,maharashtra,152199
10,60559,6055.9,1,1675,1,1,1,0,1,petrol,sedan,manual,hyundai,good,maharashtra,353699
10,72199,7219.9,1,1482,1,1,1,0,1,diesel,sedan,manual,volkswagen,great,maharashtra,312599
7,63950,9135.714285714286,1,521,1,1,1,0,1,petrol,sedan,manual,hyundai,great,maharashtra,399599
8,52867,6608.375,1,1616,1,1,1,0,1,petrol,hatchback,manual,hyundai,good,maharashtra,211399
2,14800,7400.0,1,2102,1,1,1,0,1,diesel,hatchback,manual,maruti,great,maharashtra,711099
3,13448,4482.666666666667,1,2859,1,1,1,0,1,diesel,luxury suv,unknown,mahindra,great,maharashtra,1209799
10,71303,7130.3,3,2160,1,1,1,0,1,petrol,sedan,manual,hyundai,good,maharashtra,276899
10,64228,6422.8,1,353,1,1,1,0,1,petrol,hatchback,manual,volkswagen,good,maharashtra,345499
5,65566,13113.2,1,841,1,1,1,0,1,petrol,sedan,manual,honda,great,maharashtra,671699
10,72110,7211.0,1,3514,0,1,1,0,1,petrol & cng,hatchback,manual,chevrolet,good,maharashtra,124199
10,79899,7989.9,2,373,1,1,1,0,1,petrol,hatchback,manual,hyundai,great,maharashtra,255399
2,16449,8224.5,1,1058,1,1,1,0,1,diesel,hatchback,manual,maruti,great,maharashtra,726099
11,56964,5178.545454545455,1,2820,1,1,1,0,1,petrol,hatchback,manual,chevrolet,good,maharashtra,150499
6,51812,8635.333333333334,1,1144,1,1,1,0,1,petrol,hatchback,manual,datsun,good,maharashtra,259599
5,51764,10352.8,2,1904,1,1,1,0,1,diesel,suv,manual,renault,great,maharashtra,528499
10,85190,8519.0,1,2051,1,1,1,0,1,petrol,sedan,manual,volkswagen,great,maharashtra,245699
9,94474,10497.111111111111,2,1725,1,1,1,0,1,diesel,sedan,manual,volkswagen,great,maharashtra,326599
13,84807,6523.615384615385,5,1760,1,1,1,0,1,petrol,sedan,automatic,honda,good,maharashtra,174999
9,68574,7619.333333333333,1,1697,1,1,1,0,1,petrol,sedan,manual,hyundai,good,maharashtra,394099
7,85514,12216.285714285714,1,893,1,1,1,0,1,petrol,sedan,automatic,honda,great,maharashtra,614999
3,35902,11967.333333333334,1,2397,1,1,1,0,1,diesel,suv,manual,ford,great,maharashtra,866899
6,73412,12235.333333333334,2,2823,1,1,1,0,1,diesel,luxury sedan,manual,mercedes benz,great,maharashtra,1749999
10,123354,12335.4,1,1607,1,1,1,0,1,diesel,sedan,manual,maruti,great,maharashtra,311099
6,68894,11482.333333333334,1,1261,1,1,1,0,1,petrol,hatchback,manual,renault,great,maharashtra,232499
7,94590,13512.857142857143,1,1830,1,1,1,0,1,diesel,suv,manual,nissan,great,maharashtra,474899
12,101849,8487.416666666666,1,975,0,1,1,0,1,diesel,suv,manual,toyota,great,maharashtra,571399
6,101238,16873.0,1,1432,0,1,1,0,1,diesel,hatchback,manual,hyundai,great,maharashtra,536099
10,129732,12973.2,1,1665,1,1,1,0,1,petrol,sedan,automatic,honda,great,maharashtra,411699
6,115447,19241.166666666668,1,2175,1,1,1,0,1,petrol & cng,hatchback,manual,maruti,good,maharashtra,264099
7,66161,9451.57142857143,3,1753,1,1,1,0,1,petrol,sedan,unknown,hyundai,good,maharashtra,395199
7,88309,12615.57142857143,1,1619,0,1,1,0,1,diesel,sedan,manual,honda,great,maharashtra,383599
7,91736,13105.142857142857,1,505,1,1,1,0,1,diesel,suv,manual,renault,great,maharashtra,554099
8,148048,18506.0,2,410,1,1,1,0,1,petrol & cng,suv,manual,maruti,great,maharashtra,249799
10,94896,9489.6,1,1851,1,1,1,0,1,petrol & cng,hatchback,manual,ford,good,maharashtra,213499
7,120733,17247.571428571428,1,1086,1,1,1,0,1,diesel,sedan,manual,volkswagen,great,maharashtra,492299
7,154655,22093.571428571428,1,1646,1,1,1,0,1,diesel,hatchback,manual,hyundai,great,maharashtra,438399
6,158343,26390.5,1,1479,0,1,1,0,1,diesel,sedan,manual,skoda,great,maharashtra,433499
7,67622,9660.285714285714,2,1506,0,0,0,0,1,diesel,luxury suv,automatic,toyota,great,maharashtra,1600000
10,110000,11000.0,2,257,0,0,0,0,1,petrol,unknown,unknown,skoda,good,unknown,300000
21,116945,5568.809523809524,3,788,0,0,0,0,0,petrol & cng,hatchback,manual,maruti,overpriced,maharashtra,37000
11,106857,9714.272727272728,1,310,0,0,0,0,1,petrol,hatchback,manual,maruti,overpriced,maharashtra,155000
5,10742,2148.4,1,245,0,0,0,0,1,petrol,hatchback,automatic,maruti,good,maharashtra,379000
5,31900,6380.0,1,281,0,0,0,0,1,petrol,sedan,manual,honda,good,maharashtra,819000
7,30110,4301.428571428572,2,160,0,0,0,0,1,petrol,sedan,manual,hyundai,good,maharashtra,360000
14,72497,5178.357142857143,2,1095,0,0,0,0,0,petrol,sedan,manual,maruti,good,maharashtra,99000
8,69600,8700.0,2,854,1,0,0,0,1,petrol & cng,hatchback,manual,maruti,great,maharashtra,250000
12,132358,11029.833333333334,3,414,1,0,0,0,1,diesel,luxury sedan,manual,chevrolet,overpriced,maharashtra,331000
8,74150,9268.75,1,135,1,0,0,0,1,diesel,hatchback,manual,hyundai,great,maharashtra,400000
18,76789,4266.055555555556,2,597,1,0,0,0,1,diesel,suv,manual,tata,overpriced,maharashtra,150000
14,135310,9665.0,2,141,1,0,0,0,1,diesel,suv,manual,toyota,overpriced,maharashtra,520000
6,9879,1646.5,1,189,1,0,0,1,1,petrol,sedan,manual,hyundai,fair,maharashtra,550000
7,112307,16043.857142857143,2,179,1,0,0,0,1,diesel,sedan,manual,maruti,fair,maharashtra,400000
14,157216,11229.714285714286,2,312,0,0,0,0,1,diesel,luxury sedan,manual,mercedes benz,fair,maharashtra,493000
14,130126,9294.714285714286,2,210,1,0,0,0,1,petrol,unknown,unknown,audi,overpriced,maharashtra,800000
8,91697,11462.125,2,456,1,0,0,0,1,diesel,sedan,manual,hyundai,good,maharashtra,450000
9,98314,10923.777777777777,1,226,1,0,0,0,1,petrol,sedan,manual,honda,overpriced,chhattisgarh,400000
7,101853,14550.42857142857,3,20,0,0,0,0,1,diesel,hatchback,manual,hyundai,fair,maharashtra,400000
21,83603,3981.095238095238,2,280,0,0,0,0,0,petrol,hatchback,manual,hyundai,overpriced,maharashtra,34000
16,96256,6016.0,3,456,0,0,0,0,0,petrol,sedan,manual,ford,overpriced,maharashtra,50000
7,65166,9309.42857142857,1,916,0,0,0,0,1,petrol & cng,hatchback,manual,maruti,great,maharashtra,300000
3,9810,3270.0,1,819,0,0,0,0,1,petrol,hatchback,automatic,maruti,great,maharashtra,600000
6,98294,16382.333333333334,2,111,0,0,0,0,1,diesel,sedan,manual,maruti,great,maharashtra,720000
10,51671,5167.1,1,1980,0,0,0,0,1,diesel,suv,manual,mahindra,great,maharashtra,425000
11,34854,3168.5454545454545,1,16577,1,1,0,0,1,petrol,hatchback,manual,maruti,great,telangana,182999
8,39541,4942.625,2,6602,1,1,0,1,1,petrol,hatchback,manual,maruti,great,telangana,328599
6,34481,5746.833333333333,1,6909,1,1,0,0,1,petrol,hatchback,manual,maruti,great,telangana,346899
10,46592,4659.2,1,3068,1,1,0,0,1,petrol,hatchback,manual,maruti,great,andhra pradesh,415899
10,23837,2383.7,1,289,1,1,0,0,1,petrol,hatchback,manual,maruti,great,telangana,242099
10,41925,4192.5,1,4856,1,1,0,0,1,petrol & lpg,hatchback,manual,hyundai,great,telangana,269299
7,40187,5741.0,2,2755,1,1,0,0,1,petrol,hatchback,manual,maruti,great,telangana,281099
4,19279,4819.75,1,3729,1,1,0,0,1,petrol,hatchback,manual,maruti,great,telangana,362999
5,20411,4082.2,1,4882,1,1,1,0,1,petrol,hatchback,manual,maruti,great,telangana,545599
11,5383,489.3636363636364,1,2690,1,1,0,0,1,petrol,hatchback,automatic,hyundai,great,telangana,409299
4,19944,4986.0,1,3495,1,1,0,0,1,petrol,hatchback,unknown,renault,great,telangana,412499
2,8294,4147.0,1,1473,1,1,0,0,1,petrol,suv,manual,maruti,great,telangana,414099
9,38856,4317.333333333333,1,5581,1,1,0,0,1,diesel,hatchback,manual,hyundai,great,telangana,411499
9,46828,5203.111111111111,2,846,1,1,0,0,1,petrol,hatchback,manual,maruti,great,telangana,330899
9,30692,3410.222222222222,1,2591,1,1,0,0,1,petrol,hatchback,manual,hyundai,great,telangana,291599
2,8647,4323.5,1,2068,1,1,0,0,1,petrol,suv,manual,maruti,great,telangana,452899
1,17082,17082.0,1,2082,1,1,0,0,1,petrol,suv,manual,maruti,great,telangana,417099
7,35103,5014.714285714285,1,2421,1,1,0,0,1,petrol,sedan,manual,maruti,great,telangana,498699
8,55302,6912.75,1,554,1,1,0,0,1,petrol,hatchback,manual,hyundai,great,telangana,364999
9,51853,5761.444444444444,1,5809,1,1,0,0,1,petrol,hatchback,manual,hyundai,great,telangana,396499
9,56900,6322.222222222223,1,2858,1,1,0,0,1,petrol,hatchback,manual,hyundai,great,telangana,318099
3,7885,2628.3333333333335,1,1724,1,1,0,0,1,petrol,hatchback,manual,maruti,great,andhra pradesh,344199
8,4264,533.0,1,2068,1,1,0,0,1,petrol,hatchback,manual,maruti,great,telangana,277499
8,33274,4159.25,1,1047,1,1,0,0,1,petrol,hatchback,manual,maruti,great,telangana,274499
8,35377,4422.125,1,901,1,1,0,0,1,petrol,hatchback,manual,hyundai,great,telangana,383199
3,16208,5402.666666666667,1,1482,1,1,0,0,1,petrol,hatchback,manual,maruti,great,telangana,331499
6,15516,2586.0,1,7209,1,1,0,0,1,petrol,sedan,manual,maruti,great,telangana,562199
9,29160,3240.0,1,1350,1,1,0,0,1,petrol,hatchback,manual,maruti,good,telangana,261299
6,22377,3729.5,1,1394,1,1,0,0,1,petrol,hatchback,manual,hyundai,great,telangana,314399
10,31119,3111.9,1,425,1,1,0,0,1,petrol,hatchback,manual,maruti,great,telangana,243699
10,55981,5598.1,1,2189,1,1,0,0,1,petrol,hatchback,manual,maruti,great,telangana,293199
5,40924,8184.8,1,7606,1,1,1,0,1,petrol,hatchback,manual,ford,great,telangana,398999
12,27034,2252.8333333333335,1,2040,1,1,0,0,1,petrol,hatchback,manual,hyundai,great,telangana,274299
11,34430,3130.0,1,1258,1,1,0,0,1,petrol,hatchback,manual,hyundai,great,telangana,313199
7,41913,5987.571428571428,1,612,1,1,0,0,1,petrol,hatchback,manual,maruti,great,telangana,381999
5,40681,8136.2,1,6002,1,1,0,0,1,petrol,hatchback,manual,hyundai,great,telangana,276799
9,53847,5983.0,1,4939,1,1,0,0,1,petrol,hatchback,manual,hyundai,great,telangana,370699
3,13379,4459.666666666667,1,3831,1,1,0,0,1,petrol,hatchback,manual,datsun,great,telangana,319999
4,27927,6981.75,2,586,1,1,0,0,1,petrol,hatchback,manual,maruti,great,telangana,315899
4,17406,4351.5,1,1220,0,1,0,0,1,petrol,hatchback,unknown,hyundai,great,telangana,582899
2,43074,21537.0,2,4464,1,1,0,0,1,diesel,hatchback,manual,maruti,great,telangana,679899
13,83568,6428.307692307692,2,1402,1,1,0,0,1,petrol,hatchback,manual,hyundai,great,telangana,230899
7,46445,6635.0,2,2666,1,1,0,1,1,petrol,hatchback,unknown,maruti,great,telangana,280599
8,45460,5682.5,2,787,1,1,0,0,1,petrol,hatchback,manual,maruti,great,telangana,330899
9,44883,4987.0,1,751,1,1,0,0,1,petrol,hatchback,manual,hyundai,great,telangana,335999
7,43615,6230.714285714285,1,1953,1,1,0,0,1,petrol,hatchback,manual,maruti,great,telangana,256999
10,56816,5681.6,1,1101,0,1,0,0,1,petrol,hatchback,manual,maruti,good,telangana,227799
6,38472,6412.0,1,2067,0,1,0,0,1,petrol,hatchback,manual,maruti,great,telangana,276299
10,54368,5436.8,1,1289,1,1,0,0,1,petrol & lpg,hatchback,manual,hyundai,great,telangana,264799
8,57525,7190.625,1,1134,1,1,0,0,1,petrol,hatchback,manual,maruti,great,telangana,245399
6,47164,7860.666666666667,1,1593,1,1,0,0,1,petrol,hatchback,manual,hyundai,great,telangana,390899
6,25048,4174.666666666667,2,680,1,1,0,0,1,petrol,hatchback,manual,maruti,good,telangana,306199
8,42131,5266.375,1,772,1,1,0,0,1,petrol,hatchback,manual,maruti,great,telangana,268199
6,48243,8040.5,1,1200,1,1,0,0,1,petrol,hatchback,manual,maruti,great,telangana,370699
8,40362,5045.25,2,1395,1,1,0,0,1,petrol,hatchback,manual,honda,good,telangana,391999
5,60866,12173.2,1,1381,0,1,0,0,1,petrol,hatchback,unknown,maruti,great,telangana,320299
8,59918,7489.75,2,1394,1,1,0,0,1,petrol,hatchback,manual,hyundai,great,telangana,252399
5,54919,10983.8,1,2349,1,1,0,0,1,petrol,suv,manual,maruti,great,telangana,317599
12,50156,4179.666666666667,2,5831,1,1,0,0,1,petrol,hatchback,manual,hyundai,great,telangana,172799
6,43028,7171.333333333333,2,1521,1,1,0,0,1,petrol,hatchback,manual,maruti,great,telangana,399799
8,57200,7150.0,1,576,1,1,0,0,1,petrol,hatchback,manual,hyundai,great,telangana,363399
12,31094,2591.1666666666665,1,1168,1,1,0,0,1,petrol,hatchback,manual,hyundai,great,telangana,220099
8,58065,7258.125,2,1372,1,1,0,0,1,petrol,sedan,manual,maruti,great,telangana,453699
10,57568,5756.8,2,606,1,1,0,0,1,petrol,hatchback,manual,hyundai,great,telangana,320499
3,67311,22437.0,1,5985,1,1,0,0,1,petrol,hatchback,manual,tata,great,andhra pradesh,422499
4,23663,5915.75,2,1415,1,1,0,0,1,petrol,hatchback,manual,hyundai,great,telangana,473799
4,29422,7355.5,1,451,1,1,0,0,1,petrol,hatchback,manual,hyundai,great,telangana,359699
8,50151,6268.875,1,2826,1,1,0,0,1,diesel,hatchback,manual,nissan,great,telangana,311999
4,33399,8349.75,1,2187,1,1,0,0,1,petrol,sedan,manual,maruti,great,telangana,630099
4,37328,9332.0,1,1499,1,1,0,0,1,petrol,hatchback,manual,maruti,great,telangana,312099
4,7861,1965.25,1,2127,1,1,0,0,1,petrol,hatchback,manual,maruti,great,telangana,701599
13,41859,3219.923076923077,1,1326,1,1,0,0,1,petrol,hatchback,manual,hyundai,great,telangana,198199
5,43630,8726.0,2,2512,1,1,0,0,1,diesel,hatchback,manual,maruti,great,telangana,543399
11,63438,5767.090909090909,1,2688,1,1,0,0,1,petrol,hatchback,manual,maruti,great,telangana,197599
10,67624,6762.4,2,3364,1,1,0,0,1,petrol,sedan,manual,honda,great,telangana,407199
5,22594,4518.8,1,2316,1,1,0,0,1,petrol,hatchback,manual,maruti,great,telangana,630199
11,80996,7363.272727272727,2,1962,1,1,0,0,1,petrol,hatchback,manual,maruti,great,telangana,209799
14,38392,2742.285714285714,1,336,1,1,0,0,1,petrol,hatchback,manual,hyundai,good,telangana,210699
9,36870,4096.666666666667,2,393,1,1,0,0,1,petrol,hatchback,manual,maruti,good,telangana,265799
9,63082,7009.111111111111,1,760,1,1,0,0,1,petrol,hatchback,manual,maruti,great,telangana,244199
4,69319,17329.75,1,883,1,1,0,0,1,petrol,hatchback,manual,hyundai,great,telangana,318599
10,85435,8543.5,1,1735,1,1,0,0,1,petrol & cng,hatchback,manual,maruti,great,telangana,269499
4,84937,21234.25,1,660,1,1,0,0,1,petrol,hatchback,manual,maruti,great,telangana,323899
2,24740,12370.0,2,1419,1,1,0,0,1,petrol,hatchback,manual,maruti,great,telangana,311299
3,40615,13538.333333333334,1,917,1,1,0,0,1,diesel,sedan,manual,maruti,great,telangana,768099
6,23738,3956.3333333333335,2,905,1,1,0,0,1,petrol,hatchback,automatic,hyundai,good,telangana,519099
11,71355,6486.818181818182,2,532,1,1,0,0,1,petrol,hatchback,manual,hyundai,great,telangana,288999
3,31973,10657.666666666666,1,3192,1,1,0,0,1,petrol,hatchback,manual,maruti,great,telangana,423599
11,59076,5370.545454545455,2,866,1,1,0,0,1,petrol,hatchback,manual,maruti,good,telangana,256499
4,31925,7981.25,1,1515,1,1,0,0,1,petrol,hatchback,manual,maruti,great,telangana,478899
3,33478,11159.333333333334,1,1331,1,1,0,0,1,petrol,hatchback,manual,maruti,great,telangana,635399
11,73539,6685.363636363636,1,604,1,1,0,0,1,petrol & lpg,hatchback,manual,hyundai,great,telangana,263099
4,35440,8860.0,1,1823,1,1,0,0,1,petrol,sedan,manual,maruti,great,telangana,605099
4,51501,12875.25,1,2483,1,1,0,0,1,diesel,hatchback,manual,maruti,great,andhra pradesh,676999
12,66427,5535.583333333333,2,1446,1,1,0,0,1,petrol,hatchback,manual,hyundai,great,telangana,237799
6,47555,7925.833333333333,4,3433,1,1,0,0,1,petrol,sedan,automatic,honda,great,telangana,782799
11,68124,6193.090909090909,2,879,1,1,0,0,1,petrol,hatchback,manual,hyundai,great,telangana,357499
4,27328,6832.0,1,7526,1,1,0,0,1,diesel,suv,manual,mahindra,great,telangana,755999
6,69124,11520.666666666666,1,1342,1,1,0,0,1,petrol,sedan,manual,maruti,great,telangana,514899
10,78238,7823.8,1,1922,1,1,0,0,1,petrol,hatchback,manual,maruti,great,telangana,406299
14,52521,3751.5,2,984,1,1,0,0,1,petrol,hatchback,manual,hyundai,good,telangana,176699
10,104293,10429.3,2,948,1,1,0,0,1,petrol,hatchback,manual,maruti,great,telangana,271199
11,119179,10834.454545454546,1,523,1,1,0,0,1,petrol,hatchback,manual,hyundai,great,telangana,254299
6,57564,9594.0,1,757,1,1,0,0,1,petrol,hatchback,manual,maruti,great,telangana,298499
2,21168,10584.0,1,1251,1,1,0,0,1,diesel,sedan,manual,maruti,great,andhra pradesh,799199
3,67132,22377.333333333332,1,2332,1,1,0,0,1,petrol,hatchback,manual,hyundai,great,telangana,565599
2,26283,13141.5,2,4037,1,1,0,0,1,petrol,unknown,unknown,mg,great,telangana,1433289
12,71240,5936.666666666667,2,1313,1,1,0,0,1,petrol,hatchback,manual,maruti,great,telangana,256599
12,69535,5794.583333333333,1,1383,0,1,0,0,1,petrol,hatchback,manual,maruti,good,telangana,213299
4,53055,13263.75,1,1029,1,1,0,0,1,petrol,hatchback,manual,maruti,great,telangana,624999
11,106136,9648.727272727272,2,527,1,1,0,0,1,petrol,hatchback,manual,maruti,good,telangana,210399
8,68484,8560.5,1,656,1,1,0,0,1,petrol,hatchback,manual,hyundai,great,telangana,306599
4,57889,14472.25,1,2955,1,1,0,0,1,diesel,sedan,manual,maruti,great,andhra pradesh,699399
10,70720,7072.0,1,733,1,1,0,0,1,petrol & cng,hatchback,manual,maruti,good,telangana,217699
12,197377,16448.083333333332,1,2191,1,1,0,0,1,petrol & lpg,hatchback,manual,maruti,great,telangana,171999
4,59374,14843.5,1,398,1,1,0,0,1,diesel,sedan,manual,maruti,great,telangana,685699
3,42143,14047.666666666666,1,756,1,1,0,0,1,petrol,hatchback,manual,maruti,great,telangana,321799
9,89758,9973.111111111111,2,573,1,1,0,0,1,petrol,hatchback,manual,maruti,great,telangana,244699
6,78713,13118.833333333334,1,892,1,1,0,1,1,petrol,sedan,manual,maruti,good,telangana,535999
3,47721,15907.0,1,1642,1,1,0,0,1,diesel,sedan,manual,maruti,great,telangana,750499
9,79870,8874.444444444445,1,771,1,1,0,0,1,petrol & cng,hatchback,manual,maruti,great,telangana,327099
12,90273,7522.75,1,1745,1,1,0,0,1,diesel,hatchback,manual,maruti,great,telangana,291199
9,146225,16247.222222222223,1,3054,1,1,0,0,1,diesel,hatchback,manual,maruti,great,telangana,368499
11,88461,8041.909090909091,2,1369,1,1,0,0,1,petrol,hatchback,manual,maruti,great,telangana,203699
13,98277,7559.7692307692305,1,541,1,1,0,0,1,petrol & lpg,hatchback,manual,hyundai,good,telangana,203699
4,74942,18735.5,1,1286,1,1,0,0,1,diesel,suv,manual,maruti,great,telangana,791899
11,95991,8726.454545454546,2,698,1,1,0,0,1,petrol,hatchback,manual,hyundai,great,telangana,265299
10,116395,11639.5,1,384,1,1,0,0,1,petrol,hatchback,automatic,hyundai,great,telangana,386299
4,80273,20068.25,2,1975,1,1,0,0,1,diesel,sedan,automatic,maruti,great,telangana,619699
13,89270,6866.923076923077,1,496,0,1,0,0,1,petrol,hatchback,manual,hyundai,good,telangana,275699
13,99395,7645.7692307692305,2,816,1,1,0,0,1,petrol & lpg,hatchback,manual,maruti,good,telangana,208599
12,105529,8794.083333333334,1,5226,1,1,0,0,1,petrol,hatchback,manual,hyundai,great,andhra pradesh,172399
9,96714,10746.0,1,1223,1,1,0,0,1,diesel,hatchback,manual,maruti,great,telangana,372199
10,103749,10374.9,3,2278,1,1,0,0,1,petrol,sedan,manual,toyota,great,telangana,340899
5,48716,9743.2,1,2557,1,1,1,0,1,petrol,hatchback,manual,datsun,good,telangana,296699
3,74535,24845.0,1,1453,1,1,0,0,1,diesel,hatchback,manual,maruti,great,telangana,739599
9,77838,8648.666666666666,2,1040,1,1,0,0,1,diesel,hatchback,manual,maruti,great,telangana,474599
3,43975,14658.333333333334,1,1714,1,1,0,0,1,petrol,sedan,manual,hyundai,great,telangana,1027899
12,155996,12999.666666666666,1,2684,1,1,0,0,1,petrol & lpg,hatchback,manual,maruti,good,andhra pradesh,174799
10,121622,12162.2,1,378,1,1,0,0,1,petrol,hatchback,manual,maruti,great,telangana,382699
7,86775,12396.42857142857,2,3179,1,1,0,0,1,diesel,suv,manual,maruti,great,telangana,664299
4,109300,27325.0,2,2215,1,1,0,0,1,diesel,sedan,automatic,volkswagen,great,telangana,485499
6,97036,16172.666666666666,1,797,1,1,0,0,1,diesel,sedan,manual,maruti,great,telangana,539899
5,75730,15146.0,1,2266,1,1,0,0,1,petrol,suv,automatic,hyundai,great,telangana,964999
6,87030,14505.0,2,1263,1,1,0,0,1,petrol,hatchback,manual,maruti,great,telangana,461099
5,72727,14545.4,1,2143,1,1,0,0,1,diesel,suv,manual,hyundai,great,telangana,924899
9,103887,11543.0,1,535,1,1,0,0,1,petrol,hatchback,manual,maruti,great,telangana,227499
12,93933,7827.75,2,554,1,1,0,0,1,petrol & lpg,hatchback,manual,hyundai,good,telangana,229499
5,82732,16546.4,2,1093,1,1,0,0,1,diesel,hatchback,manual,maruti,great,telangana,507599
9,86617,9624.111111111111,2,1553,1,1,0,0,1,diesel,hatchback,manual,toyota,good,telangana,362699
9,114748,12749.777777777777,1,1173,1,1,0,0,1,petrol,hatchback,manual,hyundai,great,telangana,288499
10,112315,11231.5,2,283,1,1,0,0,1,petrol,hatchback,manual,hyundai,great,telangana,328699
9,136808,15200.888888888889,1,658,1,1,0,0,1,diesel,hatchback,manual,maruti,great,telangana,313999
6,107589,17931.5,1,565,1,1,0,0,1,petrol,sedan,manual,maruti,great,telangana,538599
8,108649,13581.125,1,1194,1,1,0,0,1,diesel,hatchback,manual,maruti,great,telangana,421399
9,101039,11226.555555555555,1,1060,1,1,0,0,1,diesel,hatchback,manual,maruti,great,telangana,473799
3,89645,29881.666666666668,1,2818,1,1,0,0,1,diesel,suv,unknown,hyundai,great,telangana,926399
8,111864,13983.0,2,1195,1,1,0,0,1,diesel,hatchback,manual,maruti,great,telangana,428599
4,108339,27084.75,1,1339,1,1,0,0,1,diesel,suv,manual,maruti,great,telangana,707599
6,98101,16350.166666666666,1,1087,1,1,0,0,1,diesel,hatchback,manual,maruti,great,andhra pradesh,470699
9,164757,18306.333333333332,1,1993,1,1,0,0,1,diesel,hatchback,manual,maruti,great,telangana,384999
5,106318,21263.6,1,882,1,1,0,0,1,petrol,hatchback,manual,maruti,great,telangana,374699
6,94320,15720.0,1,732,1,1,0,0,1,petrol,sedan,manual,maruti,great,telangana,527599
9,134290,14921.111111111111,2,3387,1,1,0,0,1,diesel,sedan,manual,skoda,great,telangana,352999
10,114828,11482.8,2,371,1,1,0,0,1,diesel,hatchback,manual,maruti,good,telangana,318899
9,138713,15412.555555555555,1,2771,1,1,1,0,1,diesel,sedan,manual,hyundai,great,telangana,461399
5,76226,15245.2,1,1413,1,1,0,0,1,diesel,suv,unknown,hyundai,great,telangana,979599
3,109284,36428.0,1,1472,1,1,0,0,1,diesel,suv,manual,ford,great,telangana,817999
4,175702,43925.5,2,563,1,1,0,0,1,diesel,sedan,manual,maruti,great,telangana,646399
5,108963,21792.6,1,1765,1,1,0,0,1,diesel,suv,automatic,hyundai,great,telangana,968599
5,200759,40151.8,1,442,1,1,0,0,1,diesel,hatchback,manual,maruti,great,telangana,618799
6,136968,22828.0,1,2561,1,1,0,0,1,diesel,sedan,manual,maruti,great,andhra pradesh,591299
9,126194,14021.555555555555,2,430,1,1,0,0,1,petrol,hatchback,manual,maruti,great,telangana,254099
8,157225,19653.125,1,2602,1,1,0,0,1,diesel,sedan,manual,nissan,great,telangana,376699
5,26745,5349.0,1,1109,1,1,0,0,1,petrol,hatchback,manual,hyundai,great,telangana,478599
11,16227,1475.1818181818182,2,3850,1,1,0,0,1,petrol,hatchback,manual,maruti,good,telangana,205099
9,48155,5350.555555555556,1,1495,1,1,0,0,1,petrol,hatchback,manual,hyundai,great,telangana,340199
13,42497,3269.0,2,10610,1,1,0,0,1,petrol,hatchback,manual,hyundai,great,telangana,187699
6,23516,3919.3333333333335,1,2653,1,1,0,0,1,petrol,hatchback,manual,hyundai,great,telangana,291599
2,12973,6486.5,2,3719,1,1,0,0,1,petrol,hatchback,manual,hyundai,great,telangana,528999
6,31741,5290.166666666667,1,4043,1,1,0,0,1,petrol,hatchback,manual,hyundai,great,andhra pradesh,383399
7,30612,4373.142857142857,2,1657,1,1,0,0,1,petrol,sedan,manual,maruti,great,telangana,496399
2,10025,5012.5,1,849,1,1,0,0,1,petrol,suv,manual,maruti,great,telangana,482599
8,21885,2735.625,1,1190,1,1,0,0,1,petrol,hatchback,manual,maruti,great,telangana,342899
5,16527,3305.4,1,1109,1,1,0,0,1,petrol,hatchback,manual,maruti,great,telangana,303099
4,3957,989.25,1,831,1,1,0,0,1,petrol,hatchback,manual,maruti,great,telangana,333299
9,5264,584.8888888888889,1,1098,1,1,0,0,1,petrol,hatchback,manual,maruti,great,telangana,372199
5,23774,4754.8,1,736,1,1,0,0,1,petrol,hatchback,manual,hyundai,good,telangana,322299
5,28407,5681.4,2,4814,1,1,0,0,1,petrol,hatchback,manual,nissan,great,telangana,369199
10,23658,2365.8,1,617,1,1,0,0,1,petrol,hatchback,manual,maruti,great,telangana,239899
7,43229,6175.571428571428,1,1292,1,1,0,0,1,petrol,hatchback,manual,hyundai,great,telangana,430599
8,29171,3646.375,1,1128,1,1,0,0,1,petrol,hatchback,manual,maruti,great,telangana,254099
9,45015,5001.666666666667,1,904,1,1,0,0,1,petrol,hatchback,manual,hyundai,great,telangana,346899
9,50040,5560.0,2,456,1,1,0,0,1,petrol,hatchback,manual,hyundai,great,telangana,332099
7,27884,3983.4285714285716,1,1485,1,1,0,0,1,petrol,hatchback,manual,maruti,great,telangana,273599
5,23257,4651.4,1,2632,0,1,0,0,1,petrol,hatchback,manual,hyundai,great,andhra pradesh,477799
9,34784,3864.8888888888887,1,1380,1,1,0,0,1,petrol,hatchback,manual,maruti,great,telangana,247699
7,40694,5813.428571428572,1,852,1,1,0,0,1,petrol,hatchback,manual,maruti,great,telangana,354799
9,34573,3841.4444444444443,2,266,1,1,0,0,1,petrol,hatchback,manual,maruti,great,telangana,280499
4,35554,8888.5,1,1620,1,1,0,0,1,petrol,hatchback,automatic,maruti,great,telangana,441599
5,37429,7485.8,1,2030,1,1,0,0,1,petrol,sedan,manual,honda,great,telangana,471999
5,31180,6236.0,1,2386,1,1,0,0,1,diesel,sedan,manual,maruti,great,telangana,596799
9,28354,3150.4444444444443,1,584,1,1,0,0,1,petrol,hatchback,manual,maruti,great,telangana,260399
11,54987,4998.818181818182,1,1204,1,1,0,0,1,petrol,sedan,manual,maruti,great,telangana,318199
6,30536,5089.333333333333,1,1672,1,1,0,0,1,petrol,hatchback,automatic,maruti,great,telangana,431699
10,45905,4590.5,1,1491,1,1,0,0,1,petrol,hatchback,manual,maruti,great,telangana,425599
10,36593,3659.3,2,633,1,1,0,0,1,petrol,hatchback,manual,maruti,great,telangana,232599
5,30356,6071.2,1,4185,1,1,0,0,1,petrol,hatchback,manual,hyundai,great,telangana,592599
10,60134,6013.4,2,983,1,1,0,0,1,petrol,hatchback,automatic,hyundai,great,telangana,362999
3,13739,4579.666666666667,1,2134,1,1,0,0,1,petrol,hatchback,automatic,renault,great,telangana,393199
9,21186,2354.0,1,603,1,1,0,0,1,petrol,hatchback,manual,maruti,great,telangana,262999
11,49696,4517.818181818182,2,729,1,1,0,0,1,petrol,hatchback,manual,hyundai,good,telangana,273099
10,26705,2670.5,1,652,1,1,0,0,1,petrol,hatchback,manual,maruti,great,telangana,250099
2,11267,5633.5,1,2371,1,1,0,0,1,petrol,hatchback,unknown,maruti,great,telangana,424899
3,17394,5798.0,1,573,1,1,0,0,1,petrol,hatchback,manual,maruti,great,telangana,340699
5,32135,6427.0,2,425,1,1,0,0,1,petrol,hatchback,manual,maruti,great,telangana,294899
11,20984,1907.6363636363637,1,1787,1,1,0,0,1,petrol,hatchback,manual,maruti,good,telangana,270399
11,46776,4252.363636363636,1,941,1,1,0,0,1,petrol,hatchback,manual,hyundai,great,andhra pradesh,311799
8,33010,4126.25,1,936,1,1,0,0,1,petrol,hatchback,manual,hyundai,great,telangana,286299
6,38294,6382.333333333333,2,2423,1,1,0,0,1,petrol,hatchback,automatic,maruti,great,telangana,336099
4,38961,9740.25,1,1234,1,1,0,0,1,petrol,hatchback,manual,hyundai,great,telangana,501999
11,51154,4650.363636363636,1,1587,1,1,0,0,1,petrol,hatchback,manual,hyundai,great,telangana,266699
10,45069,4506.9,1,1596,1,1,0,0,1,petrol,hatchback,manual,maruti,good,telangana,222799
3,12519,4173.0,1,1168,1,1,0,0,1,petrol,hatchback,manual,hyundai,great,telangana,359899
5,7011,1402.2,1,919,1,1,0,0,1,petrol,hatchback,manual,maruti,great,telangana,313799
7,54158,7736.857142857143,2,1439,1,1,0,0,1,petrol,hatchback,manual,volkswagen,great,telangana,451699
4,28476,7119.0,1,2727,1,1,0,0,1,petrol,hatchback,automatic,maruti,great,telangana,594699
6,46295,7715.833333333333,2,2801,1,1,0,0,1,petrol,sedan,manual,honda,great,telangana,407799
10,64715,6471.5,2,2916,1,1,0,0,1,petrol,hatchback,manual,hyundai,great,telangana,255299
10,53981,5398.1,2,575,1,1,0,0,1,petrol,hatchback,manual,hyundai,great,telangana,322799
11,54960,4996.363636363636,1,682,1,1,0,0,1,petrol,hatchback,manual,hyundai,great,telangana,405999
6,47133,7855.5,1,959,1,1,0,0,1,petrol,hatchback,manual,maruti,great,telangana,284099
10,47298,4729.8,2,188,1,1,0,0,1,petrol,hatchback,manual,maruti,good,telangana,240399
10,47330,4733.0,2,528,1,1,0,0,1,petrol,hatchback,manual,maruti,good,telangana,243899
8,48179,6022.375,1,544,1,1,0,0,1,petrol,hatchback,manual,hyundai,great,telangana,376699
3,13446,4482.0,1,703,1,1,0,0,1,petrol,hatchback,manual,maruti,great,telangana,373899
8,51081,6385.125,2,532,1,1,0,0,1,petrol,hatchback,manual,maruti,great,telangana,367499
5,31475,6295.0,1,1768,1,1,0,0,1,petrol,sedan,manual,maruti,great,telangana,538799
9,46875,5208.333333333333,1,419,1,1,0,0,1,petrol,hatchback,manual,hyundai,great,telangana,347199
10,60423,6042.3,2,2654,1,1,0,0,1,petrol,sedan,manual,maruti,great,telangana,312099
5,37667,7533.4,2,1013,1,1,0,0,1,petrol,hatchback,manual,maruti,great,telangana,387299
13,63088,4852.923076923077,2,261,1,1,0,0,1,petrol,hatchback,manual,hyundai,good,telangana,259899
10,66207,6620.7,1,850,1,1,0,0,1,petrol,hatchback,manual,hyundai,great,telangana,405799
7,36758,5251.142857142857,2,659,1,1,0,0,1,petrol,hatchback,manual,maruti,great,telangana,452499
9,58851,6539.0,2,543,1,1,0,0,1,petrol,hatchback,manual,honda,great,telangana,336899
11,39429,3584.4545454545455,1,449,1,1,0,0,1,petrol,hatchback,manual,hyundai,good,telangana,313099
9,66160,7351.111111111111,2,2049,1,1,0,0,1,diesel,hatchback,manual,maruti,great,telangana,382099
2,17802,8901.0,1,637,1,1,0,0,1,petrol,suv,manual,maruti,great,telangana,426499
5,39724,7944.8,1,3163,1,1,0,0,1,petrol,sedan,manual,maruti,great,telangana,539399
4,16497,4124.25,1,644,1,1,0,0,1,petrol,sedan,manual,maruti,great,telangana,634999
12,42394,3532.8333333333335,1,520,1,1,0,0,1,petrol & lpg,hatchback,manual,hyundai,great,telangana,253199
3,9104,3034.6666666666665,1,1998,1,1,0,0,1,diesel,suv,automatic,maruti,great,telangana,1028178
1,9033,9033.0,1,2252,1,1,0,0,1,petrol,hatchback,manual,maruti,great,telangana,728699
8,58963,7370.375,1,730,1,1,0,0,1,petrol,hatchback,manual,maruti,great,telangana,449999
5,47441,9488.2,1,636,1,1,0,0,1,petrol,hatchback,manual,hyundai,great,telangana,449599
5,36851,7370.2,1,1278,1,1,0,0,1,petrol,hatchback,manual,hyundai,great,telangana,623599
4,41736,10434.0,1,672,1,1,0,0,1,petrol,suv,manual,maruti,great,telangana,379699
6,49825,8304.166666666666,1,372,1,1,0,0,1,petrol,hatchback,unknown,maruti,great,telangana,329799
11,63570,5779.090909090909,1,616,1,1,0,0,1,petrol,hatchback,manual,hyundai,great,telangana,389399
10,63370,6337.0,1,359,1,1,0,0,1,petrol,hatchback,manual,hyundai,great,telangana,296399
2,18864,9432.0,1,301,1,1,0,0,1,petrol,suv,manual,maruti,great,telangana,470699
6,46585,7764.166666666667,1,195,1,1,0,0,1,petrol,hatchback,manual,maruti,great,telangana,302999
6,54862,9143.666666666666,2,1023,1,1,0,0,1,petrol,hatchback,automatic,maruti,great,telangana,370399
10,66082,6608.2,1,759,1,1,0,0,1,petrol & cng,hatchback,manual,maruti,great,telangana,296799
2,21360,10680.0,1,291,1,1,0,0,1,petrol,suv,manual,maruti,great,telangana,480599
7,58748,8392.57142857143,2,180,1,1,0,0,1,petrol,hatchback,manual,maruti,great,telangana,363699
5,59094,11818.8,2,587,1,1,0,0,1,petrol,hatchback,manual,maruti,great,telangana,352099
10,59317,5931.7,2,100,1,1,0,0,1,petrol,hatchback,manual,maruti,good,telangana,235099
9,62535,6948.333333333333,2,373,1,1,0,0,1,petrol,hatchback,manual,maruti,great,telangana,244199
11,79869,7260.818181818182,2,1068,1,1,0,0,1,petrol,hatchback,manual,hyundai,great,andhra pradesh,259899
10,76443,7644.3,3,1670,1,1,0,0,1,petrol & lpg,suv,manual,maruti,great,telangana,261099
3,38552,12850.666666666666,1,1681,1,1,0,0,1,petrol,hatchback,automatic,maruti,great,telangana,610099
7,57173,8167.571428571428,1,1105,1,1,0,0,1,diesel,sedan,manual,maruti,great,telangana,505199
10,72167,7216.7,3,412,1,1,0,0,1,petrol,hatchback,manual,hyundai,great,telangana,307999
10,61753,6175.3,2,230,1,1,0,0,1,petrol,hatchback,manual,maruti,good,telangana,318199
13,63040,4849.2307692307695,2,527,1,1,0,0,1,petrol,hatchback,manual,hyundai,great,telangana,233299
5,42970,8594.0,2,2061,1,1,0,0,1,petrol,sedan,manual,volkswagen,great,andhra pradesh,516899
10,64456,6445.6,2,1307,1,1,0,0,1,petrol,sedan,manual,volkswagen,good,telangana,350199
5,41808,8361.6,1,2057,1,1,0,0,1,diesel,sedan,automatic,maruti,great,telangana,645399
12,67271,5605.916666666667,2,393,1,1,0,0,1,petrol,hatchback,manual,hyundai,good,telangana,261599
3,33555,11185.0,1,713,1,1,0,0,1,petrol,hatchback,manual,maruti,great,telangana,329599
11,65249,5931.727272727273,1,398,1,1,0,0,1,petrol,hatchback,manual,maruti,good,telangana,301699
10,72976,7297.6,2,389,1,1,0,0,1,petrol,hatchback,manual,maruti,good,telangana,222699
5,47683,9536.6,1,2020,1,1,0,0,1,petrol,hatchback,manual,renault,great,telangana,302499
12,60541,5045.083333333333,2,824,1,1,0,0,1,petrol,hatchback,manual,maruti,good,telangana,190099
4,33960,8490.0,1,1577,1,1,0,0,1,petrol,sedan,automatic,honda,great,telangana,926399
8,64034,8004.25,2,735,1,1,0,0,1,petrol,hatchback,manual,maruti,great,telangana,417999
14,38721,2765.785714285714,2,936,1,1,0,0,1,petrol,hatchback,manual,maruti,good,telangana,168199
8,62049,7756.125,1,1633,1,1,0,0,1,petrol,hatchback,manual,honda,great,andhra pradesh,353799
9,80522,8946.888888888889,1,803,1,1,0,0,1,diesel,hatchback,manual,maruti,great,telangana,321899
2,33610,16805.0,2,1530,1,1,0,0,1,petrol,hatchback,unknown,volkswagen,great,telangana,586199
14,65766,4697.571428571428,1,2358,1,1,0,0,1,petrol,hatchback,manual,hyundai,good,telangana,167999
8,80324,10040.5,1,441,1,1,0,0,1,petrol,hatchback,manual,maruti,great,telangana,249899
12,74051,6170.916666666667,2,475,1,1,0,0,1,petrol,hatchback,manual,maruti,good,telangana,190699
12,82748,6895.666666666667,2,962,1,1,0,0,1,petrol & lpg,hatchback,manual,hyundai,great,telangana,196199
2,24171,12085.5,1,1507,1,1,0,0,1,petrol,hatchback,manual,hyundai,great,telangana,764799
6,61734,10289.0,1,764,1,1,0,0,1,petrol,sedan,manual,maruti,great,telangana,527399
11,68073,6188.454545454545,2,409,1,1,0,0,1,petrol,hatchback,manual,maruti,great,telangana,202299
12,71409,5950.75,2,384,1,1,0,0,1,petrol & lpg,hatchback,manual,hyundai,great,telangana,237699
11,75141,6831.0,1,748,1,1,0,0,1,petrol,hatchback,manual,maruti,great,andhra pradesh,276299
6,64403,10733.833333333334,2,1461,1,1,0,0,1,petrol,hatchback,automatic,honda,great,telangana,521799
4,57417,14354.25,2,657,1,1,0,0,1,petrol & lpg,suv,manual,maruti,great,telangana,362199
5,58440,11688.0,2,705,1,1,0,0,1,diesel,sedan,manual,maruti,great,telangana,580099
5,62412,12482.4,1,2240,1,1,0,0,1,petrol,hatchback,manual,nissan,great,andhra pradesh,342799
6,85957,14326.166666666666,2,555,1,1,0,0,1,petrol,hatchback,manual,volkswagen,great,telangana,429799
11,78839,7167.181818181818,2,835,1,1,0,0,1,petrol,hatchback,manual,hyundai,great,telangana,259499
11,53951,4904.636363636364,2,335,1,1,0,0,1,petrol,hatchback,manual,hyundai,fair,telangana,385099
2,16992,8496.0,1,1577,1,1,0,0,1,diesel,suv,unknown,hyundai,great,andhra pradesh,1533481
4,50539,12634.75,1,441,1,1,0,0,1,petrol,hatchback,manual,maruti,great,telangana,666699
11,87816,7983.272727272727,2,447,1,1,0,0,1,petrol,hatchback,manual,hyundai,great,telangana,286199
5,57997,11599.4,1,1254,1,1,0,0,1,diesel,hatchback,manual,hyundai,great,telangana,660699
10,68732,6873.2,1,742,1,1,0,0,1,petrol & lpg,hatchback,manual,ford,good,telangana,265999
8,74656,9332.0,1,817,1,1,0,0,1,petrol,sedan,manual,maruti,great,telangana,424899
9,77916,8657.333333333334,1,1292,1,1,0,0,1,petrol,hatchback,manual,hyundai,great,telangana,408899
5,64505,12901.0,2,578,1,1,0,0,1,petrol,hatchback,manual,hyundai,great,telangana,605399
3,34772,11590.666666666666,1,1039,1,1,0,0,1,diesel,sedan,manual,maruti,great,telangana,747999
3,42497,14165.666666666666,1,1109,1,1,0,0,1,petrol,sedan,automatic,maruti,great,telangana,667999
4,43102,10775.5,2,491,1,1,0,0,1,petrol,hatchback,automatic,maruti,great,telangana,473799
13,81234,6248.7692307692305,1,1700,1,1,0,0,1,petrol,hatchback,manual,maruti,good,telangana,291999
10,68946,6894.6,2,413,1,1,0,0,1,petrol & cng,hatchback,manual,maruti,good,telangana,316999
3,43382,14460.666666666666,1,1017,1,1,0,0,1,petrol,hatchback,unknown,maruti,great,telangana,663599
9,77664,8629.333333333334,2,242,1,1,0,0,1,petrol,hatchback,manual,honda,good,telangana,379299
4,56842,14210.5,1,949,1,1,0,0,1,petrol,hatchback,manual,hyundai,great,telangana,618999
6,74350,12391.666666666666,2,1701,1,1,0,1,1,diesel,suv,manual,maruti,great,delhi,515899
8,72854,9106.75,2,1233,1,1,0,0,1,diesel,hatchback,manual,ford,great,telangana,297799
4,58244,14561.0,1,1757,1,1,0,0,1,diesel,suv,automatic,renault,great,telangana,779299
6,75977,12662.833333333334,1,2069,1,1,0,0,1,petrol,hatchback,manual,maruti,great,telangana,457199
8,87857,10982.125,2,491,1,1,0,0,1,petrol,hatchback,manual,hyundai,great,telangana,331299
5,72409,14481.8,1,1093,1,1,0,0,1,petrol & lpg,hatchback,manual,hyundai,good,telangana,287599
5,64064,12812.8,1,500,1,1,0,0,1,petrol,hatchback,automatic,maruti,great,telangana,418599
5,63361,12672.2,1,1453,0,1,0,0,1,petrol,hatchback,unknown,renault,great,telangana,345699
4,73035,18258.75,2,564,1,1,0,0,1,diesel,sedan,manual,maruti,great,telangana,648899
12,78369,6530.75,1,387,1,1,0,0,1,petrol,hatchback,manual,maruti,good,telangana,195799
9,76551,8505.666666666666,2,619,1,1,0,0,1,petrol & cng,hatchback,manual,maruti,good,telangana,206399
3,27879,9293.0,2,769,1,1,0,0,1,diesel,suv,automatic,maruti,great,telangana,961399
10,70969,7096.9,1,179,1,1,0,0,1,petrol,hatchback,manual,hyundai,good,telangana,345799
7,90890,12984.285714285714,1,778,1,1,0,0,1,diesel,sedan,manual,maruti,great,telangana,506799
9,109381,12153.444444444445,2,426,1,1,0,0,1,diesel,hatchback,manual,maruti,great,telangana,417399
13,99732,7671.692307692308,2,652,1,1,0,0,1,petrol,hatchback,manual,maruti,great,telangana,266299
9,82470,9163.333333333334,1,485,1,1,0,0,1,petrol & cng,hatchback,manual,maruti,good,telangana,312399
13,94989,7306.846153846154,1,382,1,1,0,0,1,petrol,hatchback,manual,hyundai,good,telangana,254099
10,66154,6615.4,2,301,1,1,0,0,1,petrol,hatchback,manual,maruti,fair,telangana,227099
5,62874,12574.8,2,621,1,1,0,0,1,petrol,hatchback,manual,hyundai,great,telangana,449099
10,92202,9220.2,2,260,1,1,0,0,1,petrol,hatchback,manual,maruti,good,telangana,221599
9,103693,11521.444444444445,1,316,1,1,0,0,1,petrol & cng,hatchback,manual,maruti,good,telangana,263899
9,105927,11769.666666666666,1,2256,1,1,0,0,1,diesel,suv,manual,toyota,great,telangana,771699
7,86013,12287.57142857143,1,2813,1,1,0,0,1,diesel,suv,manual,maruti,great,andhra pradesh,622099
9,86559,9617.666666666666,1,449,1,1,0,0,1,petrol & cng,hatchback,manual,maruti,good,telangana,334599
11,86995,7908.636363636364,2,368,1,1,0,0,1,petrol,hatchback,manual,hyundai,good,telangana,221399
4,75854,18963.5,1,439,1,1,0,0,1,petrol,hatchback,manual,maruti,great,telangana,590099
10,95164,9516.4,2,438,1,1,0,0,1,petrol,hatchback,manual,maruti,good,telangana,207799
2,37775,18887.5,1,1467,1,1,0,0,1,diesel,suv,automatic,maruti,great,telangana,922899
8,82622,10327.75,1,541,1,1,0,0,1,petrol,hatchback,manual,hyundai,great,telangana,335299
6,80800,13466.666666666666,1,800,1,1,0,0,1,petrol,sedan,manual,hyundai,great,telangana,433199
2,187013,93506.5,1,1988,1,1,0,0,1,diesel,suv,manual,toyota,great,telangana,1657913
10,110597,11059.7,1,372,1,1,0,0,1,diesel,hatchback,manual,maruti,great,telangana,356999
2,11446,5723.0,1,2173,0,1,0,0,1,petrol,sedan,manual,honda,great,telangana,984599
11,97591,8871.90909090909,1,1261,1,1,0,0,1,diesel,hatchback,manual,maruti,great,telangana,323299
6,82502,13750.333333333334,1,318,1,1,0,0,1,petrol,hatchback,manual,hyundai,great,telangana,312499
11,103152,9377.454545454546,1,840,1,1,0,0,1,petrol,hatchback,manual,maruti,great,telangana,210899
12,99958,8329.833333333334,1,658,1,1,0,0,1,diesel,hatchback,manual,maruti,good,telangana,321399
6,90617,15102.833333333334,2,406,1,1,0,0,1,petrol,sedan,manual,maruti,great,telangana,534399
6,76983,12830.5,1,606,1,1,0,0,1,petrol,hatchback,manual,maruti,great,telangana,266499
4,87798,21949.5,2,450,1,1,0,0,1,petrol,hatchback,manual,hyundai,great,telangana,620299
3,88198,29399.333333333332,1,655,1,1,0,0,1,diesel,sedan,manual,maruti,great,telangana,726399
7,95614,13659.142857142857,1,203,1,1,0,0,1,petrol,hatchback,manual,maruti,great,telangana,444099
6,87128,14521.333333333334,1,1284,1,1,0,0,1,diesel,suv,automatic,hyundai,great,telangana,986099
5,77217,15443.4,2,1002,1,1,0,0,1,diesel,sedan,manual,volkswagen,great,telangana,517699
6,73445,12240.833333333334,1,414,1,1,0,0,1,petrol,hatchback,manual,maruti,great,telangana,291499
4,97114,24278.5,1,418,1,1,0,0,1,diesel,sedan,manual,maruti,great,telangana,673899
9,105694,11743.777777777777,1,116,1,1,0,0,1,petrol,hatchback,manual,maruti,good,telangana,349799
9,163970,18218.88888888889,1,514,1,1,0,0,1,diesel,hatchback,manual,maruti,great,telangana,413899
6,101946,16991.0,2,158,1,1,0,0,1,petrol,sedan,manual,maruti,great,telangana,544799
5,112458,22491.6,1,927,1,1,0,0,1,diesel,suv,automatic,renault,great,andhra pradesh,618899
9,102870,11430.0,2,352,1,1,0,0,1,diesel,hatchback,manual,maruti,good,telangana,318099
11,115128,10466.181818181818,2,940,1,1,0,0,1,diesel,hatchback,manual,maruti,good,telangana,331899
8,116594,14574.25,1,1391,1,1,0,0,1,diesel,sedan,manual,honda,great,telangana,392699
4,97090,24272.5,1,233,1,1,0,0,1,petrol,hatchback,manual,hyundai,great,telangana,644799
7,101696,14528.0,1,548,1,1,0,0,1,petrol,hatchback,manual,maruti,great,andhra pradesh,442699
3,91045,30348.333333333332,1,1242,1,1,0,0,1,diesel,suv,manual,toyota,great,telangana,1722856
8,95569,11946.125,2,871,1,1,0,0,1,diesel,hatchback,manual,volkswagen,fair,telangana,425399
9,129644,14404.888888888889,2,203,1,1,0,0,1,petrol & lpg,hatchback,manual,hyundai,great,telangana,288199
11,151016,13728.727272727272,2,325,1,1,0,0,1,petrol & lpg,hatchback,manual,maruti,good,telangana,251999
5,126692,25338.4,1,720,1,1,0,0,1,diesel,hatchback,manual,maruti,great,telangana,647899
7,120841,17263.0,1,1498,1,1,0,0,1,diesel,hatchback,manual,ford,great,telangana,307299
5,102426,20485.2,2,831,1,1,0,0,1,diesel,hatchback,manual,hyundai,good,telangana,444199
5,168820,33764.0,1,667,1,1,0,0,1,diesel,sedan,manual,maruti,great,telangana,553599
3,142268,47422.666666666664,1,430,1,1,0,0,1,petrol,hatchback,manual,maruti,great,telangana,689099
9,107807,11978.555555555555,2,451,1,1,0,0,1,diesel,hatchback,manual,hyundai,good,telangana,395599
10,118524,11852.4,1,264,1,1,0,0,1,petrol,hatchback,manual,maruti,good,telangana,214699
7,149332,21333.14285714286,1,515,1,1,0,0,1,diesel,suv,manual,maruti,great,telangana,593099
5,156312,31262.4,1,528,1,1,0,0,1,diesel,suv,unknown,hyundai,great,telangana,914599
6,111423,18570.5,2,592,1,1,0,0,1,petrol,hatchback,manual,hyundai,great,telangana,555999
3,106089,35363.0,2,1158,1,1,0,0,1,diesel,suv,manual,ford,great,telangana,713399
10,192809,19280.9,1,2095,1,1,0,0,1,diesel,sedan,manual,volkswagen,great,telangana,335699
5,214144,42828.8,1,1453,1,1,0,0,1,diesel,suv,manual,toyota,great,telangana,967099
5,27568,5513.6,1,2439,1,1,1,0,1,petrol,hatchback,manual,maruti,great,telangana,548399
8,44137,5517.125,1,6193,1,1,1,0,1,petrol,hatchback,manual,maruti,great,telangana,340199
3,15053,5017.666666666667,1,2610,1,1,1,0,1,petrol,hatchback,manual,maruti,great,telangana,585999
8,31799,3974.875,1,4428,1,1,1,0,1,petrol,hatchback,manual,volkswagen,great,telangana,449499
8,27748,3468.5,1,6924,1,1,1,0,1,petrol,hatchback,manual,hyundai,great,telangana,224199
9,41210,4578.888888888889,2,8622,1,1,1,0,1,petrol,sedan,manual,maruti,great,andhra pradesh,420699
7,35893,5127.571428571428,1,3315,1,1,1,0,1,petrol,sedan,manual,hyundai,great,telangana,468999
5,22229,4445.8,1,2703,1,1,1,0,1,petrol,hatchback,automatic,maruti,great,telangana,442499
6,34103,5683.833333333333,1,3623,1,1,1,0,1,petrol,hatchback,manual,maruti,great,telangana,274499
11,41611,3782.818181818182,1,615,1,1,1,0,1,petrol,hatchback,manual,maruti,great,telangana,307099
11,53953,4904.818181818182,2,8411,1,1,1,0,1,petrol,hatchback,manual,hyundai,great,telangana,290499
5,25414,5082.8,1,2468,1,1,1,0,1,petrol,hatchback,manual,renault,great,telangana,309599
10,33505,3350.5,1,4791,1,1,1,0,1,petrol,hatchback,manual,hyundai,great,telangana,290599
7,28205,4029.285714285714,2,1164,1,1,1,0,1,petrol,hatchback,manual,hyundai,great,telangana,278199
5,26982,5396.4,1,4491,1,1,1,0,1,petrol,hatchback,manual,maruti,great,telangana,373799
2,3976,1988.0,1,2510,1,1,1,0,1,petrol,hatchback,manual,hyundai,great,telangana,577099
8,45317,5664.625,1,2350,0,1,1,0,1,petrol,hatchback,manual,maruti,great,telangana,330899
6,53312,8885.333333333334,1,2031,1,1,1,0,1,petrol,hatchback,manual,maruti,great,telangana,342699
5,15354,3070.8,1,2368,1,1,1,0,1,petrol,hatchback,automatic,tata,great,telangana,202699
5,47318,9463.6,1,1202,1,1,1,0,1,petrol,hatchback,manual,maruti,great,andhra pradesh,295399
3,4451,1483.6666666666667,1,1824,1,1,1,0,1,petrol,hatchback,manual,maruti,great,telangana,613699
8,32842,4105.25,2,3302,1,1,1,0,1,petrol & lpg,hatchback,unknown,hyundai,good,andhra pradesh,258099
4,25826,6456.5,2,1062,1,1,1,0,1,petrol,hatchback,manual,hyundai,great,telangana,500799
4,5041,1260.25,1,1548,1,1,1,0,1,petrol,unknown,unknown,maruti,great,telangana,279199
9,14631,1625.6666666666667,1,691,1,1,1,0,1,petrol,hatchback,manual,maruti,good,telangana,348699
5,24885,4977.0,1,2211,1,1,1,0,1,petrol,hatchback,manual,hyundai,great,telangana,624599
9,48979,5442.111111111111,1,533,1,1,1,0,1,petrol,hatchback,manual,maruti,great,telangana,253999
7,49437,7062.428571428572,2,811,1,1,1,0,1,petrol,hatchback,manual,maruti,great,telangana,340399
6,49095,8182.5,2,3995,1,1,1,0,1,petrol,sedan,manual,skoda,great,telangana,488999
11,10441,949.1818181818181,1,2454,1,1,1,0,1,petrol,hatchback,manual,maruti,good,telangana,297699
11,10910,991.8181818181819,1,2409,1,1,1,0,1,petrol,hatchback,manual,maruti,great,telangana,199999
3,25568,8522.666666666666,1,766,1,1,1,0,1,petrol,unknown,unknown,maruti,great,telangana,314599
4,17922,4480.5,2,1725,1,1,1,0,1,petrol,sedan,manual,honda,great,telangana,516399
2,14428,7214.0,2,1847,1,1,1,0,1,petrol,hatchback,automatic,maruti,great,telangana,615499
6,39983,6663.833333333333,1,3952,1,1,1,0,1,petrol,sedan,manual,honda,great,telangana,546599
10,70484,7048.4,2,778,1,1,1,0,1,petrol,hatchback,automatic,hyundai,great,telangana,342399
11,51549,4686.272727272727,1,3698,1,1,1,0,1,petrol,sedan,manual,honda,great,telangana,396099
5,13440,2688.0,1,1275,1,1,1,0,1,petrol,hatchback,manual,renault,good,telangana,357599
3,25290,8430.0,1,515,1,1,1,0,1,petrol,hatchback,manual,maruti,great,telangana,576399
4,32875,8218.75,1,2716,1,1,1,0,1,petrol,hatchback,unknown,tata,great,telangana,473799
11,66672,6061.090909090909,1,997,1,1,1,0,1,petrol,hatchback,automatic,hyundai,great,telangana,310399
6,50992,8498.666666666666,2,708,1,1,1,0,1,petrol,hatchback,manual,hyundai,great,telangana,446999
7,55071,7867.285714285715,1,1266,1,1,1,0,1,petrol,hatchback,manual,maruti,great,telangana,446299
3,32556,10852.0,1,1914,1,1,1,0,1,diesel,hatchback,manual,hyundai,great,telangana,771499
3,33782,11260.666666666666,1,5556,1,1,1,0,1,petrol,sedan,manual,skoda,great,telangana,771699
6,81287,13547.833333333334,1,516,1,1,1,0,1,petrol,hatchback,manual,hyundai,great,telangana,442299
3,46992,15664.0,1,2340,1,1,1,0,1,diesel,hatchback,manual,maruti,great,telangana,622599
7,58303,8329.0,1,1884,1,1,1,0,1,petrol,hatchback,manual,hyundai,great,telangana,352799
10,58228,5822.8,2,3625,1,1,1,0,1,petrol,hatchback,manual,skoda,good,telangana,253799
5,31996,6399.2,1,3446,1,1,1,0,1,petrol,suv,automatic,honda,great,andhra pradesh,706999
2,22069,11034.5,1,4667,1,1,1,0,1,petrol,hatchback,unknown,tata,great,telangana,539899
5,37380,7476.0,1,2046,1,1,1,0,1,diesel,suv,manual,maruti,great,telangana,783099
7,62099,8871.285714285714,1,1513,1,1,1,0,1,petrol,hatchback,manual,hyundai,great,telangana,399999
12,64790,5399.166666666667,1,1413,1,1,1,0,1,petrol,hatchback,manual,hyundai,great,telangana,296699
10,81993,8199.3,2,2719,1,1,1,0,1,petrol,hatchback,manual,volkswagen,great,telangana,310199
5,54916,10983.2,1,1999,1,1,1,0,1,petrol,hatchback,manual,maruti,great,telangana,514199
2,34886,17443.0,1,1033,1,1,1,0,1,petrol,hatchback,manual,maruti,great,telangana,306899
4,52235,13058.75,1,1355,1,1,1,0,1,diesel,suv,manual,maruti,great,telangana,817099
11,81081,7371.0,2,2188,1,1,1,0,1,petrol,sedan,manual,hyundai,good,telangana,291199
3,24976,8325.333333333334,1,1632,1,1,1,0,1,diesel,suv,automatic,maruti,great,telangana,917599
10,76345,7634.5,2,1110,1,1,1,0,1,petrol,hatchback,automatic,hyundai,good,telangana,304899
4,52641,13160.25,1,1404,1,1,1,0,1,petrol,hatchback,manual,maruti,great,telangana,284299
6,70993,11832.166666666666,1,1942,1,1,1,0,1,petrol,hatchback,manual,maruti,great,telangana,301299
5,88256,17651.2,1,986,1,1,1,0,1,petrol,hatchback,manual,hyundai,great,telangana,572899
3,21021,7007.0,1,3121,1,1,1,0,1,diesel,suv,manual,maruti,great,telangana,971299
13,85549,6580.692307692308,2,747,1,1,1,0,1,petrol,hatchback,manual,hyundai,great,telangana,229399
12,129266,10772.166666666666,2,2444,1,1,1,0,1,diesel,hatchback,manual,maruti,great,telangana,269699
6,82168,13694.666666666666,1,1175,1,1,1,0,1,petrol,hatchback,manual,hyundai,great,telangana,560299
5,89440,17888.0,2,3974,1,1,1,0,1,petrol,hatchback,manual,tata,great,telangana,363099
3,60529,20176.333333333332,1,2552,1,1,1,0,1,petrol,hatchback,unknown,volkswagen,great,telangana,572499
14,101947,7281.928571428572,2,5288,1,1,1,0,1,petrol,luxury suv,manual,honda,fair,telangana,285299
5,83357,16671.4,1,964,1,1,1,0,1,diesel,hatchback,manual,ford,great,telangana,449999
2,38781,19390.5,1,1566,1,1,1,0,1,diesel,suv,manual,maruti,great,telangana,828699
13,107327,8255.923076923076,1,2416,1,1,1,0,1,petrol,sedan,manual,maruti,great,telangana,231499
10,110349,11034.9,1,1215,1,1,1,0,1,petrol,hatchback,manual,hyundai,great,telangana,231699
2,36005,18002.5,1,2365,1,1,1,0,1,diesel,suv,automatic,maruti,great,andhra pradesh,942299
9,89034,9892.666666666666,2,416,1,1,1,0,1,petrol,hatchback,manual,maruti,great,telangana,240599
11,167063,15187.545454545454,1,500,1,1,1,0,1,petrol,sedan,automatic,honda,great,telangana,441599
10,160953,16095.3,2,2550,1,1,1,0,1,diesel,luxury suv,manual,toyota,great,telangana,999199
9,150911,16767.88888888889,1,2327,1,1,1,0,1,diesel,suv,manual,toyota,great,telangana,922199
6,143896,23982.666666666668,2,1577,1,1,1,0,1,diesel,suv,manual,toyota,great,telangana,1121699
5,147359,29471.8,1,1687,1,1,1,0,1,diesel,hatchback,manual,hyundai,great,telangana,527999
5,137243,27448.6,1,2378,1,1,1,0,1,petrol,sedan,automatic,honda,great,telangana,529499
13,78841,6064.692307692308,2,223,0,0,0,0,0,petrol,hatchback,manual,hyundai,good,andhra pradesh,143000
13,66355,5104.2307692307695,2,256,1,0,0,0,1,petrol,hatchback,manual,maruti,great,telangana,150000
14,142726,10194.714285714286,2,325,0,0,0,0,1,diesel,sedan,manual,hyundai,great,telangana,150000
5,3587,717.4,1,8129,1,1,1,1,1,petrol,hatchback,manual,maruti,great,telangana,551399
5,3343,668.6,1,2828,1,1,1,0,1,diesel,sedan,manual,maruti,great,telangana,624799
9,10027,1114.111111111111,1,7827,1,1,1,0,1,petrol,hatchback,manual,hyundai,great,telangana,368599
9,147857,16428.555555555555,1,522,1,0,0,0,0,diesel,suv,manual,tata,fair,chhattisgarh,210000
7,28446,4063.714285714286,1,4761,1,1,1,0,1,petrol,hatchback,manual,hyundai,great,telangana,376099
4,9415,2353.75,1,3468,1,1,1,0,1,petrol,hatchback,manual,renault,great,telangana,337299
9,32353,3594.777777777778,1,6873,1,1,1,0,1,petrol,hatchback,manual,hyundai,great,telangana,413699
1,15784,15784.0,1,454,1,1,1,0,1,petrol,sedan,manual,maruti,great,telangana,661399
6,36668,6111.333333333333,2,4434,1,1,1,0,1,diesel,hatchback,manual,maruti,great,telangana,517699
7,45993,6570.428571428572,2,1929,1,1,1,0,1,petrol,hatchback,manual,hyundai,great,telangana,372999
4,27251,6812.75,1,1162,1,1,1,0,1,petrol,hatchback,manual,hyundai,great,telangana,512499
5,31361,6272.2,1,1096,1,1,1,0,1,petrol,hatchback,manual,hyundai,great,telangana,391699
2,3884,1942.0,1,2523,1,1,1,0,1,petrol,hatchback,manual,hyundai,great,telangana,540099
1,10923,10923.0,1,1626,1,1,1,0,1,petrol,hatchback,automatic,maruti,great,telangana,629999
5,30909,6181.8,1,1233,1,1,1,0,1,petrol,hatchback,automatic,renault,great,andhra pradesh,373799
4,3915,978.75,1,1115,1,1,1,0,1,petrol,hatchback,manual,hyundai,great,telangana,542999
2,14764,7382.0,1,886,1,1,1,0,1,petrol,hatchback,manual,maruti,great,telangana,387999
11,47145,4285.909090909091,3,3057,1,1,1,0,1,diesel,luxury sedan,automatic,chevrolet,great,telangana,414899
13,45640,3510.769230769231,1,1060,1,1,1,0,1,petrol,hatchback,manual,hyundai,great,telangana,250499
10,59781,5978.1,1,893,1,1,1,0,1,petrol,sedan,manual,honda,great,telangana,398699
6,36040,6006.666666666667,2,2531,1,1,1,0,1,petrol,suv,manual,maruti,great,telangana,557799
9,29691,3299.0,1,1503,1,1,1,0,1,petrol,hatchback,manual,hyundai,good,telangana,237999
6,49078,8179.666666666667,1,1620,1,1,1,0,1,petrol,hatchback,manual,maruti,great,andhra pradesh,466899
8,49081,6135.125,1,2440,1,1,1,0,1,diesel,sedan,manual,volkswagen,great,telangana,504699
10,40590,4059.0,1,1824,1,1,1,0,1,petrol,hatchback,manual,ford,good,telangana,243599
14,72039,5145.642857142857,1,1492,1,1,1,0,1,petrol,hatchback,manual,hyundai,good,telangana,171399
11,63693,5790.272727272727,1,1056,1,1,1,0,1,petrol,hatchback,manual,hyundai,great,telangana,321999
7,57599,8228.42857142857,1,3523,1,1,1,0,1,petrol,suv,automatic,ford,great,telangana,556999
2,17891,8945.5,2,1157,1,1,1,0,1,petrol,hatchback,unknown,hyundai,great,telangana,779199
8,49994,6249.25,1,1548,1,1,1,0,1,diesel,hatchback,manual,chevrolet,good,andhra pradesh,225399
4,35098,8774.5,1,1578,1,1,1,0,1,diesel,suv,manual,mahindra,great,telangana,772199
4,54543,13635.75,1,974,1,1,1,0,1,petrol,hatchback,manual,hyundai,great,telangana,603799
4,46636,11659.0,1,1501,1,1,1,0,1,petrol,hatchback,manual,hyundai,great,telangana,654999
13,90511,6962.384615384615,2,4503,1,1,1,0,1,petrol,sedan,manual,hyundai,good,telangana,173399
2,9906,4953.0,2,4099,1,1,1,0,1,diesel,suv,unknown,maruti,great,telangana,1075648
3,40659,13553.0,1,2026,1,1,1,0,1,diesel,suv,manual,maruti,great,telangana,776399
8,69582,8697.75,2,902,1,1,1,0,1,diesel,sedan,manual,hyundai,great,telangana,555099
5,61357,12271.4,2,2483,1,1,1,0,1,diesel,hatchback,manual,volkswagen,great,telangana,502099
14,102600,7328.571428571428,2,30272,1,1,1,0,1,petrol,sedan,automatic,honda,great,haryana,127599
3,29129,9709.666666666666,1,2597,1,1,1,0,1,petrol,suv,manual,hyundai,great,telangana,844899
10,87022,8702.2,1,797,1,1,1,0,1,petrol,sedan,manual,hyundai,good,telangana,448699
3,44630,14876.666666666666,2,2657,1,1,1,0,1,diesel,suv,unknown,ford,great,telangana,891799
2,27228,13614.0,1,2456,1,1,1,0,1,diesel,suv,unknown,mahindra,great,telangana,886399
5,22280,4456.0,1,2184,1,1,1,0,1,diesel,suv,unknown,hyundai,great,telangana,1010705
6,87654,14609.0,1,3164,1,1,1,0,1,diesel,luxury suv,automatic,audi,great,telangana,1535599
6,63791,10631.833333333334,1,1168,1,1,1,0,1,petrol,hatchback,automatic,honda,great,telangana,531199
9,88245,9805.0,1,1442,1,1,1,0,1,diesel,sedan,manual,skoda,good,telangana,378799
8,122598,15324.75,1,2048,1,1,1,0,1,petrol,sedan,automatic,honda,great,telangana,445699
6,98091,16348.5,1,1355,1,1,1,0,1,petrol,hatchback,manual,volkswagen,great,telangana,471199
6,130427,21737.833333333332,2,1066,1,1,1,0,1,diesel,hatchback,manual,volkswagen,great,telangana,489599
12,215056,17921.333333333332,2,2262,1,1,1,0,1,diesel,luxury suv,manual,toyota,great,telangana,857499
10,65669,6566.9,2,501,1,0,0,1,0,diesel,luxury sedan,manual,chevrolet,fair,telangana,350000
7,85888,12269.714285714286,1,494,0,0,0,0,1,diesel,luxury suv,manual,mercedes benz,great,telangana,1639000
15,176441,11762.733333333334,2,226,1,0,0,0,1,diesel,suv,manual,toyota,overpriced,telangana,310000
10,43416,4341.6,1,947,0,0,0,0,0,petrol,hatchback,manual,chevrolet,good,west bengal,75000
8,163527,20440.875,1,752,1,0,0,0,1,diesel,suv,manual,mahindra,good,telangana,165000
6,67435,11239.166666666666,1,495,1,0,0,0,1,diesel,sedan,manual,tata,overpriced,telangana,300000
6,76366,12727.666666666666,1,455,1,0,0,0,1,diesel,sedan,manual,toyota,good,telangana,635000
8,90044,11255.5,6,1039,0,0,0,1,1,diesel,suv,manual,tata,overpriced,telangana,875000
8,76506,9563.25,2,177,1,0,0,1,1,diesel,sedan,manual,hyundai,fair,telangana,600000
6,6341,1056.8333333333333,1,624,1,1,0,0,1,petrol,hatchback,manual,maruti,great,tamil nadu,331399
4,11529,2882.25,2,5668,1,1,0,0,1,petrol,hatchback,automatic,renault,great,tamil nadu,384199
11,17572,1597.4545454545455,1,4658,1,1,0,0,1,petrol,sedan,manual,maruti,great,tamil nadu,349799
11,42198,3836.181818181818,1,2240,1,1,0,0,1,petrol,hatchback,manual,maruti,good,tamil nadu,232799
4,18056,4514.0,1,4126,0,1,0,0,1,petrol,hatchback,manual,renault,great,tamil nadu,333099
10,23217,2321.7,1,2078,1,1,0,0,1,petrol,hatchback,manual,maruti,great,tamil nadu,266799
9,14581,1620.111111111111,1,12908,1,1,0,0,1,petrol,hatchback,automatic,hyundai,great,tamil nadu,376299
2,3658,1829.0,1,2601,1,1,0,0,1,petrol,hatchback,unknown,maruti,great,tamil nadu,355499
7,30971,4424.428571428572,1,1477,1,1,0,0,1,petrol,hatchback,automatic,maruti,great,tamil nadu,396699
4,9567,2391.75,1,2687,1,1,0,0,1,petrol,hatchback,manual,hyundai,great,tamil nadu,340299
7,29002,4143.142857142857,1,2922,1,1,0,0,1,petrol,hatchback,manual,maruti,great,tamil nadu,334099
5,8341,1668.2,1,2275,0,1,0,0,1,petrol,hatchback,manual,maruti,great,tamil nadu,309899
3,6603,2201.0,1,1375,1,1,0,0,1,petrol,suv,manual,maruti,great,tamil nadu,335299
4,20907,5226.75,1,2399,1,1,0,0,1,petrol,hatchback,manual,maruti,great,tamil nadu,407499
1,2078,2078.0,1,4889,1,1,0,0,1,petrol,hatchback,unknown,hyundai,great,tamil nadu,698099
5,24346,4869.2,2,1648,1,1,0,0,1,petrol,hatchback,manual,maruti,great,tamil nadu,288599
4,22175,5543.75,1,3027,1,1,0,0,1,petrol,suv,manual,maruti,great,tamil nadu,391199
4,26617,6654.25,1,3936,1,1,0,0,1,petrol,hatchback,manual,honda,great,tamil nadu,591499
3,9572,3190.6666666666665,1,840,1,1,0,0,1,petrol,hatchback,manual,maruti,great,tamil nadu,574899
10,45931,4593.1,1,700,1,1,0,0,1,petrol,hatchback,manual,hyundai,great,tamil nadu,333999
8,30494,3811.75,1,4389,1,1,0,0,1,petrol,hatchback,manual,hyundai,great,tamil nadu,410199
3,21916,7305.333333333333,1,470,1,1,0,0,1,petrol,suv,manual,maruti,great,tamil nadu,451599
10,42118,4211.8,2,3679,1,1,0,0,1,petrol,hatchback,manual,hyundai,great,tamil nadu,280899
6,42503,7083.833333333333,2,3487,1,1,0,0,1,petrol,hatchback,manual,volkswagen,great,tamil nadu,444999
12,35966,2997.1666666666665,2,5138,1,1,0,0,1,petrol,hatchback,manual,hyundai,great,tamil nadu,212799
10,13977,1397.7,1,1398,1,1,0,0,1,petrol,hatchback,manual,maruti,great,tamil nadu,265699
5,8063,1612.6,1,1874,1,1,0,0,1,petrol,hatchback,automatic,hyundai,great,tamil nadu,482799
9,31373,3485.8888888888887,2,1151,1,1,0,0,1,petrol,hatchback,manual,hyundai,good,tamil nadu,252399
2,3243,1621.5,1,1138,1,1,0,0,1,petrol,unknown,unknown,hyundai,great,tamil nadu,580199
9,11185,1242.7777777777778,1,1982,1,1,0,0,1,petrol,hatchback,manual,honda,great,tamil nadu,352699
6,19070,3178.3333333333335,2,480,1,1,0,0,1,petrol,hatchback,unknown,maruti,great,tamil nadu,362399
6,17762,2960.3333333333335,1,2646,1,1,0,0,1,petrol,hatchback,automatic,maruti,great,tamil nadu,396899
6,38703,6450.5,1,846,1,1,0,0,1,petrol,hatchback,automatic,maruti,great,tamil nadu,416199
9,38553,4283.666666666667,1,589,1,1,0,0,1,petrol,hatchback,manual,maruti,great,tamil nadu,338999
7,34968,4995.428571428572,2,2596,1,1,0,0,1,petrol,hatchback,manual,hyundai,great,tamil nadu,266399
8,41318,5164.75,2,1208,1,1,0,0,1,petrol,sedan,manual,maruti,great,tamil nadu,445099
5,29511,5902.2,1,2770,1,1,0,0,1,petrol,hatchback,unknown,maruti,great,tamil nadu,480699
4,5873,1468.25,1,1505,1,1,0,0,1,petrol,hatchback,manual,maruti,great,tamil nadu,426999
5,22360,4472.0,1,883,1,1,0,0,1,petrol,hatchback,manual,maruti,great,tamil nadu,324099
7,21428,3061.1428571428573,1,1272,1,1,0,0,1,petrol,hatchback,manual,hyundai,great,tamil nadu,373899
3,11258,3752.6666666666665,1,1586,1,1,0,0,1,petrol,hatchback,manual,maruti,great,tamil nadu,618899
2,9891,4945.5,1,595,0,1,0,0,1,petrol,suv,manual,maruti,great,tamil nadu,477499
8,30782,3847.75,1,388,1,1,0,0,1,petrol,hatchback,manual,maruti,great,tamil nadu,378399
5,20090,4018.0,2,990,1,1,0,0,1,petrol,hatchback,manual,hyundai,great,tamil nadu,470299
5,32196,6439.2,1,521,1,1,0,0,1,petrol,hatchback,manual,maruti,great,tamil nadu,416099
7,37918,5416.857142857143,2,1930,1,1,0,0,1,petrol,hatchback,manual,maruti,great,tamil nadu,333699
11,42573,3870.2727272727275,2,3183,1,1,0,0,1,petrol,hatchback,manual,hyundai,great,tamil nadu,254099
6,35283,5880.5,1,1536,1,1,0,0,1,petrol,hatchback,manual,volkswagen,great,tamil nadu,535999
9,42251,4694.555555555556,1,991,1,1,0,0,1,petrol,hatchback,manual,maruti,great,tamil nadu,257899
5,27775,5555.0,1,1954,1,1,0,0,1,petrol,hatchback,manual,hyundai,great,tamil nadu,299699
9,50410,5601.111111111111,1,1270,1,1,0,0,1,petrol,hatchback,manual,maruti,great,tamil nadu,219599
7,30702,4386.0,1,1211,1,1,0,0,1,petrol,hatchback,automatic,hyundai,great,tamil nadu,461099
5,21361,4272.2,1,2758,1,1,0,0,1,petrol,hatchback,manual,renault,great,tamil nadu,319299
3,15762,5254.0,1,662,1,1,0,0,1,petrol,unknown,unknown,maruti,great,tamil nadu,334199
4,24401,6100.25,1,514,1,1,0,0,1,petrol,hatchback,manual,maruti,great,tamil nadu,439499
8,28195,3524.375,1,1974,1,1,0,0,1,petrol,sedan,manual,maruti,great,tamil nadu,464499
11,32693,2972.090909090909,1,642,1,1,0,0,1,petrol,hatchback,manual,hyundai,good,tamil nadu,300499
6,45803,7633.833333333333,2,3561,1,1,0,0,1,diesel,suv,manual,maruti,great,tamil nadu,645599
4,25972,6493.0,1,2235,1,1,0,0,1,petrol,hatchback,manual,maruti,great,tamil nadu,531799
6,37667,6277.833333333333,2,682,1,1,0,0,1,petrol,hatchback,automatic,honda,great,tamil nadu,441899
9,58963,6551.444444444444,1,1344,1,1,0,0,1,petrol,hatchback,manual,maruti,great,tamil nadu,214299
7,27544,3934.8571428571427,2,1156,1,1,0,0,1,petrol,hatchback,automatic,maruti,great,tamil nadu,399099
3,16087,5362.333333333333,2,978,1,1,0,0,1,petrol,hatchback,manual,maruti,great,tamil nadu,427899
4,17538,4384.5,1,548,1,1,0,0,1,petrol,hatchback,manual,maruti,great,tamil nadu,593399
3,10893,3631.0,1,1577,1,1,0,0,1,petrol,hatchback,manual,hyundai,great,tamil nadu,684899
11,49238,4476.181818181818,2,1108,1,1,0,0,1,petrol,sedan,manual,maruti,good,tamil nadu,339099
8,22713,2839.125,3,1921,1,1,0,0,1,petrol,hatchback,manual,hyundai,great,tamil nadu,249299
6,40987,6831.166666666667,1,1113,1,1,0,0,1,petrol,hatchback,manual,maruti,great,tamil nadu,481299
2,13079,6539.5,1,474,1,1,0,0,1,petrol,hatchback,manual,maruti,great,tamil nadu,526899
10,51684,5168.4,3,1600,1,1,0,0,1,petrol,sedan,automatic,honda,great,tamil nadu,434699
8,27109,3388.625,2,1243,1,1,0,0,1,petrol,hatchback,manual,hyundai,great,tamil nadu,256399
11,46987,4271.545454545455,1,965,1,1,0,0,1,petrol,hatchback,manual,maruti,great,tamil nadu,233499
10,45714,4571.4,2,496,1,1,0,0,1,petrol,hatchback,manual,maruti,great,tamil nadu,324399
2,11172,5586.0,1,1433,1,1,0,0,1,petrol,hatchback,manual,hyundai,great,tamil nadu,743799
3,13741,4580.333333333333,1,759,1,1,0,0,1,petrol,hatchback,manual,maruti,great,tamil nadu,352099
3,13962,4654.0,1,1050,1,1,0,0,1,petrol,hatchback,manual,maruti,great,tamil nadu,603399
3,22562,7520.666666666667,1,937,1,1,0,0,1,petrol,hatchback,manual,hyundai,great,tamil nadu,679199
5,18639,3727.8,1,1958,1,1,0,0,1,petrol,hatchback,manual,hyundai,great,tamil nadu,552399
6,47445,7907.5,1,1533,1,1,0,0,1,petrol,sedan,manual,maruti,great,tamil nadu,484499
4,22993,5748.25,2,1259,1,1,0,0,1,petrol,hatchback,automatic,maruti,great,tamil nadu,675399
4,25712,6428.0,1,594,1,1,0,0,1,petrol,hatchback,manual,maruti,great,tamil nadu,325099
3,10382,3460.6666666666665,1,2517,1,1,0,0,1,petrol,hatchback,automatic,maruti,great,tamil nadu,633699
1,2979,2979.0,1,3072,1,1,0,0,1,petrol,suv,unknown,maruti,great,tamil nadu,984299
3,17794,5931.333333333333,1,710,1,1,0,0,1,petrol,sedan,manual,maruti,great,tamil nadu,628699
4,17163,4290.75,1,1487,1,1,0,0,1,diesel,sedan,manual,maruti,great,tamil nadu,667799
8,50429,6303.625,1,450,1,1,0,0,1,petrol,hatchback,manual,maruti,great,tamil nadu,356099
1,13447,13447.0,1,1354,1,1,0,0,1,petrol,suv,manual,maruti,great,tamil nadu,470699
5,34082,6816.4,1,1448,1,1,0,0,1,petrol,hatchback,manual,renault,great,tamil nadu,315899
4,40381,10095.25,1,692,1,1,0,0,1,petrol,hatchback,manual,maruti,great,tamil nadu,417899
7,40695,5813.571428571428,2,1178,1,1,0,0,1,petrol,hatchback,manual,maruti,great,tamil nadu,247399
5,44019,8803.8,1,1040,1,1,0,0,1,petrol,hatchback,automatic,hyundai,great,tamil nadu,478399
4,8643,2160.75,1,760,1,1,0,0,1,petrol,hatchback,manual,hyundai,great,tamil nadu,518899
2,12425,6212.5,1,4259,1,1,0,0,1,petrol,hatchback,manual,maruti,great,tamil nadu,647999
5,38519,7703.8,1,2288,1,1,0,0,1,diesel,sedan,manual,maruti,great,tamil nadu,601599
7,46804,6686.285714285715,3,3106,1,1,0,1,1,diesel,hatchback,manual,fiat,great,tamil nadu,295099
2,1890,945.0,2,675,1,1,0,0,1,petrol,hatchback,manual,maruti,great,tamil nadu,652999
6,23641,3940.1666666666665,1,1789,1,1,0,0,1,petrol,suv,manual,maruti,great,tamil nadu,655299
5,42946,8589.2,2,1006,1,1,1,0,1,petrol,hatchback,manual,hyundai,great,tamil nadu,301699
5,39145,7829.0,1,1145,1,1,0,0,1,petrol,hatchback,manual,renault,great,tamil nadu,314299
5,39910,7982.0,1,625,1,1,0,0,1,petrol,hatchback,manual,hyundai,great,tamil nadu,317899
11,54732,4975.636363636364,1,875,1,1,0,0,1,petrol,hatchback,manual,maruti,great,tamil nadu,242999
2,23090,11545.0,1,425,1,1,0,0,1,petrol,suv,manual,maruti,great,tamil nadu,467199
6,42060,7010.0,1,838,1,1,0,0,1,petrol,hatchback,manual,hyundai,great,tamil nadu,575899
6,39763,6627.166666666667,2,1673,1,1,0,0,1,petrol,hatchback,manual,volkswagen,great,tamil nadu,523699
3,18363,6121.0,1,1262,1,1,0,0,1,petrol,hatchback,unknown,hyundai,great,tamil nadu,554799
5,29711,5942.2,1,360,1,1,0,0,1,petrol,hatchback,manual,maruti,great,tamil nadu,666299
9,48440,5382.222222222223,1,701,1,1,0,0,1,petrol,hatchback,manual,hyundai,great,tamil nadu,331499
3,14901,4967.0,1,1380,1,1,0,0,1,petrol,hatchback,manual,tata,great,tamil nadu,513699
3,19266,6422.0,1,1410,1,1,0,0,1,petrol,hatchback,manual,hyundai,great,tamil nadu,532899
6,20657,3442.8333333333335,1,2209,1,1,0,0,1,petrol,hatchback,manual,hyundai,great,tamil nadu,518099
4,35774,8943.5,1,254,1,1,0,0,1,petrol,hatchback,manual,maruti,great,tamil nadu,562599
5,23367,4673.4,2,2493,1,1,0,0,1,petrol,sedan,manual,volkswagen,great,tamil nadu,528999
8,55517,6939.625,1,630,1,1,0,0,1,petrol,hatchback,manual,maruti,great,tamil nadu,341599
3,9398,3132.6666666666665,1,1809,1,1,0,0,1,petrol,hatchback,manual,maruti,great,tamil nadu,599299
6,43136,7189.333333333333,1,547,1,1,0,0,1,petrol,hatchback,automatic,maruti,great,tamil nadu,378299
11,61400,5581.818181818182,1,1283,1,1,0,0,1,petrol,hatchback,manual,maruti,great,tamil nadu,241399
9,64480,7164.444444444444,1,2528,1,1,0,0,1,petrol,hatchback,manual,maruti,great,tamil nadu,237399
7,49994,7142.0,2,3245,1,1,0,0,1,petrol,hatchback,manual,renault,great,tamil nadu,298199
6,52695,8782.5,1,573,1,1,0,0,1,petrol,hatchback,manual,hyundai,great,tamil nadu,577599
12,28390,2365.8333333333335,2,720,1,1,0,0,1,petrol,hatchback,manual,hyundai,good,tamil nadu,247399
4,51394,12848.5,1,659,1,1,0,0,1,petrol,hatchback,manual,hyundai,great,tamil nadu,436099
8,61781,7722.625,2,2513,0,1,0,0,1,diesel,hatchback,manual,maruti,great,tamil nadu,409799
6,46243,7707.166666666667,2,672,1,1,0,0,1,petrol,hatchback,manual,hyundai,great,tamil nadu,424599
6,50398,8399.666666666666,2,395,1,1,0,0,1,petrol,hatchback,manual,hyundai,great,tamil nadu,460299
8,53953,6744.125,1,1248,1,1,0,0,1,petrol,hatchback,manual,hyundai,great,tamil nadu,373199
3,20159,6719.666666666667,1,2048,0,1,0,0,1,petrol,hatchback,manual,maruti,great,tamil nadu,565899
1,7815,7815.0,1,2337,1,1,0,0,1,petrol,hatchback,manual,maruti,great,tamil nadu,750299
7,62368,8909.714285714286,1,1207,1,1,0,0,1,diesel,hatchback,manual,maruti,great,tamil nadu,469899
5,36422,7284.4,1,439,1,1,0,0,1,petrol,hatchback,manual,hyundai,great,tamil nadu,331299
3,4241,1413.6666666666667,1,449,1,1,0,0,1,petrol,hatchback,manual,hyundai,great,tamil nadu,550699
6,32650,5441.666666666667,1,808,1,1,0,0,1,petrol,hatchback,automatic,hyundai,great,tamil nadu,491399
6,21715,3619.1666666666665,1,2412,1,1,0,0,1,petrol,hatchback,manual,volkswagen,great,tamil nadu,516199
8,53876,6734.5,2,386,1,1,0,0,1,petrol,sedan,manual,maruti,great,tamil nadu,474399
11,59694,5426.727272727273,2,1842,1,1,0,0,1,petrol,sedan,manual,honda,great,tamil nadu,413899
13,61075,4698.076923076923,2,2267,1,1,0,0,1,petrol,hatchback,manual,hyundai,good,tamil nadu,204299
7,57434,8204.857142857143,1,1285,1,1,0,0,1,petrol,hatchback,manual,maruti,great,tamil nadu,235399
5,29163,5832.6,1,302,1,1,0,0,1,petrol,hatchback,manual,renault,good,tamil nadu,353099
4,27345,6836.25,1,689,1,1,0,0,1,petrol,hatchback,manual,hyundai,great,tamil nadu,645599
4,30644,7661.0,2,3077,0,1,0,0,1,diesel,hatchback,manual,ford,great,tamil nadu,532899
5,51404,10280.8,1,723,0,1,0,0,1,petrol,hatchback,manual,hyundai,great,tamil nadu,547399
4,32077,8019.25,1,817,1,1,0,0,1,petrol,hatchback,manual,hyundai,great,tamil nadu,621299
6,55562,9260.333333333334,1,773,1,1,0,0,1,petrol,hatchback,manual,maruti,great,tamil nadu,482399
4,37607,9401.75,1,2488,1,1,0,0,1,diesel,sedan,automatic,maruti,great,tamil nadu,678699
5,41675,8335.0,3,712,1,1,0,0,1,petrol,hatchback,manual,hyundai,great,tamil nadu,304299
8,64676,8084.5,1,2255,1,1,0,0,1,petrol,hatchback,manual,maruti,great,tamil nadu,217999
8,55207,6900.875,3,662,1,1,0,0,1,diesel,hatchback,manual,hyundai,great,tamil nadu,334999
9,42103,4678.111111111111,1,663,1,1,0,0,1,petrol & lpg,hatchback,automatic,hyundai,good,tamil nadu,398699
4,35527,8881.75,1,133,1,1,0,0,1,petrol,hatchback,manual,hyundai,great,tamil nadu,356299
5,48062,9612.4,1,9054,1,1,0,0,1,diesel,suv,manual,mahindra,great,tamil nadu,711999
8,62605,7825.625,2,2099,1,1,0,0,1,petrol,sedan,manual,nissan,great,tamil nadu,393099
9,70091,7787.888888888889,2,1270,1,1,0,0,1,diesel,hatchback,manual,maruti,great,tamil nadu,317999
9,65116,7235.111111111111,1,748,1,1,0,0,1,diesel,hatchback,manual,maruti,great,tamil nadu,355899
5,35816,7163.2,1,588,1,1,0,0,1,petrol,hatchback,manual,renault,good,tamil nadu,338099
9,43690,4854.444444444444,1,564,1,1,0,0,1,petrol,hatchback,manual,honda,good,tamil nadu,367199
4,42061,10515.25,1,181,0,1,0,0,1,petrol,hatchback,manual,maruti,great,tamil nadu,545999
2,20045,10022.5,1,911,1,1,0,0,1,petrol,hatchback,manual,maruti,great,tamil nadu,633199
3,23752,7917.333333333333,1,2087,1,1,0,0,1,diesel,sedan,manual,maruti,great,tamil nadu,688499
2,19508,9754.0,1,1122,1,1,0,0,1,petrol,hatchback,manual,maruti,great,tamil nadu,626099
7,55838,7976.857142857143,1,890,1,1,0,0,1,diesel,sedan,manual,honda,great,tamil nadu,468299
8,69617,8702.125,1,2729,1,1,0,0,1,diesel,hatchback,manual,hyundai,great,tamil nadu,377599
8,66970,8371.25,2,542,1,1,0,0,1,diesel,hatchback,manual,maruti,great,tamil nadu,458099
7,67785,9683.57142857143,1,1028,1,1,0,0,1,petrol,hatchback,manual,hyundai,great,tamil nadu,493599
5,47745,9549.0,1,347,1,1,0,0,1,petrol,hatchback,manual,maruti,great,tamil nadu,313499
10,72997,7299.7,2,289,1,1,0,0,1,petrol,hatchback,manual,maruti,great,tamil nadu,310199
6,56767,9461.166666666666,1,2181,1,1,0,0,1,petrol,hatchback,manual,hyundai,great,tamil nadu,496899
1,9501,9501.0,1,1206,1,1,0,0,1,petrol,hatchback,manual,maruti,great,tamil nadu,788199
5,45345,9069.0,2,53,1,1,0,0,1,petrol,hatchback,manual,hyundai,great,tamil nadu,500399
2,14982,7491.0,1,590,1,1,0,0,1,petrol,sedan,manual,maruti,great,tamil nadu,714499
2,16763,8381.5,1,3061,1,1,0,0,1,diesel,luxury suv,unknown,mahindra,great,tamil nadu,1438440
6,61970,10328.333333333334,1,1259,1,1,0,0,1,diesel,sedan,unknown,maruti,great,tamil nadu,514899
3,33554,11184.666666666666,1,1180,1,1,0,0,1,petrol,hatchback,manual,maruti,great,tamil nadu,623999
3,29975,9991.666666666666,2,718,1,1,0,0,1,petrol,hatchback,manual,maruti,great,tamil nadu,311999
4,19176,4794.0,1,1439,0,1,0,0,1,diesel,sedan,manual,maruti,great,tamil nadu,614399
3,35899,11966.333333333334,1,566,1,1,0,0,1,petrol,hatchback,manual,maruti,great,tamil nadu,389799
7,35571,5081.571428571428,1,571,1,1,0,0,1,petrol,hatchback,manual,hyundai,good,tamil nadu,373499
2,5183,2591.5,1,2430,1,1,0,0,1,petrol,hatchback,unknown,honda,great,tamil nadu,991199
4,64778,16194.5,1,472,1,1,0,0,1,petrol,hatchback,manual,maruti,great,tamil nadu,331799
4,44883,11220.75,2,981,1,1,0,0,1,petrol,hatchback,manual,volkswagen,great,tamil nadu,516199
4,42259,10564.75,2,486,0,1,0,0,1,petrol,hatchback,manual,renault,great,tamil nadu,360899
12,60522,5043.5,2,1800,1,1,0,0,1,petrol,hatchback,manual,maruti,good,tamil nadu,196699
6,48809,8134.833333333333,2,1527,1,1,0,0,1,petrol,hatchback,manual,maruti,great,tamil nadu,475099
4,46847,11711.75,1,713,1,1,0,0,1,petrol,sedan,automatic,maruti,great,tamil nadu,762899
4,104315,26078.75,1,2018,1,1,0,0,1,petrol,suv,manual,hyundai,great,tamil nadu,801499
2,14712,7356.0,1,1640,1,1,0,0,1,petrol,hatchback,manual,hyundai,great,tamil nadu,731599
8,62227,7778.375,1,443,1,1,0,0,1,petrol,hatchback,manual,maruti,great,tamil nadu,364699
9,68105,7567.222222222223,1,324,1,1,0,0,1,petrol,sedan,manual,maruti,great,tamil nadu,446299
6,10220,1703.3333333333333,1,1058,1,1,0,0,1,diesel,suv,manual,renault,great,tamil nadu,747199
7,43638,6234.0,1,565,1,1,0,0,1,petrol,hatchback,manual,hyundai,good,tamil nadu,289599
2,16114,8057.0,1,2568,1,1,0,0,1,petrol,suv,unknown,hyundai,great,tamil nadu,1045651
2,21823,10911.5,1,1393,1,1,0,0,1,petrol,hatchback,automatic,maruti,great,tamil nadu,657599
6,73530,12255.0,1,937,1,1,0,0,1,diesel,hatchback,manual,maruti,great,tamil nadu,493099
5,57563,11512.6,1,554,1,1,0,0,1,petrol,hatchback,automatic,maruti,great,tamil nadu,433099
9,81727,9080.777777777777,1,405,1,1,0,0,1,petrol,hatchback,manual,maruti,great,tamil nadu,313999
3,39847,13282.333333333334,1,2079,1,1,0,0,1,petrol,hatchback,manual,hyundai,great,tamil nadu,435799
11,79065,7187.727272727273,1,1136,0,1,0,0,1,petrol,sedan,manual,honda,great,tamil nadu,401399
9,68292,7588.0,1,372,0,1,0,0,1,petrol,sedan,manual,maruti,great,tamil nadu,423499
3,33515,11171.666666666666,1,1387,1,1,0,0,1,diesel,hatchback,manual,hyundai,great,tamil nadu,632399
5,52128,10425.6,1,1480,1,1,0,0,1,diesel,suv,manual,maruti,great,tamil nadu,672199
7,77398,11056.857142857143,1,1118,1,1,0,0,1,diesel,suv,manual,renault,great,tamil nadu,542599
2,23277,11638.5,1,3212,1,1,0,0,1,diesel,unknown,unknown,kia,great,tamil nadu,1529946
3,33236,11078.666666666666,1,2415,1,1,0,0,1,petrol,sedan,manual,honda,great,tamil nadu,844199
13,79056,6081.2307692307695,2,918,1,1,0,0,1,petrol,hatchback,manual,maruti,good,tamil nadu,208599
1,11520,11520.0,1,2652,1,1,0,0,1,diesel,suv,manual,ford,great,tamil nadu,1106251
3,39655,13218.333333333334,1,1093,1,1,0,0,1,petrol,sedan,manual,maruti,great,tamil nadu,700499
3,29265,9755.0,1,570,1,1,0,0,1,petrol,hatchback,manual,honda,great,tamil nadu,645099
5,58384,11676.8,1,1807,1,1,0,0,1,diesel,suv,manual,mahindra,great,tamil nadu,676199
4,57780,14445.0,1,1308,1,1,0,0,1,petrol,hatchback,manual,maruti,great,tamil nadu,471199
3,29177,9725.666666666666,1,696,1,1,0,0,1,petrol,sedan,unknown,honda,great,tamil nadu,732599
3,40049,13349.666666666666,1,2002,1,1,0,0,1,petrol,hatchback,manual,renault,great,tamil nadu,359599
10,53962,5396.2,1,342,1,1,0,0,1,petrol,hatchback,manual,maruti,good,tamil nadu,258299
3,47586,15862.0,1,380,1,1,0,0,1,petrol,hatchback,manual,maruti,great,tamil nadu,618199
3,61191,20397.0,1,1032,1,1,0,0,1,petrol,sedan,manual,maruti,great,tamil nadu,595299
2,19923,9961.5,1,3677,1,1,0,0,1,petrol,suv,unknown,nissan,great,tamil nadu,765499
3,44945,14981.666666666666,1,1160,1,1,0,0,1,petrol,hatchback,automatic,nissan,great,tamil nadu,503299
7,83907,11986.714285714286,1,759,1,1,0,0,1,diesel,sedan,manual,maruti,great,tamil nadu,495799
9,83574,9286.0,2,1580,1,1,0,0,1,petrol,hatchback,manual,honda,great,tamil nadu,294599
2,25049,12524.5,1,1670,1,1,0,0,1,diesel,suv,unknown,hyundai,great,tamil nadu,964699
3,26402,8800.666666666666,2,1832,1,1,0,0,1,petrol,sedan,manual,hyundai,great,tamil nadu,952599
5,71785,14357.0,1,3748,1,1,0,0,1,petrol,hatchback,manual,renault,great,tamil nadu,296999
8,74119,9264.875,2,1099,1,1,0,0,1,petrol,sedan,manual,honda,great,tamil nadu,529599
2,52600,26300.0,1,309,1,1,0,0,1,diesel,sedan,manual,maruti,great,tamil nadu,687899
11,95673,8697.545454545454,1,982,1,1,0,0,1,petrol,sedan,automatic,honda,great,tamil nadu,410699
8,73447,9180.875,1,739,1,1,0,0,1,petrol,hatchback,manual,hyundai,great,tamil nadu,344199
3,43068,14356.0,1,1312,1,1,0,0,1,diesel,sedan,manual,ford,great,tamil nadu,629799
5,73698,14739.6,1,648,1,1,0,0,1,diesel,hatchback,manual,maruti,great,tamil nadu,616899
10,72062,7206.2,2,726,1,1,0,0,1,petrol,hatchback,manual,toyota,good,tamil nadu,354199
11,84529,7684.454545454545,1,1718,1,1,0,0,1,petrol,hatchback,manual,hyundai,great,tamil nadu,321999
7,78309,11187.0,1,751,1,1,0,0,1,petrol,hatchback,manual,maruti,great,tamil nadu,461399
6,81879,13646.5,1,435,1,1,0,0,1,diesel,sedan,manual,honda,great,tamil nadu,506999
12,82747,6895.583333333333,3,4111,1,1,0,0,1,petrol,hatchback,manual,maruti,great,tamil nadu,188399
8,84769,10596.125,1,4294,1,1,0,0,1,diesel,suv,manual,ford,great,tamil nadu,467099
3,35067,11689.0,1,1883,1,1,0,0,1,diesel,hatchback,manual,maruti,great,tamil nadu,697999
8,86720,10840.0,1,1076,1,1,0,0,1,petrol,suv,manual,maruti,great,tamil nadu,554599
9,86555,9617.222222222223,2,1445,1,1,0,0,1,diesel,sedan,manual,nissan,great,tamil nadu,377099
2,14437,7218.5,1,3077,1,1,0,0,1,petrol,sedan,unknown,honda,great,tamil nadu,989399
9,111086,12342.888888888889,1,374,1,1,0,0,1,diesel,hatchback,manual,toyota,great,tamil nadu,435099
3,38458,12819.333333333334,1,937,1,1,0,0,1,petrol,hatchback,manual,tata,great,tamil nadu,498799
10,80046,8004.6,1,402,1,1,0,0,1,petrol,hatchback,manual,maruti,good,tamil nadu,257499
7,71201,10171.57142857143,1,1363,1,1,0,0,1,petrol,sedan,manual,toyota,great,tamil nadu,462199
8,72342,9042.75,2,1323,1,1,0,0,1,petrol,hatchback,automatic,maruti,great,tamil nadu,278999
4,66343,16585.75,1,771,1,1,0,0,1,diesel,sedan,automatic,maruti,great,tamil nadu,629999
8,88137,11017.125,2,207,1,1,0,0,1,diesel,hatchback,manual,maruti,great,tamil nadu,471099
2,11542,5771.0,1,431,1,1,0,0,1,petrol,suv,unknown,hyundai,great,tamil nadu,1017169
2,33584,16792.0,1,516,1,1,0,0,1,diesel,sedan,manual,maruti,great,tamil nadu,741399
7,73937,10562.42857142857,1,714,1,1,0,0,1,petrol,hatchback,manual,maruti,great,tamil nadu,361399
14,71079,5077.071428571428,1,1844,1,1,0,0,1,petrol,hatchback,manual,hyundai,good,tamil nadu,193999
8,102130,12766.25,1,540,1,1,0,0,1,diesel,sedan,manual,honda,great,tamil nadu,409999
8,75384,9423.0,1,827,1,1,0,0,1,diesel,suv,manual,maruti,great,tamil nadu,642499
3,52781,17593.666666666668,2,1422,1,1,0,0,1,diesel,suv,unknown,hyundai,great,tamil nadu,1144227
8,30470,3808.75,4,5479,1,1,0,0,1,diesel,luxury sedan,automatic,bmw,great,tamil nadu,1357842
5,71271,14254.2,1,946,1,1,0,0,1,diesel,suv,manual,maruti,great,tamil nadu,736799
8,84015,10501.875,3,759,1,1,0,0,1,petrol,hatchback,manual,maruti,great,tamil nadu,233899
8,92104,11513.0,2,538,1,1,0,0,1,petrol,hatchback,manual,hyundai,great,tamil nadu,336899
3,71883,23961.0,2,1405,1,1,0,0,1,diesel,hatchback,manual,maruti,great,tamil nadu,584399
2,15159,7579.5,1,1514,1,1,0,0,1,diesel,suv,unknown,maruti,great,tamil nadu,934399
6,66632,11105.333333333334,1,1182,1,1,0,0,1,petrol,sedan,manual,honda,great,tamil nadu,442999
13,106887,8222.076923076924,1,2758,1,1,0,0,1,petrol,hatchback,manual,hyundai,great,tamil nadu,191299
4,64360,16090.0,2,1837,1,1,0,0,1,diesel,hatchback,manual,volkswagen,great,tamil nadu,574399
5,70349,14069.8,1,1506,1,1,0,0,1,petrol,sedan,manual,maruti,great,tamil nadu,480699
5,61676,12335.2,1,282,1,1,0,0,1,petrol,hatchback,manual,maruti,great,tamil nadu,329799
6,86595,14432.5,1,3305,1,1,0,0,1,diesel,suv,unknown,mahindra,great,tamil nadu,583499
5,91075,18215.0,1,734,1,1,0,0,1,diesel,hatchback,manual,maruti,great,tamil nadu,522899
4,87760,21940.0,1,1969,1,1,0,0,1,diesel,suv,manual,honda,great,tamil nadu,713699
5,89014,17802.8,1,966,1,1,0,0,1,diesel,sedan,automatic,skoda,great,tamil nadu,658799
10,105407,10540.7,3,694,1,1,0,0,1,petrol,sedan,manual,toyota,great,tamil nadu,383399
3,66171,22057.0,1,745,1,1,0,0,1,diesel,sedan,unknown,hyundai,great,tamil nadu,556399
2,43569,21784.5,1,820,1,1,0,0,1,petrol,sedan,unknown,maruti,great,tamil nadu,930999
5,84565,16913.0,1,2042,1,1,0,0,1,diesel,sedan,manual,skoda,great,tamil nadu,568699
5,77847,15569.4,1,266,1,1,0,0,1,petrol,hatchback,manual,hyundai,great,tamil nadu,469099
5,87609,17521.8,1,1809,0,1,0,0,1,diesel,hatchback,manual,maruti,great,tamil nadu,556899
9,90495,10055.0,1,1814,1,1,0,0,1,diesel,sedan,automatic,hyundai,great,tamil nadu,536599
10,114818,11481.8,3,2309,1,1,0,0,1,diesel,hatchback,manual,hyundai,great,tamil nadu,254799
6,76733,12788.833333333334,1,503,1,1,0,0,1,petrol,hatchback,manual,hyundai,great,tamil nadu,567699
6,86119,14353.166666666666,2,300,1,1,0,0,1,petrol,hatchback,manual,maruti,great,tamil nadu,478499
5,94162,18832.4,1,2165,1,1,0,0,1,diesel,sedan,manual,hyundai,great,tamil nadu,698599
6,95891,15981.833333333334,1,591,1,1,0,0,1,diesel,hatchback,manual,maruti,good,tamil nadu,438799
6,79721,13286.833333333334,1,1571,1,1,0,0,1,petrol,hatchback,manual,volkswagen,great,tamil nadu,483399
7,67509,9644.142857142857,2,1828,1,1,0,0,1,diesel,luxury suv,unknown,audi,great,tamil nadu,1191293
7,82553,11793.285714285714,1,509,1,1,0,0,1,petrol,sedan,manual,hyundai,great,tamil nadu,411699
3,58696,19565.333333333332,1,481,1,1,0,0,1,petrol,hatchback,manual,maruti,great,tamil nadu,537299
9,109519,12168.777777777777,1,6005,1,1,0,0,1,diesel,luxury sedan,automatic,bmw,great,tamil nadu,1248762
4,78579,19644.75,1,788,1,1,0,0,1,diesel,hatchback,manual,maruti,great,tamil nadu,662799
12,121488,10124.0,1,1869,1,1,0,0,1,petrol,sedan,manual,honda,great,tamil nadu,347599
8,95428,11928.5,1,232,1,1,0,0,1,diesel,sedan,manual,maruti,great,tamil nadu,462999
8,135725,16965.625,1,1356,1,1,0,0,1,diesel,suv,manual,ford,great,tamil nadu,469199
10,123397,12339.7,1,2435,1,1,0,0,1,diesel,hatchback,manual,ford,good,tamil nadu,239599
9,113477,12608.555555555555,1,1136,1,1,0,0,1,petrol,sedan,manual,honda,great,tamil nadu,446399
5,77407,15481.4,2,1621,1,1,0,0,1,diesel,suv,automatic,hyundai,great,tamil nadu,885099
7,148169,21167.0,1,3562,1,1,0,0,1,petrol,hatchback,manual,hyundai,great,tamil nadu,368699
6,87729,14621.5,1,552,1,1,0,0,1,petrol,sedan,manual,maruti,great,tamil nadu,521799
7,106819,15259.857142857143,1,583,1,1,0,0,1,diesel,sedan,manual,honda,great,tamil nadu,442699
10,124949,12494.9,3,2191,1,1,0,0,1,diesel,suv,manual,toyota,great,tamil nadu,656399
8,117501,14687.625,1,1015,0,1,0,0,1,diesel,hatchback,manual,fiat,great,tamil nadu,284399
6,106311,17718.5,1,1517,1,1,0,0,1,petrol,sedan,manual,honda,great,tamil nadu,563599
8,105555,13194.375,2,263,0,1,0,0,1,petrol,sedan,manual,maruti,great,tamil nadu,464499
11,97104,8827.636363636364,2,499,1,1,0,0,1,petrol,sedan,unknown,honda,good,tamil nadu,411499
6,127636,21272.666666666668,1,1351,1,1,0,0,1,diesel,hatchback,manual,hyundai,great,tamil nadu,490199
3,75227,25075.666666666668,1,768,1,1,0,0,1,diesel,suv,manual,ford,great,tamil nadu,712199
10,98754,9875.4,1,301,1,1,0,0,1,petrol,hatchback,manual,hyundai,good,tamil nadu,338899
6,98291,16381.833333333334,1,2774,1,1,0,0,1,diesel,suv,manual,toyota,great,tamil nadu,1151196
5,103204,20640.8,1,1085,1,1,0,0,1,diesel,hatchback,manual,honda,great,tamil nadu,513699
8,221916,27739.5,1,993,1,1,0,0,1,diesel,suv,manual,toyota,great,tamil nadu,953699
7,170685,24383.571428571428,2,2666,1,1,0,0,1,diesel,hatchback,manual,volkswagen,great,tamil nadu,363599
7,94127,13446.714285714286,1,264,1,1,0,0,1,diesel,hatchback,manual,hyundai,great,tamil nadu,607499
7,114075,16296.42857142857,1,321,1,1,0,0,1,petrol,hatchback,manual,maruti,great,tamil nadu,356299
7,113857,16265.285714285714,2,443,1,1,0,0,1,diesel,suv,manual,renault,great,tamil nadu,559499
8,119674,14959.25,1,248,1,1,0,0,1,diesel,sedan,manual,maruti,great,tamil nadu,490599
9,138629,15403.222222222223,1,142,1,1,0,0,1,petrol,hatchback,manual,hyundai,great,tamil nadu,348799
10,170829,17082.9,1,545,1,1,0,0,1,petrol,hatchback,manual,hyundai,good,tamil nadu,250799
4,123713,30928.25,2,815,1,1,0,0,1,diesel,suv,unknown,hyundai,great,tamil nadu,937899
5,146889,29377.8,1,328,1,1,0,0,1,diesel,hatchback,manual,maruti,great,tamil nadu,525099
7,123683,17669.0,1,1735,1,1,0,0,1,diesel,suv,manual,toyota,great,tamil nadu,1096757
8,115703,14462.875,2,1137,1,1,0,0,1,diesel,hatchback,manual,hyundai,great,tamil nadu,353499
5,182203,36440.6,1,2268,1,1,0,0,1,petrol,suv,manual,hyundai,great,tamil nadu,614099
10,148572,14857.2,1,677,1,1,0,0,1,petrol,sedan,manual,honda,great,tamil nadu,408799
7,42128,6018.285714285715,3,7844,1,1,0,0,1,diesel,luxury sedan,manual,mercedes benz,great,tamil nadu,917299
4,212781,53195.25,1,842,1,1,0,0,1,diesel,suv,manual,mahindra,great,tamil nadu,757099
7,151297,21613.85714285714,1,3497,1,1,0,0,1,diesel,suv,manual,ford,great,tamil nadu,424399
8,199017,24877.125,1,938,1,1,0,0,1,diesel,sedan,manual,maruti,great,tamil nadu,413499
6,95412,15902.0,1,2862,1,1,0,0,1,petrol,hatchback,manual,maruti,great,tamil nadu,228299
2,13058,6529.0,1,875,1,1,0,0,1,petrol,hatchback,unknown,honda,great,tamil nadu,779299
5,19025,3805.0,1,3572,1,1,0,0,1,petrol,hatchback,manual,toyota,great,tamil nadu,486199
5,26704,5340.8,1,4293,1,1,0,0,1,petrol,hatchback,manual,tata,great,tamil nadu,310199
8,26489,3311.125,1,1197,1,1,0,0,1,petrol,hatchback,manual,maruti,great,tamil nadu,251299
10,9924,992.4,1,297,1,1,0,0,1,petrol,hatchback,manual,maruti,good,tamil nadu,287499
1,3604,3604.0,1,17145,1,1,0,0,1,petrol,hatchback,unknown,renault,great,tamil nadu,520499
11,32553,2959.3636363636365,1,698,1,1,0,0,1,petrol,hatchback,manual,hyundai,good,tamil nadu,280599
3,21672,7224.0,2,778,1,1,0,0,1,petrol,hatchback,manual,hyundai,great,tamil nadu,536799
4,4687,1171.75,1,1041,1,1,0,0,1,petrol,unknown,unknown,maruti,great,tamil nadu,307399
3,16640,5546.666666666667,1,878,1,1,0,0,1,petrol,hatchback,automatic,maruti,great,tamil nadu,502699
10,57897,5789.7,1,901,1,1,0,0,1,petrol,hatchback,manual,volkswagen,great,tamil nadu,340999
5,36992,7398.4,1,354,0,1,0,0,1,petrol,hatchback,manual,maruti,great,tamil nadu,542999
6,20852,3475.3333333333335,1,1663,1,1,0,0,1,petrol,hatchback,manual,renault,great,tamil nadu,319199
9,40124,4458.222222222223,2,388,1,1,0,0,1,petrol,hatchback,manual,maruti,great,tamil nadu,214399
7,29878,4268.285714285715,1,349,1,1,0,0,1,petrol,hatchback,manual,maruti,great,tamil nadu,264999
2,4924,2462.0,1,1158,1,1,0,0,1,petrol,unknown,unknown,maruti,great,tamil nadu,474599
4,14867,3716.75,1,80,1,1,0,0,1,petrol,unknown,unknown,maruti,great,tamil nadu,358699
8,38927,4865.875,2,1960,1,1,0,0,1,petrol,hatchback,manual,honda,great,tamil nadu,317199
7,22373,3196.1428571428573,1,361,1,1,0,0,1,petrol,hatchback,manual,hyundai,great,tamil nadu,314799
5,23713,4742.6,1,613,1,1,0,0,1,petrol,hatchback,unknown,fiat,great,tamil nadu,423599
10,40146,4014.6,1,1897,1,1,0,0,1,petrol,hatchback,manual,maruti,great,tamil nadu,197799
8,31894,3986.75,1,827,1,1,0,0,1,petrol,hatchback,automatic,hyundai,great,tamil nadu,381799
7,35971,5138.714285714285,1,3653,1,1,0,0,1,petrol,hatchback,manual,tata,good,tamil nadu,131099
2,6840,3420.0,1,200,0,1,0,0,1,petrol,suv,manual,maruti,great,tamil nadu,486699
4,30276,7569.0,1,1247,1,1,0,0,1,petrol,hatchback,manual,maruti,great,tamil nadu,549999
5,26280,5256.0,1,716,1,1,0,0,1,petrol,hatchback,manual,hyundai,great,tamil nadu,422499
5,30672,6134.4,1,1132,1,1,0,0,1,petrol,hatchback,manual,maruti,great,tamil nadu,388099
8,16288,2036.0,2,222,1,1,0,0,1,petrol,hatchback,manual,maruti,good,tamil nadu,312199
3,6145,2048.3333333333335,1,384,1,1,0,0,1,petrol,suv,manual,maruti,great,tamil nadu,441999
12,40583,3381.9166666666665,2,654,1,1,0,0,1,petrol,hatchback,manual,hyundai,great,tamil nadu,250699
7,24663,3523.285714285714,1,513,1,1,0,0,1,petrol,hatchback,manual,maruti,great,tamil nadu,393999
10,22390,2239.0,1,367,1,1,0,0,1,petrol,hatchback,manual,hyundai,good,tamil nadu,270699
5,29906,5981.2,1,739,1,1,0,0,1,petrol,suv,unknown,maruti,great,tamil nadu,391699
6,22321,3720.1666666666665,1,178,1,1,0,0,1,petrol,hatchback,manual,maruti,great,tamil nadu,315899
5,13660,2732.0,1,136,1,1,0,0,1,petrol,hatchback,unknown,maruti,great,tamil nadu,399899
5,19487,3897.4,1,165,1,1,0,0,1,petrol,hatchback,unknown,maruti,great,tamil nadu,390199
7,33697,4813.857142857143,2,936,1,1,0,0,1,petrol,hatchback,manual,hyundai,great,tamil nadu,452999
4,20078,5019.5,1,2511,1,1,0,0,1,petrol,hatchback,manual,datsun,great,tamil nadu,266499
8,27553,3444.125,1,77,1,1,0,0,1,petrol,hatchback,manual,hyundai,good,tamil nadu,387099
8,51049,6381.125,1,989,1,1,0,0,1,petrol,hatchback,manual,maruti,great,tamil nadu,408099
4,9545,2386.25,2,1653,1,1,0,0,1,petrol,suv,manual,maruti,great,tamil nadu,748999
8,50383,6297.875,2,446,1,1,0,0,1,petrol,hatchback,manual,maruti,great,tamil nadu,415399
3,15813,5271.0,1,753,1,1,0,0,1,petrol,hatchback,manual,maruti,great,tamil nadu,535899
7,21415,3059.285714285714,1,274,1,1,0,0,1,petrol,hatchback,manual,maruti,great,tamil nadu,276599
6,40102,6683.666666666667,1,262,1,1,0,0,1,petrol,hatchback,manual,hyundai,great,tamil nadu,313799
7,3600,514.2857142857143,1,762,1,1,0,0,1,petrol,hatchback,manual,maruti,great,tamil nadu,466599
10,62313,6231.3,2,684,1,1,0,0,1,diesel,hatchback,manual,maruti,great,tamil nadu,374199
8,42818,5352.25,2,414,1,1,0,0,1,petrol,hatchback,manual,maruti,great,tamil nadu,250899
8,52020,6502.5,1,587,1,1,0,0,1,diesel,sedan,manual,maruti,great,tamil nadu,433599
3,7291,2430.3333333333335,1,540,1,1,0,0,1,petrol,hatchback,manual,hyundai,great,tamil nadu,643599
6,24687,4114.5,1,423,1,1,0,0,1,petrol,hatchback,manual,hyundai,great,tamil nadu,601599
7,42714,6102.0,3,549,1,1,0,0,1,petrol,hatchback,manual,tata,great,tamil nadu,404499
3,3057,1019.0,1,158,1,1,0,0,1,petrol,hatchback,manual,maruti,great,tamil nadu,352799
5,23374,4674.8,2,316,1,1,0,0,1,petrol,suv,manual,ford,great,tamil nadu,642299
10,43482,4348.2,2,5238,1,1,0,0,1,petrol,sedan,manual,hyundai,great,tamil nadu,426799
6,30005,5000.833333333333,2,713,1,1,0,0,1,petrol,suv,automatic,ford,great,tamil nadu,604399
10,61714,6171.4,1,579,1,1,0,0,1,petrol,hatchback,manual,maruti,great,tamil nadu,302299
11,54304,4936.727272727273,2,324,1,1,0,0,1,petrol,hatchback,manual,hyundai,good,tamil nadu,272699
3,21823,7274.333333333333,1,959,1,1,0,0,1,petrol,hatchback,manual,volkswagen,great,tamil nadu,589999
6,39268,6544.666666666667,1,1259,1,1,0,0,1,petrol,hatchback,manual,volkswagen,great,tamil nadu,481899
2,14298,7149.0,1,1106,1,1,0,0,1,petrol,hatchback,manual,volkswagen,great,tamil nadu,659199
7,41920,5988.571428571428,1,444,1,1,0,0,1,petrol,hatchback,manual,maruti,great,tamil nadu,296399
12,35563,2963.5833333333335,2,367,1,1,0,0,1,petrol,hatchback,manual,hyundai,good,tamil nadu,226999
9,52500,5833.333333333333,1,1019,1,1,0,0,1,petrol,hatchback,manual,honda,great,tamil nadu,331799
14,51247,3660.5,2,4152,1,1,0,0,1,petrol & lpg,hatchback,manual,maruti,good,tamil nadu,170899
7,49631,7090.142857142857,1,1036,1,1,0,0,1,petrol,sedan,manual,hyundai,great,tamil nadu,405299
6,45929,7654.833333333333,1,152,1,1,0,0,1,petrol,hatchback,manual,maruti,great,tamil nadu,415299
3,25269,8423.0,2,525,1,1,0,0,1,petrol,hatchback,unknown,renault,great,tamil nadu,350999
5,30781,6156.2,1,923,1,1,0,0,1,petrol,sedan,manual,volkswagen,great,tamil nadu,534899
4,35555,8888.75,1,648,1,1,0,0,1,petrol,hatchback,manual,honda,great,tamil nadu,568099
10,57621,5762.1,2,288,1,1,0,0,1,petrol,hatchback,manual,maruti,great,tamil nadu,254999
9,46980,5220.0,3,646,1,1,0,0,1,petrol,hatchback,manual,maruti,great,tamil nadu,224199
9,29797,3310.777777777778,1,202,1,1,0,0,1,petrol,hatchback,manual,maruti,good,tamil nadu,250899
10,53637,5363.7,1,3701,1,1,0,0,1,petrol,sedan,manual,toyota,great,tamil nadu,378399
5,31977,6395.4,1,400,1,1,0,0,1,petrol,hatchback,manual,hyundai,great,tamil nadu,338699
7,63028,9004.0,1,308,1,1,0,0,1,petrol,hatchback,manual,hyundai,great,tamil nadu,347799
10,60959,6095.9,1,2378,1,1,0,0,1,petrol,sedan,automatic,hyundai,great,tamil nadu,465599
6,32155,5359.166666666667,1,529,1,1,0,0,1,petrol,suv,manual,maruti,great,tamil nadu,686199
5,56335,11267.0,1,1218,1,1,0,0,1,petrol,hatchback,manual,honda,great,tamil nadu,403099
10,58747,5874.7,1,1088,1,1,0,0,1,petrol,hatchback,manual,maruti,great,tamil nadu,283199
5,19025,3805.0,1,3750,1,1,0,0,1,diesel,suv,manual,mahindra,great,tamil nadu,720399
3,20192,6730.666666666667,1,826,1,1,0,0,1,petrol,sedan,manual,ford,great,tamil nadu,622199
4,68865,17216.25,1,402,1,1,0,0,1,petrol,hatchback,unknown,renault,great,tamil nadu,346499
5,41753,8350.6,2,2959,1,1,0,0,1,diesel,sedan,manual,maruti,great,tamil nadu,535099
3,23096,7698.666666666667,1,1276,1,1,0,0,1,petrol,hatchback,automatic,maruti,great,tamil nadu,644599
2,8200,4100.0,1,1077,1,1,0,0,1,petrol,sedan,manual,honda,great,tamil nadu,653699
9,60795,6755.0,1,509,1,1,0,0,1,petrol,hatchback,manual,maruti,great,tamil nadu,310999
4,38778,9694.5,1,1257,1,1,0,0,1,petrol,hatchback,manual,volkswagen,great,tamil nadu,538999
3,25829,8609.666666666666,1,678,1,1,0,0,1,petrol,hatchback,automatic,maruti,great,tamil nadu,480199
8,64452,8056.5,1,1511,1,1,0,0,1,petrol,hatchback,manual,volkswagen,great,tamil nadu,430099
7,43705,6243.571428571428,1,92,1,1,0,0,1,petrol,hatchback,manual,hyundai,great,tamil nadu,295099
8,57322,7165.25,1,328,1,1,0,0,1,petrol,hatchback,manual,hyundai,good,tamil nadu,277499
7,43608,6229.714285714285,2,1144,1,1,0,0,1,petrol,hatchback,manual,tata,good,tamil nadu,135299
5,46944,9388.8,1,856,1,1,0,0,1,petrol,hatchback,manual,honda,great,tamil nadu,501299
3,20610,6870.0,1,790,1,1,0,0,1,petrol,unknown,unknown,ford,great,tamil nadu,613599
4,40281,10070.25,1,538,1,1,0,0,1,petrol,hatchback,manual,maruti,great,tamil nadu,534699
9,67338,7482.0,2,490,1,1,0,0,1,diesel,hatchback,manual,maruti,great,tamil nadu,374799
10,54326,5432.6,2,532,1,1,0,0,1,petrol,hatchback,automatic,hyundai,good,tamil nadu,315999
9,65228,7247.555555555556,2,1374,1,1,0,0,1,petrol,hatchback,manual,hyundai,great,tamil nadu,215799
11,41284,3753.090909090909,2,455,1,1,0,0,1,petrol,hatchback,manual,hyundai,good,tamil nadu,243399
8,27165,3395.625,1,579,1,1,0,0,1,petrol,hatchback,manual,ford,good,tamil nadu,323299
5,37282,7456.4,1,231,1,1,0,0,1,petrol,hatchback,manual,volkswagen,great,tamil nadu,571399
5,49350,9870.0,3,117,1,1,0,0,1,petrol,hatchback,unknown,maruti,great,tamil nadu,383799
8,67799,8474.875,2,1266,1,1,0,0,1,petrol,sedan,automatic,hyundai,great,tamil nadu,464999
6,57417,9569.5,2,1064,1,1,0,0,1,petrol,hatchback,manual,volkswagen,great,tamil nadu,494799
5,36936,7387.2,1,351,1,1,0,0,1,petrol,hatchback,manual,hyundai,good,tamil nadu,311799
7,45297,6471.0,2,290,1,1,0,0,1,petrol,hatchback,manual,hyundai,great,tamil nadu,492199
9,71785,7976.111111111111,2,972,1,1,0,0,1,petrol,hatchback,manual,hyundai,great,tamil nadu,237399
5,48742,9748.4,1,1368,1,1,0,0,1,diesel,hatchback,manual,ford,great,tamil nadu,460599
11,39550,3595.4545454545455,1,294,1,1,0,0,1,petrol,hatchback,manual,hyundai,good,tamil nadu,296199
7,66729,9532.714285714286,1,1273,1,1,0,0,1,petrol,hatchback,manual,maruti,great,tamil nadu,416499
6,44193,7365.5,2,373,1,1,0,0,1,petrol,hatchback,manual,volkswagen,great,tamil nadu,518599
8,67474,8434.25,1,1134,1,1,0,0,1,diesel,hatchback,manual,maruti,great,tamil nadu,428099
6,56386,9397.666666666666,1,491,1,1,0,0,1,petrol,hatchback,manual,maruti,great,tamil nadu,363399
5,42411,8482.2,1,93,1,1,0,0,1,petrol,hatchback,manual,maruti,great,tamil nadu,573399
14,49180,3512.8571428571427,1,2286,1,1,0,0,1,petrol,hatchback,manual,maruti,good,tamil nadu,160599
4,20478,5119.5,1,1128,1,1,0,0,1,diesel,suv,manual,maruti,great,tamil nadu,770499
4,44126,11031.5,2,297,1,1,0,0,1,petrol,hatchback,automatic,maruti,great,tamil nadu,391199
7,43686,6240.857142857143,2,540,1,1,0,0,1,petrol,hatchback,manual,hyundai,good,tamil nadu,272699
6,59398,9899.666666666666,2,177,1,1,0,0,1,petrol,hatchback,automatic,maruti,great,tamil nadu,402699
6,59786,9964.333333333334,2,486,0,1,0,0,1,petrol,hatchback,manual,maruti,great,tamil nadu,359799
5,49984,9996.8,1,1158,1,1,0,0,1,diesel,hatchback,manual,volkswagen,great,tamil nadu,598599
9,68873,7652.555555555556,1,354,1,1,0,0,1,diesel,sedan,manual,maruti,great,tamil nadu,451099
2,6240,3120.0,1,487,1,1,0,0,1,petrol,hatchback,manual,maruti,great,tamil nadu,637099
2,23791,11895.5,1,134,1,1,0,0,1,petrol,suv,manual,maruti,great,tamil nadu,423199
3,86881,28960.333333333332,1,1720,1,1,0,0,1,diesel,suv,manual,ford,great,tamil nadu,764199
4,47186,11796.5,2,140,1,1,0,0,1,petrol,hatchback,manual,maruti,great,tamil nadu,576999
7,63424,9060.57142857143,2,799,1,1,0,0,1,diesel,hatchback,manual,fiat,great,tamil nadu,289599
10,74931,7493.1,2,976,1,1,0,0,1,diesel,hatchback,manual,hyundai,great,tamil nadu,338299
3,34144,11381.333333333334,1,683,1,1,0,0,1,petrol,suv,manual,maruti,great,tamil nadu,388099
7,62813,8973.285714285714,1,1866,1,1,0,0,1,petrol,sedan,manual,tata,great,tamil nadu,345999
6,67909,11318.166666666666,1,742,1,1,0,0,1,petrol,suv,automatic,ford,great,tamil nadu,590299
2,9850,4925.0,1,798,1,1,0,0,1,petrol,hatchback,unknown,hyundai,great,tamil nadu,697599
4,58193,14548.25,1,669,1,1,0,0,1,petrol,hatchback,manual,hyundai,great,tamil nadu,587299
2,16519,8259.5,1,857,1,1,0,0,1,petrol,hatchback,manual,honda,great,tamil nadu,698799
9,50019,5557.666666666667,2,565,1,1,0,0,1,petrol,hatchback,manual,volkswagen,good,tamil nadu,381699
5,51487,10297.4,1,402,1,1,0,0,1,petrol,hatchback,manual,maruti,great,tamil nadu,535399
4,45633,11408.25,1,1239,1,1,0,0,1,diesel,suv,manual,honda,great,tamil nadu,723799
4,37958,9489.5,1,184,1,1,0,0,1,diesel,suv,manual,maruti,great,tamil nadu,887699
8,76180,9522.5,1,90,1,1,0,0,1,petrol,hatchback,manual,hyundai,great,tamil nadu,373899
3,47876,15958.666666666666,1,1982,1,1,0,0,1,diesel,suv,unknown,hyundai,great,tamil nadu,1159680
4,50239,12559.75,1,2718,1,1,0,0,1,diesel,luxury suv,unknown,mahindra,great,tamil nadu,1282496
12,71005,5917.083333333333,1,372,1,1,0,0,1,petrol,hatchback,manual,hyundai,good,tamil nadu,248999
8,85672,10709.0,2,688,1,1,0,0,1,diesel,sedan,manual,maruti,great,tamil nadu,420399
2,31567,15783.5,1,334,1,1,0,0,1,petrol,hatchback,manual,maruti,great,tamil nadu,491899
5,61435,12287.0,1,257,1,1,0,0,1,petrol,hatchback,manual,maruti,great,tamil nadu,557399
11,69119,6283.545454545455,1,660,1,1,0,0,1,petrol,hatchback,manual,hyundai,great,tamil nadu,255299
3,38836,12945.333333333334,1,1628,1,1,0,0,1,petrol,sedan,manual,hyundai,great,tamil nadu,483299
4,15074,3768.5,1,798,1,1,0,0,1,diesel,suv,manual,maruti,great,tamil nadu,928999
3,20045,6681.666666666667,1,1332,1,1,0,0,1,diesel,suv,manual,mahindra,great,tamil nadu,774299
4,55478,13869.5,1,430,1,1,0,0,1,diesel,sedan,manual,maruti,great,tamil nadu,626999
5,62482,12496.4,1,327,0,1,0,0,1,diesel,suv,manual,maruti,great,tamil nadu,738199
10,90676,9067.6,2,634,0,1,0,0,1,petrol & lpg,hatchback,manual,hyundai,great,tamil nadu,209099
7,83373,11910.42857142857,1,327,1,1,0,0,1,diesel,sedan,manual,honda,great,tamil nadu,453299
7,71339,10191.285714285714,1,1074,1,1,0,0,1,diesel,hatchback,manual,hyundai,great,tamil nadu,400799
6,59361,9893.5,2,375,1,1,0,0,1,petrol,sedan,manual,maruti,great,tamil nadu,569399
6,69737,11622.833333333334,1,281,1,1,0,0,1,diesel,hatchback,manual,hyundai,great,tamil nadu,593599
11,77577,7052.454545454545,3,489,1,1,0,0,1,petrol,hatchback,manual,ford,good,tamil nadu,222199
7,110322,15760.285714285714,1,648,1,1,0,0,1,petrol,hatchback,manual,hyundai,great,tamil nadu,376499
3,35831,11943.666666666666,1,843,1,1,0,0,1,diesel,hatchback,automatic,maruti,great,tamil nadu,720199
8,62306,7788.25,1,135,1,1,0,0,1,petrol,hatchback,manual,hyundai,good,tamil nadu,283899
8,68748,8593.5,1,643,1,1,0,0,1,petrol,hatchback,manual,maruti,great,tamil nadu,282299
6,60375,10062.5,1,297,1,1,0,0,1,petrol,hatchback,automatic,nissan,great,tamil nadu,464599
4,87908,21977.0,1,585,1,1,0,0,1,diesel,sedan,manual,maruti,great,tamil nadu,632599
3,54187,18062.333333333332,1,241,1,1,0,0,1,petrol,hatchback,manual,hyundai,great,tamil nadu,546199
4,59374,14843.5,1,461,1,1,0,0,1,diesel,luxury suv,unknown,mahindra,great,tamil nadu,1322795
4,82239,20559.75,1,254,0,1,0,0,1,petrol,hatchback,manual,maruti,great,tamil nadu,436699
6,78971,13161.833333333334,3,256,1,1,0,0,1,petrol,hatchback,manual,hyundai,great,tamil nadu,559799
9,107029,11892.111111111111,1,536,1,1,0,0,1,diesel,hatchback,manual,toyota,great,tamil nadu,383599
4,24303,6075.75,1,907,1,1,0,0,1,diesel,luxury suv,manual,jeep,great,tamil nadu,1576608
3,36968,12322.666666666666,1,1726,1,1,0,0,1,diesel,sedan,automatic,skoda,great,tamil nadu,951499
12,60648,5054.0,1,439,1,1,0,0,1,petrol,hatchback,manual,hyundai,good,tamil nadu,249599
6,95763,15960.5,1,235,1,1,0,0,1,diesel,sedan,unknown,maruti,great,tamil nadu,557599
6,95389,15898.166666666666,1,185,1,1,0,0,1,petrol,sedan,manual,maruti,great,tamil nadu,523199
5,82252,16450.4,1,1692,1,1,0,0,1,diesel,suv,manual,mahindra,great,tamil nadu,646899
5,76727,15345.4,1,596,1,1,0,0,1,petrol,suv,manual,hyundai,great,tamil nadu,789299
6,80720,13453.333333333334,2,1027,0,1,0,0,1,petrol,hatchback,manual,volkswagen,great,tamil nadu,436599
5,59197,11839.4,1,125,1,1,0,0,1,petrol,hatchback,manual,maruti,great,tamil nadu,313599
6,64404,10734.0,1,405,1,1,0,0,1,petrol,hatchback,automatic,maruti,great,tamil nadu,394999
5,89541,17908.2,1,241,1,1,0,0,1,petrol,hatchback,manual,renault,great,tamil nadu,322199
4,56527,14131.75,1,116,1,1,0,0,1,petrol,hatchback,manual,hyundai,great,tamil nadu,493699
6,81461,13576.833333333334,2,927,1,1,0,0,1,petrol,hatchback,automatic,honda,great,tamil nadu,499099
4,93258,23314.5,1,415,1,1,0,0,1,diesel,sedan,manual,maruti,great,tamil nadu,647299
8,84775,10596.875,1,102,1,1,0,0,1,petrol,sedan,manual,maruti,great,tamil nadu,473099
8,102496,12812.0,2,796,1,1,0,0,1,diesel,hatchback,manual,volkswagen,great,tamil nadu,356099
4,48014,12003.5,1,556,1,1,0,0,1,petrol,sedan,manual,volkswagen,great,tamil nadu,498099
3,89421,29807.0,1,685,1,1,0,0,1,diesel,suv,unknown,mahindra,great,tamil nadu,771699
6,89101,14850.166666666666,2,346,1,1,0,0,1,petrol,hatchback,manual,maruti,great,tamil nadu,350599
9,78770,8752.222222222223,1,51,1,1,0,0,1,petrol,hatchback,manual,hyundai,good,tamil nadu,302999
9,87280,9697.777777777777,1,175,1,1,0,0,1,petrol,hatchback,manual,maruti,great,tamil nadu,257599
6,65160,10860.0,2,274,1,1,0,0,1,diesel,hatchback,manual,maruti,great,tamil nadu,493399
8,115148,14393.5,2,651,1,1,0,0,1,diesel,sedan,manual,nissan,good,tamil nadu,371599
8,93141,11642.625,1,433,1,1,0,0,1,diesel,hatchback,manual,maruti,great,tamil nadu,463399
5,97408,19481.6,1,227,1,1,0,0,1,diesel,suv,manual,ford,great,tamil nadu,645199
9,107965,11996.111111111111,1,2890,1,1,0,0,1,diesel,hatchback,manual,chevrolet,good,tamil nadu,194499
6,97862,16310.333333333334,1,344,1,1,0,0,1,diesel,suv,manual,ford,great,tamil nadu,669399
4,97959,24489.75,1,962,1,1,0,0,1,diesel,suv,unknown,hyundai,great,tamil nadu,973299
5,72447,14489.4,1,194,1,1,0,0,1,petrol,hatchback,manual,honda,great,tamil nadu,541799
5,83813,16762.6,1,1072,1,1,0,0,1,diesel,suv,manual,maruti,great,tamil nadu,641599
13,120047,9234.384615384615,3,1634,1,1,0,0,1,petrol,sedan,manual,hyundai,good,tamil nadu,224599
7,135385,19340.714285714286,1,269,1,1,0,0,1,petrol,suv,automatic,ford,great,tamil nadu,560199
6,105026,17504.333333333332,1,98,1,1,0,0,1,petrol,sedan,manual,maruti,great,tamil nadu,505199
8,99401,12425.125,1,703,0,1,0,0,1,diesel,hatchback,manual,maruti,great,tamil nadu,403599
7,136962,19566.0,2,1458,1,1,0,1,1,petrol,hatchback,automatic,maruti,great,tamil nadu,300699
6,97040,16173.333333333334,1,1129,1,1,0,0,1,diesel,sedan,unknown,maruti,great,tamil nadu,497499
6,97612,16268.666666666666,2,2698,1,1,0,0,1,diesel,hatchback,manual,fiat,great,tamil nadu,412199
8,162017,20252.125,1,321,1,1,0,0,1,diesel,sedan,manual,maruti,great,tamil nadu,439299
10,124307,12430.7,1,248,1,1,0,0,1,diesel,hatchback,manual,hyundai,good,tamil nadu,381299
7,114802,16400.285714285714,1,572,1,1,0,0,1,diesel,hatchback,manual,fiat,great,tamil nadu,348499
6,119269,19878.166666666668,1,444,1,1,0,0,1,diesel,sedan,manual,honda,great,tamil nadu,616299
8,206085,25760.625,1,526,1,1,0,0,1,diesel,sedan,manual,maruti,great,tamil nadu,397599
10,101176,10117.6,1,434,1,1,0,0,1,diesel,hatchback,manual,hyundai,good,tamil nadu,453499
9,152232,16914.666666666668,1,778,1,1,0,0,1,diesel,hatchback,manual,ford,good,tamil nadu,278599
5,127733,25546.6,1,731,1,1,0,0,1,petrol,suv,unknown,hyundai,great,tamil nadu,808599
6,124096,20682.666666666668,1,359,1,1,0,0,1,petrol,suv,automatic,ford,great,tamil nadu,625299
10,13018,1301.8,1,35288,0,1,1,0,1,petrol,hatchback,manual,hyundai,great,tamil nadu,330999
11,33888,3080.7272727272725,1,1749,1,1,1,0,1,petrol,hatchback,manual,maruti,good,tamil nadu,240999
6,37686,6281.0,2,4028,1,1,1,0,1,petrol,hatchback,manual,maruti,great,tamil nadu,395399
1,5770,5770.0,1,2140,1,1,1,0,1,petrol,unknown,unknown,hyundai,great,tamil nadu,518999
3,16410,5470.0,1,1283,1,1,1,0,1,petrol,hatchback,manual,renault,great,tamil nadu,397799
7,11787,1683.857142857143,1,1961,1,1,1,0,1,petrol,hatchback,manual,maruti,great,tamil nadu,271599
11,38626,3511.4545454545455,2,3017,1,1,1,0,1,petrol,hatchback,manual,maruti,great,tamil nadu,276799
10,23371,2337.1,1,1148,1,1,1,0,1,petrol,hatchback,manual,maruti,great,tamil nadu,220799
4,21745,5436.25,1,3418,1,1,1,0,1,petrol,hatchback,manual,maruti,great,tamil nadu,277299
11,48408,4400.727272727273,2,2021,1,1,1,0,1,petrol,hatchback,manual,maruti,great,tamil nadu,206199
8,17849,2231.125,1,1879,1,1,1,0,1,petrol,hatchback,manual,maruti,great,tamil nadu,242799
6,31661,5276.833333333333,1,2218,1,1,1,0,1,petrol,hatchback,manual,hyundai,great,tamil nadu,297499
7,44102,6300.285714285715,1,1825,1,1,1,0,1,diesel,suv,manual,chevrolet,great,tamil nadu,399299
6,21098,3516.3333333333335,1,1146,1,1,1,0,1,petrol,hatchback,manual,maruti,great,tamil nadu,396999
7,36723,5246.142857142857,1,1826,1,1,1,0,1,petrol,hatchback,manual,hyundai,great,tamil nadu,399199
12,43762,3646.8333333333335,1,2724,1,1,1,0,1,petrol,sedan,manual,maruti,great,tamil nadu,320099
7,40988,5855.428571428572,1,1771,1,1,1,0,1,petrol,sedan,manual,hyundai,great,tamil nadu,414399
2,13065,6532.5,1,2384,1,1,1,0,1,petrol,hatchback,unknown,tata,great,tamil nadu,584999
6,36415,6069.166666666667,1,5531,1,1,1,0,1,diesel,hatchback,manual,fiat,great,tamil nadu,368399
6,21105,3517.5,1,1322,1,1,1,0,1,petrol,hatchback,manual,renault,great,tamil nadu,317999
7,37037,5291.0,1,5629,1,1,1,0,1,diesel,suv,manual,mahindra,great,tamil nadu,563499
11,49122,4465.636363636364,1,46141,1,1,1,0,1,petrol,hatchback,manual,hyundai,good,tamil nadu,282599
4,16798,4199.5,1,1239,1,1,1,0,1,petrol,hatchback,unknown,maruti,great,tamil nadu,510599
4,13977,3494.25,1,1062,1,1,1,0,1,petrol,hatchback,manual,maruti,great,tamil nadu,464199
1,9375,9375.0,1,2185,1,1,1,0,1,petrol,suv,manual,maruti,great,tamil nadu,467999
5,14114,2822.8,1,1547,0,1,1,0,1,petrol,sedan,manual,honda,great,tamil nadu,498399
2,5959,2979.5,1,1614,1,1,1,0,1,petrol,hatchback,automatic,maruti,great,tamil nadu,493999
2,5841,2920.5,1,2689,0,1,1,0,1,petrol,suv,unknown,maruti,great,tamil nadu,925899
3,20861,6953.666666666667,2,2875,1,1,1,0,1,petrol,suv,unknown,ford,great,tamil nadu,598699
9,70398,7822.0,1,720,1,1,1,0,1,petrol,hatchback,manual,honda,great,tamil nadu,325299
3,5128,1709.3333333333333,1,3695,1,1,1,0,1,petrol,hatchback,manual,toyota,great,tamil nadu,533499
4,36088,9022.0,1,979,1,1,1,0,1,diesel,hatchback,manual,ford,great,tamil nadu,537699
4,35118,8779.5,1,2001,1,1,1,0,1,petrol,hatchback,manual,maruti,great,tamil nadu,498399
12,50928,4244.0,3,537,1,1,1,0,1,petrol & lpg,hatchback,manual,maruti,good,tamil nadu,247899
3,27374,9124.666666666666,2,594,1,1,1,0,1,diesel,suv,manual,honda,great,tamil nadu,819499
2,5690,2845.0,1,2251,0,1,1,0,1,diesel,suv,automatic,maruti,great,tamil nadu,959699
11,70261,6387.363636363636,1,2832,1,1,1,0,1,petrol,hatchback,manual,hyundai,great,tamil nadu,264699
2,12718,6359.0,1,1104,1,1,1,0,1,diesel,sedan,manual,honda,great,tamil nadu,820699
5,48842,9768.4,1,609,1,1,1,0,1,petrol,suv,manual,maruti,great,tamil nadu,687099
10,66532,6653.2,1,2444,1,1,1,0,1,petrol,hatchback,manual,ford,good,tamil nadu,248999
7,48862,6980.285714285715,2,3834,1,1,1,0,1,petrol,luxury sedan,manual,skoda,great,tamil nadu,771999
8,68214,8526.75,1,3480,1,1,1,0,1,petrol,luxury sedan,manual,toyota,great,tamil nadu,492899
6,93564,15594.0,1,569,1,1,1,0,1,diesel,hatchback,manual,maruti,great,tamil nadu,496999
6,78951,13158.5,1,1236,1,1,1,0,1,diesel,suv,manual,renault,great,tamil nadu,490399
3,67331,22443.666666666668,1,1614,1,1,1,0,1,diesel,unknown,unknown,ford,great,tamil nadu,570699
4,52374,13093.5,1,2543,1,1,1,0,1,diesel,luxury suv,manual,mahindra,great,tamil nadu,940899
3,47889,15963.0,1,1607,1,1,1,0,1,petrol,unknown,unknown,ford,great,tamil nadu,517599
9,82297,9144.111111111111,1,1405,1,1,1,0,1,diesel,suv,manual,maruti,great,tamil nadu,566699
5,72251,14450.2,1,2765,1,1,1,0,1,diesel,suv,manual,renault,great,tamil nadu,605399
8,80190,10023.75,1,1093,0,1,1,0,1,diesel,suv,manual,mahindra,great,tamil nadu,558099
3,73225,24408.333333333332,1,1932,1,1,1,0,1,diesel,sedan,automatic,hyundai,great,tamil nadu,858099
3,57681,19227.0,1,1492,1,1,1,0,1,diesel,hatchback,manual,maruti,great,tamil nadu,608099
7,99376,14196.57142857143,1,2011,1,1,1,0,1,diesel,suv,manual,nissan,great,tamil nadu,436099
7,72910,10415.714285714286,1,379,1,1,1,0,1,petrol,sedan,manual,honda,great,tamil nadu,631299
3,96286,32095.333333333332,1,1131,1,1,1,0,1,petrol,sedan,manual,hyundai,great,tamil nadu,471699
7,91682,13097.42857142857,1,1267,1,1,1,0,1,petrol,sedan,manual,honda,great,tamil nadu,380099
9,99488,11054.222222222223,2,5523,1,1,1,0,1,diesel,luxury suv,automatic,bmw,great,tamil nadu,850299
4,112774,28193.5,1,648,1,1,1,0,1,diesel,suv,unknown,hyundai,great,tamil nadu,954499
7,100975,14425.0,2,2207,1,1,1,0,1,diesel,sedan,manual,volkswagen,great,tamil nadu,375699
10,29962,2996.2,3,773,1,0,0,0,0,petrol,sedan,manual,hyundai,good,tamil nadu,310000
10,73991,7399.1,1,152,0,0,0,0,0,diesel,sedan,manual,mahindra renault,unknown,tamil nadu,500000
3,15827,5275.666666666667,1,1419,1,1,1,0,1,petrol,unknown,unknown,hyundai,great,tamil nadu,449899
3,2077,692.3333333333334,2,2668,1,1,1,0,1,petrol,unknown,unknown,hyundai,great,tamil nadu,441899
10,30811,3081.1,1,2618,1,1,1,0,1,petrol,hatchback,manual,volkswagen,good,tamil nadu,329299
11,29663,2696.6363636363635,1,783,1,1,1,0,1,petrol,hatchback,manual,maruti,good,tamil nadu,292099
4,9596,2399.0,2,1070,1,1,1,0,1,petrol,hatchback,manual,hyundai,great,tamil nadu,330799
4,26077,6519.25,1,1015,1,1,1,0,1,diesel,hatchback,manual,volkswagen,great,tamil nadu,590499
1,11331,11331.0,1,4623,1,1,1,0,1,petrol,hatchback,manual,maruti,great,tamil nadu,583199
7,33836,4833.714285714285,1,595,1,1,1,0,1,petrol,sedan,automatic,honda,great,tamil nadu,617199
13,89867,6912.846153846154,1,1981,1,1,1,0,1,petrol,hatchback,manual,hyundai,great,tamil nadu,152199
0,5401,5401.0,1,1741,1,1,1,0,1,petrol,suv,unknown,maruti,great,tamil nadu,1060498
4,41725,10431.25,1,1622,1,1,1,0,1,petrol,hatchback,automatic,volkswagen,great,tamil nadu,684499
13,70723,5440.2307692307695,1,2326,1,1,1,0,1,petrol,hatchback,manual,maruti,great,tamil nadu,193099
3,38082,12694.0,1,2517,1,1,1,0,1,diesel,suv,automatic,tata,great,tamil nadu,1055145
8,75237,9404.625,1,1149,1,1,1,0,1,diesel,suv,manual,renault,great,tamil nadu,485299
5,79207,15841.4,1,1761,1,1,1,0,1,diesel,luxury suv,manual,mercedes benz,great,tamil nadu,1625997
25,24245,969.8,1,1012,0,0,0,0,0,petrol,sedan,manual,opel,overpriced,tamil nadu,24000
9,120262,13362.444444444445,2,490,0,0,0,0,1,diesel,hatchback,manual,chevrolet,overpriced,tamil nadu,175000
15,72434,4828.933333333333,2,844,0,0,0,0,0,petrol,unknown,unknown,honda,great,karnataka,101000
7,98516,14073.714285714286,1,210,0,0,0,0,1,diesel,sedan,manual,honda,good,tamil nadu,520000
5,63414,12682.8,1,279,0,0,0,0,1,diesel,suv,manual,maruti,good,tamil nadu,600000
14,90047,6431.928571428572,2,653,0,0,0,0,1,petrol,hatchback,manual,hyundai,great,tamil nadu,128000
7,34341,4905.857142857143,2,233,0,0,0,0,1,petrol,sedan,manual,hyundai,fair,tamil nadu,400000
13,82471,6343.923076923077,3,535,1,0,0,0,1,petrol,sedan,manual,chevrolet,overpriced,tamil nadu,170000
17,96791,5693.588235294118,3,679,0,0,0,0,1,petrol,suv,manual,mahindra,fair,maharashtra,150000
12,61304,5108.666666666667,2,197,0,0,0,0,1,diesel,hatchback,manual,maruti,good,tamil nadu,250000
6,26739,4456.5,2,7211,1,1,0,0,1,diesel,hatchback,manual,maruti,great,west bengal,315299
4,13081,3270.25,1,4636,1,1,0,0,1,petrol,hatchback,manual,maruti,great,west bengal,244999
1,2843,2843.0,1,3902,1,1,0,0,1,petrol,hatchback,manual,maruti,great,west bengal,474999
9,44803,4978.111111111111,2,3663,1,1,0,0,1,petrol,hatchback,manual,honda,good,west bengal,231099
2,11695,5847.5,1,1058,1,1,0,0,1,petrol,hatchback,manual,maruti,great,west bengal,347599
3,2216,738.6666666666666,1,3262,1,1,0,0,1,petrol,hatchback,manual,datsun,good,west bengal,278499
4,36603,9150.75,1,2718,1,1,0,0,1,petrol,hatchback,manual,renault,great,west bengal,305199
11,33653,3059.3636363636365,1,1669,1,1,0,0,1,petrol,hatchback,manual,maruti,good,west bengal,214099
5,56641,11328.2,1,1448,1,1,0,0,1,diesel,hatchback,manual,hyundai,great,west bengal,361799
5,16014,3202.8,1,1471,1,0,0,0,1,petrol,hatchback,manual,hyundai,good,west bengal,300000
9,55945,6216.111111111111,2,30,1,0,0,0,0,petrol,hatchback,manual,chevrolet,great,west bengal,113124
4,50119,12529.75,1,690,1,0,0,1,1,diesel,suv,manual,ford,great,west bengal,600000
14,90265,6447.5,3,1596,0,0,0,0,0,diesel,hatchback,manual,maruti,good,west bengal,130000
4,4748,1187.0,1,1217,1,1,1,0,1,petrol,hatchback,automatic,renault,great,west bengal,348899
3,8015,2671.6666666666665,1,2364,1,1,1,0,1,petrol,hatchback,automatic,maruti,great,west bengal,551399
20,72000,3600.0,2,1614,0,0,0,0,0,petrol,hatchback,unknown,maruti,unknown,unknown,38000
11,54757,4977.909090909091,2,1042,0,0,0,0,0,petrol,hatchback,manual,hyundai,great,west bengal,160000
11,70410,6400.909090909091,3,1259,0,0,0,0,0,petrol,sedan,manual,honda,good,west bengal,225000
7,61643,8806.142857142857,3,611,1,0,0,1,0,diesel,sedan,manual,honda,good,west bengal,500000
15,26500,1766.6666666666667,1,1022,1,0,0,0,0,petrol,hatchback,manual,maruti,overpriced,chandigarh,100000
5,57828,11565.6,1,775,1,0,0,0,0,diesel,suv,manual,maruti,great,west bengal,550000
9,23782,2642.4444444444443,2,517,1,0,0,0,0,diesel,luxury sedan,automatic,bmw,good,maharashtra,1200000
5,33130,6626.0,1,662,1,0,0,0,0,diesel,suv,manual,hyundai,good,west bengal,850000
1,3128,3128.0,1,3624,1,1,0,0,1,petrol,hatchback,manual,maruti,great,gujarat,522399
2,11249,5624.5,1,1074,1,1,0,0,1,petrol & cng,suv,manual,maruti,great,gujarat,479799
4,19164,4791.0,2,1746,1,1,0,0,1,petrol,hatchback,automatic,maruti,great,gujarat,511999
1,749,749.0,1,979,1,1,0,0,1,petrol,suv,manual,maruti,great,gujarat,521399
1,16113,16113.0,1,917,1,1,0,0,1,petrol,hatchback,manual,maruti,great,gujarat,342599
1,2016,2016.0,1,3042,1,1,0,0,1,petrol,hatchback,manual,maruti,great,gujarat,363399
4,12252,3063.0,1,1384,1,1,0,0,1,petrol & cng,suv,manual,maruti,great,gujarat,425999
2,7190,3595.0,1,1694,0,1,0,0,1,petrol & cng,suv,manual,maruti,great,gujarat,449799
2,4075,2037.5,1,991,1,1,0,0,1,petrol,suv,manual,maruti,great,gujarat,486899
3,6076,2025.3333333333333,1,749,0,1,0,0,1,petrol,hatchback,manual,datsun,great,gujarat,310199
4,22167,5541.75,2,683,1,1,0,0,1,petrol,hatchback,manual,maruti,great,gujarat,324899
2,18973,9486.5,1,395,0,1,0,0,1,petrol,suv,manual,maruti,great,gujarat,484399
4,21069,5267.25,2,103,0,1,0,0,1,petrol,hatchback,manual,hyundai,great,gujarat,323599
8,59152,7394.0,1,5367,1,1,0,0,1,petrol,sedan,manual,hyundai,great,gujarat,451099
8,30947,3868.375,3,2964,0,1,0,0,1,petrol,hatchback,manual,hyundai,good,gujarat,290199
3,8329,2776.3333333333335,1,794,1,1,0,0,1,petrol,hatchback,manual,maruti,great,gujarat,321299
9,37639,4182.111111111111,2,1943,0,1,0,0,1,petrol,hatchback,manual,hyundai,good,gujarat,272099
4,26224,6556.0,1,1430,1,1,0,0,1,petrol,hatchback,automatic,maruti,great,gujarat,412999
3,11798,3932.6666666666665,1,381,0,1,0,0,1,petrol,hatchback,manual,maruti,great,gujarat,353899
3,16565,5521.666666666667,1,908,1,1,0,0,1,petrol,hatchback,manual,maruti,great,gujarat,332399
5,12785,2557.0,1,1472,1,1,0,0,1,petrol,hatchback,manual,hyundai,great,gujarat,462899
9,29442,3271.3333333333335,3,879,0,1,0,0,1,petrol,hatchback,manual,maruti,good,gujarat,277799
4,22972,5743.0,1,231,1,1,0,0,1,petrol & cng,hatchback,unknown,datsun,good,gujarat,273199
12,37821,3151.75,2,341,1,1,0,0,1,petrol,hatchback,manual,hyundai,great,gujarat,278499
2,17803,8901.5,1,883,1,1,0,0,1,petrol,hatchback,manual,hyundai,great,gujarat,573999
5,13123,2624.6,1,145,1,1,0,0,1,petrol,sedan,manual,hyundai,great,gujarat,532399
1,1297,1297.0,1,2263,1,1,0,0,1,petrol,hatchback,manual,maruti,great,gujarat,370099
3,20891,6963.666666666667,1,1449,1,1,0,0,1,diesel,suv,manual,maruti,great,gujarat,771899
2,16133,8066.5,1,270,0,1,0,0,1,petrol,hatchback,manual,renault,great,gujarat,391599
2,10491,5245.5,1,227,0,1,0,0,1,petrol,hatchback,manual,maruti,great,gujarat,659699
7,53352,7621.714285714285,1,3153,1,1,0,0,1,petrol,hatchback,manual,maruti,great,gujarat,211199
8,69132,8641.5,2,2130,1,1,0,0,1,petrol,sedan,manual,maruti,great,gujarat,389299
2,51484,25742.0,1,244,1,1,0,0,1,petrol & cng,suv,manual,maruti,great,gujarat,484899
7,45422,6488.857142857143,2,351,1,1,0,0,1,petrol,hatchback,manual,maruti,great,gujarat,463199
6,41858,6976.333333333333,2,1083,0,1,0,0,1,petrol,hatchback,automatic,maruti,great,gujarat,364399
4,22591,5647.75,1,306,1,1,0,0,1,diesel,sedan,manual,maruti,great,gujarat,713199
6,51275,8545.833333333334,1,625,1,1,0,0,1,petrol,hatchback,manual,hyundai,great,gujarat,426799
2,28082,14041.0,1,1989,0,1,0,0,1,petrol,hatchback,manual,maruti,great,gujarat,611699
8,47868,5983.5,1,2167,1,1,0,0,1,petrol,sedan,manual,honda,great,gujarat,473199
6,69935,11655.833333333334,2,1704,0,1,0,0,1,petrol,hatchback,manual,hyundai,great,gujarat,382599
3,58405,19468.333333333332,1,221,0,1,0,0,1,petrol,suv,manual,maruti,great,gujarat,417499
4,43691,10922.75,1,798,1,1,0,0,1,petrol,hatchback,manual,hyundai,great,gujarat,461699
9,58560,6506.666666666667,1,1144,1,1,0,0,1,petrol & cng,hatchback,manual,maruti,good,gujarat,211699
7,78372,11196.0,1,2072,1,1,0,0,1,petrol & cng,suv,manual,maruti,great,delhi,223499
5,25643,5128.6,1,841,1,1,0,0,1,diesel,suv,manual,maruti,great,gujarat,810999
2,22474,11237.0,2,2358,1,1,0,0,1,petrol,hatchback,unknown,hyundai,great,gujarat,664899
8,51970,6496.25,2,561,1,1,0,0,1,petrol,hatchback,manual,maruti,good,gujarat,236499
8,89350,11168.75,1,1604,1,1,0,0,1,diesel,hatchback,manual,maruti,great,gujarat,351599
4,87233,21808.25,1,207,1,1,0,0,1,petrol,hatchback,manual,maruti,great,gujarat,511899
4,38764,9691.0,1,163,1,1,0,0,1,petrol,hatchback,manual,hyundai,great,gujarat,497099
3,43092,14364.0,1,101,1,1,0,0,1,petrol & cng,suv,manual,maruti,great,gujarat,421399
4,48530,12132.5,1,3076,1,1,0,0,1,diesel,suv,unknown,mahindra,great,gujarat,871399
2,8322,4161.0,1,1824,1,1,0,0,1,petrol,suv,unknown,hyundai,great,gujarat,971999
3,72413,24137.666666666668,1,1215,1,1,0,0,1,diesel,suv,manual,maruti,great,gujarat,740199
3,31297,10432.333333333334,1,77,1,1,0,0,1,diesel,suv,unknown,maruti,great,gujarat,881099
2,62744,31372.0,1,2875,1,1,0,0,1,diesel,suv,unknown,mahindra,great,gujarat,842999
10,96602,9660.2,1,495,1,1,0,0,1,petrol,hatchback,manual,hyundai,great,gujarat,250299
3,45006,15002.0,1,791,0,1,0,0,1,diesel,hatchback,manual,maruti,great,gujarat,573099
2,60569,30284.5,1,2400,1,1,0,0,1,diesel,luxury suv,manual,jeep,great,gujarat,1459751
3,52306,17435.333333333332,1,157,1,1,0,0,1,diesel,suv,manual,maruti,great,gujarat,791799
2,69221,34610.5,1,263,1,1,0,0,1,petrol & cng,suv,manual,maruti,great,gujarat,467299
2,52649,26324.5,1,1579,0,1,0,0,1,diesel,suv,unknown,hyundai,great,gujarat,1379153
10,103452,10345.2,2,642,1,1,0,0,1,petrol,sedan,manual,hyundai,good,gujarat,383099
6,92396,15399.333333333334,2,1219,1,1,0,0,1,diesel,hatchback,manual,maruti,great,gujarat,419099
10,129814,12981.4,3,97,1,1,0,0,1,petrol,hatchback,manual,hyundai,good,gujarat,250199
11,200273,18206.636363636364,1,366,1,1,0,0,1,petrol,sedan,manual,honda,great,gujarat,348799
4,16537,4134.25,1,3794,1,1,0,0,1,petrol,hatchback,manual,hyundai,great,gujarat,483299
4,21706,5426.5,1,4970,1,1,0,1,1,petrol,suv,manual,honda,great,gujarat,668699
9,48098,5344.222222222223,1,3732,1,1,0,0,1,petrol,hatchback,manual,maruti,great,gujarat,186099
1,7679,7679.0,1,5751,0,1,0,0,1,petrol,hatchback,manual,maruti,great,gujarat,453499
6,26213,4368.833333333333,1,1702,1,1,0,0,1,petrol,suv,manual,maruti,great,gujarat,308299
2,2426,1213.0,1,1296,1,1,0,0,1,petrol,suv,manual,maruti,great,gujarat,491899
8,30090,3761.25,2,2894,1,1,0,0,1,petrol,hatchback,manual,hyundai,great,gujarat,210999
1,6081,6081.0,1,2055,1,1,0,0,1,petrol,hatchback,manual,maruti,great,gujarat,662699
9,39510,4390.0,1,3494,0,1,0,0,1,petrol,hatchback,manual,hyundai,great,gujarat,358099
3,11519,3839.6666666666665,1,3733,1,1,0,0,1,petrol,hatchback,manual,hyundai,great,gujarat,418999
5,22961,4592.2,1,3662,1,1,0,0,1,petrol,hatchback,automatic,tata,good,gujarat,167399
6,40381,6730.166666666667,2,2096,1,1,0,0,1,petrol,hatchback,manual,hyundai,great,gujarat,222299
2,5523,2761.5,1,1322,1,1,0,0,1,petrol,hatchback,manual,maruti,great,gujarat,345699
1,1584,1584.0,1,3112,1,1,0,0,1,petrol,hatchback,manual,maruti,great,gujarat,484199
6,13593,2265.5,2,1407,1,1,0,0,1,petrol,hatchback,manual,hyundai,great,gujarat,239799
4,14148,3537.0,1,4216,1,1,0,0,1,petrol,hatchback,manual,honda,great,gujarat,371999
10,45955,4595.5,1,2100,0,1,0,0,1,petrol,hatchback,manual,maruti,great,gujarat,229099
2,8199,4099.5,1,22,0,1,0,0,1,petrol,hatchback,manual,maruti,great,gujarat,345999
7,23822,3403.1428571428573,2,2342,1,1,0,0,1,petrol,sedan,manual,maruti,great,gujarat,459399
8,23870,2983.75,1,1871,1,1,0,0,1,petrol,hatchback,manual,hyundai,good,gujarat,236599
1,5491,5491.0,1,4717,0,1,0,0,1,petrol,hatchback,unknown,hyundai,great,gujarat,616799
3,23916,7972.0,2,1271,0,1,0,0,1,petrol,hatchback,manual,hyundai,great,gujarat,483299
2,12741,6370.5,1,595,1,1,0,0,1,petrol,hatchback,manual,maruti,great,gujarat,653499
9,53944,5993.777777777777,3,1988,1,1,0,0,1,petrol,hatchback,manual,hyundai,great,gujarat,242999
4,33084,8271.0,2,1138,1,1,0,0,1,petrol,hatchback,manual,maruti,great,gujarat,272299
3,21137,7045.666666666667,2,1488,1,1,0,0,1,petrol,hatchback,manual,maruti,great,gujarat,562399
4,18233,4558.25,1,484,1,1,0,0,1,petrol,hatchback,manual,hyundai,great,gujarat,495099
8,53082,6635.25,1,1084,0,1,0,0,1,petrol,hatchback,manual,hyundai,great,gujarat,283099
8,38823,4852.875,2,1086,1,1,0,0,1,petrol,hatchback,manual,hyundai,great,gujarat,293699
4,25918,6479.5,1,2080,1,1,0,0,1,diesel,sedan,manual,maruti,great,gujarat,578999
4,28941,7235.25,1,894,1,1,0,0,1,petrol,hatchback,manual,hyundai,great,gujarat,471199
1,1287,1287.0,1,430,1,1,0,0,1,petrol,hatchback,manual,maruti,great,gujarat,403299
3,14861,4953.666666666667,1,1308,1,1,0,0,1,petrol,sedan,manual,maruti,great,gujarat,607399
9,44958,4995.333333333333,3,877,1,1,0,0,1,petrol,hatchback,manual,hyundai,good,gujarat,247499
3,26777,8925.666666666666,1,761,1,1,0,0,1,diesel,hatchback,manual,maruti,great,gujarat,686199
7,49840,7120.0,1,1648,1,1,0,0,1,petrol,hatchback,manual,hyundai,great,gujarat,219399
2,9295,4647.5,1,1571,1,1,0,0,1,petrol,hatchback,manual,hyundai,great,gujarat,490399
2,20213,10106.5,1,839,1,1,0,0,1,petrol,hatchback,manual,maruti,great,gujarat,311999
4,17913,4478.25,1,567,1,1,0,0,1,petrol,suv,manual,maruti,great,gujarat,424399
6,47171,7861.833333333333,1,4008,1,1,0,0,1,diesel,hatchback,manual,hyundai,great,gujarat,451699
3,26660,8886.666666666666,1,2156,1,1,0,0,1,petrol,hatchback,automatic,renault,great,gujarat,345699
3,13445,4481.666666666667,1,245,1,1,0,0,1,petrol,sedan,unknown,honda,great,gujarat,651999
4,13446,3361.5,1,728,1,1,0,0,1,petrol,hatchback,manual,hyundai,great,gujarat,304199
4,33795,8448.75,1,2457,0,1,0,0,1,petrol,hatchback,manual,renault,great,gujarat,276399
3,15030,5010.0,1,1874,1,1,0,0,1,petrol,hatchback,automatic,renault,great,gujarat,320899
8,29988,3748.5,1,984,1,1,1,0,1,petrol,hatchback,manual,hyundai,great,gujarat,393099
4,32883,8220.75,1,633,1,1,0,0,1,petrol,suv,manual,maruti,great,gujarat,389199
3,22584,7528.0,1,593,1,1,0,0,1,petrol,hatchback,manual,maruti,great,gujarat,301999
8,50888,6361.0,1,1125,0,1,0,0,1,petrol,hatchback,manual,maruti,great,gujarat,203899
1,11292,11292.0,1,4588,1,1,0,0,1,petrol,sedan,unknown,hyundai,great,gujarat,610499
5,53223,10644.6,2,2648,1,1,0,0,1,petrol,hatchback,manual,renault,great,gujarat,219999
4,35612,8903.0,1,856,0,1,0,0,1,petrol & cng,suv,manual,maruti,great,gujarat,394299
6,48569,8094.833333333333,1,2932,1,1,0,0,1,petrol,hatchback,manual,hyundai,great,gujarat,452399
3,9230,3076.6666666666665,1,871,0,1,0,0,1,petrol,hatchback,manual,hyundai,great,gujarat,488999
8,50191,6273.875,2,1492,1,1,0,0,1,petrol,hatchback,manual,hyundai,great,gujarat,371499
4,42109,10527.25,1,792,1,1,0,0,1,petrol,hatchback,manual,maruti,great,gujarat,390599
7,31115,4445.0,2,757,1,1,0,0,1,petrol,hatchback,manual,maruti,good,gujarat,238399
3,13579,4526.333333333333,1,68,1,1,0,0,1,diesel,sedan,manual,maruti,great,gujarat,628299
6,44173,7362.166666666667,1,467,1,1,0,0,1,petrol,hatchback,manual,hyundai,great,gujarat,473799
7,53089,7584.142857142857,1,1741,1,1,0,0,1,diesel,sedan,manual,maruti,great,gujarat,427699
2,14436,7218.0,1,443,1,1,0,0,1,petrol,hatchback,manual,maruti,great,gujarat,345699
8,60652,7581.5,2,2294,1,1,0,0,1,petrol,hatchback,manual,maruti,great,gujarat,351399
7,51537,7362.428571428572,1,245,1,1,0,0,1,petrol,hatchback,automatic,nissan,great,gujarat,320999
7,64081,9154.42857142857,1,568,1,1,0,0,1,petrol,hatchback,manual,hyundai,great,gujarat,402699
3,19510,6503.333333333333,1,80,0,1,0,0,1,petrol,hatchback,manual,hyundai,great,gujarat,553699
4,31261,7815.25,2,1592,1,1,0,0,1,petrol,suv,manual,honda,great,gujarat,650399
9,83950,9327.777777777777,3,3078,0,1,0,0,1,petrol,hatchback,manual,maruti,great,gujarat,166799
6,27189,4531.5,2,1072,1,1,0,0,1,petrol,sedan,manual,maruti,great,gujarat,508399
4,2556,639.0,1,49,1,1,0,0,1,petrol,hatchback,manual,hyundai,great,gujarat,538599
3,23354,7784.666666666667,1,410,1,1,0,0,1,petrol,hatchback,manual,maruti,great,gujarat,317499
8,53862,6732.75,1,904,1,1,0,0,1,petrol,hatchback,manual,maruti,great,gujarat,294199
3,18489,6163.0,1,800,1,1,0,0,1,petrol,hatchback,manual,hyundai,great,gujarat,510999
7,59258,8465.42857142857,1,1066,1,1,0,0,1,petrol,hatchback,manual,hyundai,great,gujarat,306999
7,52070,7438.571428571428,1,939,0,1,0,0,1,petrol,sedan,manual,hyundai,great,gujarat,401999
4,31125,7781.25,2,1355,1,1,0,0,1,diesel,sedan,manual,maruti,great,gujarat,675099
10,69373,6937.3,2,1946,0,1,0,0,1,petrol,hatchback,manual,hyundai,great,gujarat,204099
10,119324,11932.4,3,2422,1,1,0,0,1,petrol,hatchback,manual,hyundai,great,gujarat,222799
11,59608,5418.909090909091,1,928,1,1,0,0,1,petrol,hatchback,manual,hyundai,great,gujarat,231799
2,17155,8577.5,1,2107,1,1,0,0,1,petrol,hatchback,manual,maruti,great,gujarat,578499
3,27796,9265.333333333334,1,857,1,1,0,0,1,petrol,hatchback,manual,renault,great,gujarat,334499
4,38858,9714.5,1,509,1,1,0,0,1,petrol,hatchback,automatic,renault,great,gujarat,315699
7,58441,8348.714285714286,2,1348,0,1,0,0,1,petrol,hatchback,manual,maruti,great,gujarat,205199
4,51926,12981.5,1,2296,1,1,0,0,1,petrol,hatchback,manual,maruti,great,gujarat,419499
2,26718,13359.0,1,642,1,1,0,0,1,petrol & cng,suv,manual,maruti,great,gujarat,462799
3,49971,16657.0,2,872,1,1,0,0,1,diesel,hatchback,manual,hyundai,great,gujarat,431699
12,83125,6927.083333333333,1,1805,1,1,0,0,1,petrol,sedan,manual,maruti,good,gujarat,255499
6,46375,7729.166666666667,1,121,1,1,0,0,1,petrol,hatchback,manual,hyundai,great,gujarat,449499
4,58554,14638.5,1,1661,1,1,0,0,1,petrol,hatchback,manual,datsun,great,gujarat,209599
3,35284,11761.333333333334,1,1355,1,1,0,0,1,petrol & cng,hatchback,manual,maruti,great,gujarat,321199
7,66650,9521.42857142857,1,1130,1,1,0,0,1,petrol,sedan,manual,maruti,great,gujarat,433399
8,90168,11271.0,1,615,1,1,0,0,1,petrol,hatchback,manual,hyundai,great,gujarat,367299
5,57525,11505.0,1,970,0,1,0,0,1,diesel,hatchback,manual,hyundai,great,gujarat,395699
3,23669,7889.666666666667,1,1387,1,1,0,0,1,petrol,sedan,manual,toyota,great,gujarat,819299
3,33780,11260.0,1,1919,1,1,0,0,1,petrol,suv,unknown,honda,great,gujarat,654899
4,52328,13082.0,1,1150,1,1,0,0,1,diesel,luxury suv,manual,jeep,great,gujarat,1423492
4,36847,9211.75,1,1116,1,1,0,0,1,petrol,hatchback,manual,maruti,great,gujarat,527699
11,77934,7084.909090909091,2,1972,1,1,0,0,1,petrol,sedan,manual,honda,great,gujarat,338199
6,72209,12034.833333333334,2,1716,1,1,0,0,1,diesel,hatchback,manual,maruti,great,gujarat,445799
10,102591,10259.1,3,2041,1,1,0,0,1,petrol & cng,sedan,manual,hyundai,great,gujarat,238799
4,74816,18704.0,1,811,1,1,0,0,1,petrol & cng,suv,manual,maruti,great,gujarat,386699
5,68900,13780.0,1,533,0,1,0,0,1,petrol,hatchback,manual,maruti,great,gujarat,468499
6,66664,11110.666666666666,1,759,1,1,0,0,1,petrol,hatchback,manual,maruti,great,gujarat,432499
2,47259,23629.5,1,1271,1,1,0,0,1,petrol & cng,suv,manual,maruti,great,gujarat,455499
2,19006,9503.0,1,568,1,1,0,0,1,petrol,sedan,manual,honda,great,gujarat,806199
2,28190,14095.0,1,2197,0,1,0,0,1,petrol,sedan,manual,honda,great,gujarat,596799
5,90217,18043.4,1,691,0,1,0,1,1,petrol,hatchback,manual,hyundai,great,gujarat,478599
6,67640,11273.333333333334,1,1107,1,1,0,0,1,petrol,hatchback,manual,maruti,great,gujarat,428899
4,45843,11460.75,1,711,1,1,0,0,1,petrol,hatchback,manual,hyundai,great,gujarat,449999
7,92170,13167.142857142857,4,254,0,1,0,0,1,diesel,hatchback,manual,maruti,great,gujarat,403399
10,51344,5134.4,1,1864,1,1,0,0,1,petrol,hatchback,manual,hyundai,good,gujarat,297599
4,43079,10769.75,1,938,1,1,0,0,1,petrol & cng,suv,manual,maruti,great,gujarat,371299
9,79987,8887.444444444445,1,1883,0,1,0,0,1,petrol,hatchback,manual,hyundai,great,gujarat,240099
4,44071,11017.75,2,731,1,1,0,0,1,diesel,hatchback,manual,hyundai,great,gujarat,421399
2,17328,8664.0,1,447,1,1,0,0,1,petrol,suv,unknown,mahindra,great,gujarat,718599
2,31394,15697.0,2,1236,1,1,0,0,1,petrol,hatchback,manual,renault,great,gujarat,354899
7,74867,10695.285714285714,2,2048,1,1,0,0,1,petrol & cng,hatchback,unknown,maruti,great,gujarat,273399
3,74601,24867.0,1,959,1,1,0,0,1,petrol,hatchback,manual,maruti,great,gujarat,376499
7,62345,8906.42857142857,2,580,1,1,0,0,1,petrol,hatchback,manual,hyundai,good,gujarat,241499
8,80174,10021.75,1,706,1,1,0,0,1,petrol,sedan,manual,maruti,great,gujarat,372499
5,58673,11734.6,3,2189,1,1,0,0,1,petrol,hatchback,manual,renault,great,gujarat,223699
4,78989,19747.25,1,452,1,1,0,0,1,petrol,hatchback,manual,maruti,great,gujarat,271599
3,61410,20470.0,1,778,1,1,0,0,1,diesel,suv,manual,maruti,great,gujarat,722899
4,80662,20165.5,1,331,0,1,0,0,1,petrol & cng,suv,manual,maruti,great,gujarat,418199
5,55578,11115.6,1,485,1,1,0,0,1,petrol,sedan,manual,hyundai,great,gujarat,600699
2,24672,12336.0,1,1552,1,1,0,0,1,petrol,sedan,unknown,maruti,great,gujarat,806199
4,41740,10435.0,1,481,1,1,0,0,1,petrol,hatchback,manual,hyundai,great,gujarat,502799
6,66342,11057.0,1,1362,0,1,0,0,1,diesel,suv,unknown,hyundai,great,gujarat,858599
6,77450,12908.333333333334,1,3929,1,1,1,0,1,petrol & cng,hatchback,manual,hyundai,great,gujarat,199499
5,61757,12351.4,2,1076,1,1,0,0,1,petrol,hatchback,manual,hyundai,great,gujarat,255199
1,21891,21891.0,1,398,1,1,0,0,1,petrol & cng,unknown,unknown,maruti,great,gujarat,488499
2,36040,18020.0,1,522,1,1,0,0,1,petrol & cng,suv,manual,maruti,great,gujarat,453499
2,23841,11920.5,1,1988,1,1,0,0,1,petrol,suv,manual,hyundai,great,gujarat,986899
6,70606,11767.666666666666,1,804,1,1,0,0,1,petrol,hatchback,manual,honda,great,gujarat,327399
6,59526,9921.0,1,4485,1,1,0,0,1,diesel,luxury suv,manual,mercedes benz,great,gujarat,1756186
1,18133,18133.0,1,215,1,1,0,0,1,petrol,suv,manual,tata,great,gujarat,910599
6,79004,13167.333333333334,1,1599,1,1,0,0,1,petrol & cng,hatchback,manual,hyundai,great,gujarat,392599
3,29703,9901.0,1,968,0,1,0,0,1,petrol,suv,manual,honda,great,gujarat,723099
7,104449,14921.285714285714,3,971,0,1,0,0,1,petrol,sedan,manual,honda,great,gujarat,367899
8,86009,10751.125,2,1236,1,1,0,0,1,petrol & cng,hatchback,manual,honda,great,gujarat,332499
3,58283,19427.666666666668,1,599,0,1,0,0,1,petrol,hatchback,manual,maruti,great,gujarat,277099
5,81843,16368.6,1,69,1,1,0,0,1,petrol,sedan,manual,hyundai,great,gujarat,466199
9,110924,12324.888888888889,2,1752,0,1,0,0,1,petrol & cng,hatchback,manual,maruti,great,gujarat,192699
7,100810,14401.42857142857,1,969,1,1,0,0,1,petrol,hatchback,manual,hyundai,great,gujarat,455399
6,101891,16981.833333333332,1,1048,1,1,0,0,1,petrol & cng,hatchback,manual,maruti,great,gujarat,440299
3,47471,15823.666666666666,1,995,1,1,0,0,1,diesel,suv,manual,maruti,great,gujarat,769799
7,104044,14863.42857142857,2,798,1,1,0,0,1,diesel,suv,manual,maruti,great,gujarat,484299
4,91894,22973.5,1,30,0,1,0,0,1,petrol & cng,suv,manual,maruti,great,gujarat,444699
9,100958,11217.555555555555,3,1613,1,1,0,0,1,petrol & cng,sedan,manual,maruti,great,gujarat,377399
3,67412,22470.666666666668,1,296,0,1,0,0,1,diesel,hatchback,manual,maruti,great,gujarat,572099
4,68730,17182.5,2,1331,0,1,0,0,1,diesel,hatchback,manual,hyundai,great,gujarat,567899
2,53410,26705.0,1,943,1,1,0,0,1,diesel,suv,unknown,maruti,great,gujarat,807599
5,102479,20495.8,1,618,1,1,0,0,1,diesel,suv,unknown,ford,great,gujarat,586199
4,73784,18446.0,2,633,1,1,0,0,1,diesel,hatchback,manual,maruti,great,gujarat,533899
9,129097,14344.111111111111,1,572,1,1,0,0,1,petrol,hatchback,manual,hyundai,great,gujarat,240799
7,101452,14493.142857142857,1,674,1,1,0,0,1,petrol,sedan,manual,maruti,great,gujarat,424699
11,93017,8456.09090909091,3,15264,1,1,0,0,1,petrol & cng,hatchback,manual,chevrolet,great,gujarat,93699
8,70840,8855.0,1,768,1,1,0,0,1,petrol & cng,hatchback,manual,maruti,good,gujarat,236499
3,63508,21169.333333333332,1,638,1,1,0,0,1,petrol,sedan,manual,maruti,great,gujarat,581699
3,62382,20794.0,1,851,0,1,0,0,1,petrol,sedan,manual,maruti,great,gujarat,672299
5,100957,20191.4,1,900,1,1,0,0,1,petrol,hatchback,manual,maruti,great,gujarat,479399
7,96002,13714.57142857143,1,939,0,1,0,0,1,petrol & cng,hatchback,manual,hyundai,great,gujarat,480499
3,60233,20077.666666666668,2,7505,1,1,0,0,1,diesel,suv,manual,mahindra,great,gujarat,1272598
4,83551,20887.75,2,911,1,1,0,0,1,diesel,suv,manual,maruti,great,gujarat,688899
4,92389,23097.25,1,1108,1,1,0,0,1,petrol & cng,hatchback,manual,maruti,great,gujarat,266399
7,128569,18367.0,1,1314,0,1,0,0,1,petrol,hatchback,manual,volkswagen,great,gujarat,381299
2,39833,19916.5,1,833,1,1,0,0,1,diesel,suv,manual,maruti,great,gujarat,751999
5,95116,19023.2,1,2294,1,1,0,0,1,diesel,suv,manual,honda,great,gujarat,599899
3,71674,23891.333333333332,1,2120,1,1,0,0,1,diesel,hatchback,automatic,maruti,great,gujarat,597999
2,9865,4932.5,1,2141,1,1,0,0,1,diesel,unknown,unknown,mg,great,gujarat,1663266
6,100181,16696.833333333332,1,1130,1,1,0,0,1,petrol,sedan,manual,honda,great,gujarat,370699
7,102682,14668.857142857143,1,957,1,1,0,0,1,petrol,hatchback,manual,maruti,great,gujarat,276499
3,80177,26725.666666666668,2,1066,1,1,0,0,1,diesel,sedan,manual,maruti,great,gujarat,553499
7,80257,11465.285714285714,1,1859,1,1,0,0,1,petrol,hatchback,manual,maruti,great,gujarat,198799
3,111610,37203.333333333336,1,1251,1,1,0,0,1,petrol & cng,suv,manual,maruti,great,gujarat,370599
9,114885,12765.0,1,859,1,1,0,0,1,petrol,hatchback,manual,maruti,great,gujarat,212199
8,89964,11245.5,1,500,1,1,0,0,1,petrol,hatchback,manual,hyundai,good,gujarat,220499
4,105404,26351.0,1,519,0,1,0,0,1,diesel,suv,manual,maruti,great,gujarat,630899
6,73669,12278.166666666666,1,731,1,1,0,0,1,diesel,sedan,manual,maruti,great,gujarat,516199
13,128195,9861.153846153846,4,14262,1,1,1,0,1,petrol & cng,sedan,manual,toyota,great,gujarat,94999
4,100616,25154.0,1,1006,1,1,0,0,1,petrol,hatchback,manual,maruti,great,gujarat,426899
5,77614,15522.8,3,1900,1,1,0,0,1,diesel,hatchback,manual,hyundai,great,gujarat,423999
4,94599,23649.75,1,1687,1,1,0,0,1,diesel,luxury suv,unknown,mahindra,great,gujarat,959499
9,116551,12950.111111111111,1,762,1,1,0,0,1,petrol,sedan,manual,maruti,great,gujarat,341199
2,56894,28447.0,1,1337,1,1,0,0,1,diesel,suv,manual,maruti,great,gujarat,775899
5,63315,12663.0,1,749,1,1,0,0,1,petrol,hatchback,manual,hyundai,great,gujarat,276099
4,104876,26219.0,1,1278,1,1,0,0,1,diesel,suv,manual,maruti,great,gujarat,650999
7,103671,14810.142857142857,1,1044,0,1,0,0,1,diesel,hatchback,manual,maruti,great,gujarat,378499
2,61704,30852.0,1,335,1,1,0,0,1,petrol,hatchback,manual,maruti,great,gujarat,317099
9,165007,18334.11111111111,1,2001,1,1,0,0,1,petrol & cng,hatchback,manual,maruti,great,gujarat,233499
6,87155,14525.833333333334,1,3969,1,1,0,0,1,diesel,luxury suv,automatic,audi,great,gujarat,1580244
7,180339,25762.714285714286,2,749,0,1,0,0,1,diesel,hatchback,manual,maruti,great,gujarat,379199
9,121173,13463.666666666666,3,163,0,1,0,0,1,petrol & cng,sedan,manual,hyundai,great,gujarat,394399
7,111175,15882.142857142857,1,1123,1,1,0,0,1,diesel,hatchback,manual,hyundai,great,gujarat,458099
6,128431,21405.166666666668,1,333,1,1,0,0,1,petrol,hatchback,manual,hyundai,great,gujarat,380499
8,122659,15332.375,1,921,1,1,0,0,1,petrol,hatchback,manual,maruti,great,gujarat,350499
9,138755,15417.222222222223,1,1429,1,1,0,0,1,petrol & cng,hatchback,manual,maruti,great,gujarat,228499
8,158876,19859.5,1,1047,1,1,0,0,1,petrol & cng,hatchback,manual,hyundai,great,gujarat,258399
6,127849,21308.166666666668,1,1850,1,1,0,0,1,diesel,suv,automatic,hyundai,great,gujarat,785699
10,189615,18961.5,1,2661,1,1,0,0,1,petrol & cng,hatchback,manual,toyota,great,gujarat,206199
3,86650,28883.333333333332,1,950,0,1,0,0,1,diesel,suv,manual,maruti,great,gujarat,763999
7,109780,15682.857142857143,1,1678,1,1,0,0,1,diesel,suv,manual,nissan,great,gujarat,421099
7,174194,24884.85714285714,2,672,1,1,0,0,1,petrol & cng,hatchback,manual,maruti,great,gujarat,272399
9,209326,23258.444444444445,1,1406,1,1,0,0,1,petrol & cng,hatchback,manual,hyundai,great,gujarat,238999
8,112242,14030.25,1,254,1,1,0,0,1,petrol,hatchback,manual,maruti,good,gujarat,313799
8,178433,22304.125,1,632,1,1,0,0,1,petrol & cng,hatchback,manual,hyundai,good,gujarat,278399
4,28789,7197.25,1,684,0,1,1,0,1,petrol,hatchback,manual,hyundai,great,gujarat,465199
1,4202,4202.0,1,3477,1,1,1,0,1,petrol,hatchback,automatic,maruti,great,gujarat,634499
1,15127,15127.0,1,1401,1,1,1,0,1,petrol & cng,suv,manual,maruti,great,gujarat,453699
11,23616,2146.909090909091,1,1868,0,1,1,0,1,petrol,hatchback,manual,maruti,great,gujarat,164799
6,33538,5589.666666666667,2,4878,0,1,1,0,1,diesel,suv,automatic,mahindra,great,gujarat,551999
3,26383,8794.333333333334,1,2075,1,1,1,0,1,petrol,hatchback,automatic,honda,great,gujarat,647499
8,30210,3776.25,1,245,1,1,1,0,1,petrol,hatchback,manual,hyundai,good,gujarat,253399
3,37167,12389.0,1,745,1,1,1,0,1,petrol & cng,suv,manual,maruti,great,gujarat,380099
2,30199,15099.5,1,2743,0,1,1,0,1,petrol & cng,hatchback,manual,renault,great,gujarat,360799
6,87060,14510.0,1,1912,1,1,1,0,1,petrol,hatchback,automatic,volkswagen,great,gujarat,515199
7,87944,12563.42857142857,1,849,0,1,1,0,1,petrol,hatchback,manual,hyundai,great,gujarat,398599
6,84118,14019.666666666666,1,1604,1,1,1,0,1,petrol & cng,hatchback,manual,maruti,great,gujarat,436299
8,91134,11391.75,1,1484,1,1,1,0,1,petrol,sedan,manual,maruti,great,gujarat,378199
4,97565,24391.25,1,1338,0,1,1,0,1,diesel,sedan,manual,maruti,great,gujarat,576699
9,21842,2426.8888888888887,2,67,0,0,0,0,1,petrol,hatchback,manual,maruti,good,gujarat,255000
10,62428,6242.8,1,281,0,0,0,0,1,diesel,sedan,manual,volkswagen,great,gujarat,251000
9,82287,9143.0,1,649,0,0,0,0,1,diesel,hatchback,manual,maruti,great,gujarat,320000
5,91754,18350.8,1,216,0,0,0,0,1,diesel,suv,manual,hyundai,great,gujarat,1010011
9,138527,15391.888888888889,2,300,0,0,0,0,1,diesel,suv,manual,nissan,good,gujarat,250000
2,10485,5242.5,1,295,1,1,1,1,1,petrol & cng,suv,manual,maruti,great,gujarat,415499
8,35973,4496.625,2,7607,1,1,1,0,1,petrol,hatchback,manual,volkswagen,great,gujarat,295799
10,44783,4478.3,1,1974,1,1,0,0,1,petrol,hatchback,manual,hyundai,great,gujarat,239299
9,64996,7221.777777777777,2,3391,1,1,1,0,1,petrol,sedan,unknown,honda,great,gujarat,362799
4,23201,5800.25,1,814,1,1,1,0,1,petrol,hatchback,unknown,datsun,great,gujarat,237099
2,8307,4153.5,1,5126,1,1,1,0,1,petrol,unknown,unknown,ford,great,gujarat,538999
7,55995,7999.285714285715,1,1370,1,1,1,0,1,petrol,hatchback,manual,hyundai,great,gujarat,423499
4,30140,7535.0,1,2817,0,1,1,0,1,petrol & cng,unknown,unknown,maruti,great,gujarat,199899
8,47894,5986.75,1,1218,1,1,0,0,1,petrol & cng,hatchback,manual,hyundai,great,gujarat,265099
9,60614,6734.888888888889,1,190,1,1,1,0,1,petrol,hatchback,manual,hyundai,good,gujarat,280199
3,51069,17023.0,1,3369,1,1,1,0,1,petrol,hatchback,manual,maruti,great,gujarat,487199
7,83050,11864.285714285714,1,2482,1,1,1,0,1,petrol,suv,manual,renault,great,gujarat,394299
11,105854,9623.09090909091,1,2868,0,1,1,0,1,petrol,hatchback,manual,maruti,great,gujarat,160099
8,114184,14273.0,1,814,1,1,1,0,1,petrol,hatchback,manual,hyundai,great,gujarat,192799
5,20036,4007.2,1,332,1,0,0,0,1,diesel,suv,unknown,hyundai,great,gujarat,951000
3,46689,15563.0,1,197,1,0,0,1,1,petrol,hatchback,manual,hyundai,great,gujarat,625000
6,39875,6645.833333333333,2,204,1,0,0,1,1,petrol,sedan,automatic,honda,great,gujarat,729000
2,24174,12087.0,1,162,0,0,0,1,1,diesel,sedan,manual,maruti,great,gujarat,725000
3,55150,18383.333333333332,1,537,1,0,0,0,1,diesel,sedan,manual,hyundai,great,gujarat,870000
11,95844,8713.09090909091,2,198,1,0,0,0,1,diesel,sedan,manual,ford,overpriced,gujarat,175000
6,110294,18382.333333333332,1,170,1,0,0,0,1,diesel,luxury sedan,automatic,volvo,fair,gujarat,1800000
9,41682,4631.333333333333,1,160,1,0,0,0,1,diesel,sedan,manual,renault,overpriced,gujarat,400000
8,200944,25118.0,1,203,0,0,0,0,1,diesel,sedan,manual,maruti,fair,gujarat,250000
6,62397,10399.5,1,202,1,0,0,0,1,petrol,unknown,unknown,volkswagen,great,gujarat,450000
7,81328,11618.285714285714,2,143,0,0,0,0,1,diesel,sedan,manual,volkswagen,fair,gujarat,480000
9,99307,11034.111111111111,2,156,0,0,0,0,1,diesel,unknown,unknown,volvo,fair,gujarat,1000000
4,20142,5035.5,1,187,0,0,0,0,1,petrol,sedan,manual,maruti,fair,gujarat,780000
10,24242,2424.2,1,283,0,0,0,0,1,petrol & cng,unknown,unknown,maruti,fair,gujarat,130000
5,64851,12970.2,1,134,1,0,0,0,1,diesel,sedan,manual,maruti,fair,gujarat,810000
5,109725,21945.0,1,161,1,0,0,0,1,diesel,suv,manual,mahindra,good,gujarat,800000
9,106922,11880.222222222223,3,145,1,0,0,0,1,diesel,hatchback,manual,hyundai,fair,gujarat,300000
12,166740,13895.0,3,299,0,0,0,0,0,diesel,sedan,manual,tata,overpriced,gujarat,60000
8,186404,23300.5,2,148,0,0,0,0,1,diesel,suv,manual,toyota,great,gujarat,725000
14,153835,10988.214285714286,2,174,0,0,0,0,0,diesel,sedan,manual,ford,overpriced,gujarat,80000
5,20970,4194.0,1,170,1,0,0,1,1,petrol,hatchback,manual,hyundai,great,gujarat,450000
9,108481,12053.444444444445,1,164,0,0,0,1,1,diesel,hatchback,manual,hyundai,good,gujarat,280000
4,48410,12102.5,1,202,1,0,0,1,1,petrol,unknown,unknown,maruti,great,gujarat,260000
8,94181,11772.625,1,156,1,0,0,0,1,diesel,hatchback,manual,maruti,great,gujarat,370000
11,77357,7032.454545454545,2,76,1,0,0,1,1,petrol,hatchback,manual,hyundai,overpriced,gujarat,270000
7,75179,10739.857142857143,1,36,1,0,0,0,1,diesel,suv,manual,chevrolet,overpriced,gujarat,325000
9,84243,9360.333333333334,2,19,1,0,0,0,1,diesel,hatchback,manual,volkswagen,overpriced,gujarat,400000
7,92690,13241.42857142857,1,44,1,0,0,1,1,petrol,sedan,manual,hyundai,fair,gujarat,600000
13,89663,6897.153846153846,4,128,0,0,0,0,0,diesel,hatchback,manual,tata,overpriced,gujarat,65000
17,111479,6557.588235294118,2,300,0,0,0,0,0,petrol,sedan,manual,toyota,overpriced,gujarat,96300
10,165873,16587.3,1,286,0,0,0,0,1,diesel,sedan,manual,skoda,fair,gujarat,265000
15,152861,10190.733333333334,4,671,0,0,0,0,0,diesel,sedan,manual,ford,fair,gujarat,75000
10,74781,7478.1,2,666,0,0,0,0,1,diesel,sedan,manual,renault,great,gujarat,225000
7,73708,10529.714285714286,1,205,0,0,0,0,1,diesel,suv,manual,ford,great,gujarat,472500
12,70996,5916.333333333333,2,130,0,0,0,0,0,petrol,hatchback,manual,chevrolet,great,gujarat,63000
4,8689,2172.25,1,1025,0,0,0,0,1,diesel,suv,manual,maruti,great,gujarat,850000
15,66909,4460.6,2,248,0,0,0,0,0,diesel,hatchback,manual,tata,great,gujarat,27000
8,145872,18234.0,1,217,0,0,0,0,1,diesel,luxury suv,automatic,bmw,good,gujarat,1260000
10,67929,6792.9,1,59,0,0,0,0,1,petrol & cng,hatchback,manual,maruti,good,gujarat,216000
7,131181,18740.14285714286,3,258,0,0,0,0,1,diesel,sedan,manual,honda,good,gujarat,300000
7,95432,13633.142857142857,1,30,0,0,0,0,1,petrol & cng,hatchback,manual,maruti,great,gujarat,270000
9,89518,9946.444444444445,1,136,0,0,0,0,1,diesel,suv,manual,renault,fair,gujarat,420000
8,55485,6935.625,1,125,0,0,0,0,1,petrol,hatchback,automatic,hyundai,great,gujarat,300000
10,60503,6050.3,2,154,0,0,0,0,1,diesel,hatchback,manual,volkswagen,good,gujarat,225000
15,58542,3902.8,2,117,0,0,0,0,0,petrol & cng,hatchback,manual,maruti,fair,gujarat,85000
10,89043,8904.3,2,170,0,0,0,0,1,diesel,hatchback,manual,maruti,fair,gujarat,230000
4,17233,4308.25,1,3390,1,1,0,0,1,petrol,hatchback,unknown,hyundai,great,haryana,468699
7,40689,5812.714285714285,1,1976,1,1,0,0,1,diesel,hatchback,manual,maruti,great,haryana,380199
5,35786,7157.2,4,3539,1,1,0,0,1,petrol,hatchback,manual,maruti,great,haryana,249099
5,26532,5306.4,1,1543,1,1,0,0,1,petrol,hatchback,manual,maruti,great,haryana,262599
5,49295,9859.0,2,570,1,1,0,0,1,petrol,hatchback,manual,renault,great,delhi,224299
8,56600,7075.0,1,1335,1,1,0,0,1,diesel,hatchback,manual,maruti,great,delhi,323899
3,57435,19145.0,1,1649,1,1,0,0,1,petrol,hatchback,manual,datsun,great,delhi,221399
7,55540,7934.285714285715,1,887,1,1,0,0,1,petrol,hatchback,manual,maruti,great,haryana,364299
4,50045,12511.25,1,1992,1,1,0,0,1,petrol,hatchback,manual,maruti,great,haryana,345199
8,50897,6362.125,1,1080,1,1,0,0,1,petrol,hatchback,manual,maruti,great,delhi,352599
12,57864,4822.0,1,2181,1,1,0,0,1,petrol,hatchback,manual,maruti,great,delhi,140899
4,87473,21868.25,1,3502,1,1,0,0,1,diesel,hatchback,manual,tata,great,delhi,367099
6,64927,10821.166666666666,1,819,1,1,0,0,1,diesel,hatchback,manual,toyota,great,haryana,446799
5,52602,10520.4,1,950,1,1,0,0,1,petrol,sedan,manual,maruti,great,uttar pradesh,587999
13,66404,5108.0,1,1589,1,1,0,0,1,petrol,hatchback,manual,hyundai,good,delhi,179899
8,48211,6026.375,1,1501,1,1,0,0,1,petrol,hatchback,manual,volkswagen,good,uttar pradesh,320099
9,73900,8211.111111111111,1,889,1,1,0,0,1,diesel,hatchback,manual,maruti,great,haryana,330499
12,64498,5374.833333333333,3,2584,1,1,0,0,1,petrol,sedan,manual,honda,great,delhi,230499
6,52659,8776.5,2,1142,1,1,0,0,1,diesel,hatchback,manual,hyundai,great,delhi,477199
2,9823,4911.5,1,1101,1,1,0,0,1,petrol,hatchback,automatic,maruti,great,haryana,730599
7,76425,10917.857142857143,1,1354,1,1,0,0,1,diesel,sedan,manual,maruti,great,haryana,375099
7,70139,10019.857142857143,2,1547,1,1,0,0,1,diesel,sedan,manual,honda,great,delhi,480099
6,60226,10037.666666666666,1,2382,1,1,0,0,1,diesel,suv,automatic,hyundai,great,haryana,817899
8,84346,10543.25,1,989,1,1,0,0,1,diesel,hatchback,manual,hyundai,great,haryana,339299
5,69203,13840.6,2,794,1,1,0,0,1,petrol,hatchback,manual,hyundai,great,haryana,376199
11,67372,6124.727272727273,1,712,1,1,0,0,1,petrol,hatchback,manual,hyundai,good,haryana,220299
10,85316,8531.6,1,1548,1,1,0,0,1,petrol & cng,hatchback,manual,maruti,good,delhi,236299
5,69278,13855.6,1,761,1,1,0,0,1,diesel,hatchback,manual,maruti,great,delhi,535499
9,95400,10600.0,2,382,1,1,0,0,1,diesel,hatchback,manual,maruti,great,delhi,306799
6,114204,19034.0,1,505,1,1,0,0,1,diesel,hatchback,manual,maruti,great,haryana,369199
6,69785,11630.833333333334,2,882,1,1,0,0,1,diesel,hatchback,manual,hyundai,great,haryana,525499
5,95231,19046.2,1,621,1,1,0,0,1,diesel,suv,manual,maruti,great,haryana,695399
9,96637,10737.444444444445,2,1258,1,1,0,0,1,diesel,hatchback,manual,maruti,great,haryana,292399
11,113004,10273.09090909091,1,477,1,1,0,0,1,petrol,sedan,manual,honda,great,haryana,353299
8,127420,15927.5,1,615,1,1,0,0,1,petrol,hatchback,manual,hyundai,great,haryana,311299
7,115886,16555.14285714286,3,1537,1,1,0,0,1,petrol,luxury suv,unknown,honda,great,haryana,925299
5,146339,29267.8,1,988,1,1,0,0,1,diesel,suv,manual,maruti,great,haryana,585899
2,13156,6578.0,1,1291,1,1,0,0,1,petrol,hatchback,manual,maruti,great,haryana,595999
8,35998,4499.75,1,76,1,1,0,0,1,petrol,hatchback,manual,maruti,good,haryana,228699
9,47140,5237.777777777777,1,72,1,1,0,0,1,diesel,hatchback,manual,maruti,great,haryana,359899
12,55752,4646.0,1,1586,1,1,0,0,1,petrol,hatchback,manual,maruti,great,haryana,148099
11,81321,7392.818181818182,1,1221,1,1,0,0,1,petrol,hatchback,manual,hyundai,good,uttar pradesh,207099
4,92544,23136.0,2,1177,1,1,0,0,1,petrol & cng,hatchback,manual,maruti,great,haryana,327399
3,44510,14836.666666666666,1,1021,1,1,0,0,1,diesel,suv,unknown,hyundai,great,haryana,1272901
4,60278,15069.5,1,554,1,1,0,0,1,diesel,sedan,manual,maruti,great,haryana,583699
9,90241,10026.777777777777,1,849,1,1,0,0,1,diesel,luxury suv,manual,mahindra,great,uttar pradesh,411399
5,129497,25899.4,1,381,1,1,0,0,1,petrol & cng,hatchback,manual,maruti,great,delhi,388299
6,161213,26868.833333333332,1,364,0,1,0,0,1,diesel,sedan,manual,maruti,great,delhi,517899
4,19584,4896.0,1,3768,1,1,1,0,1,petrol,hatchback,manual,maruti,great,haryana,354899
3,23224,7741.333333333333,1,4074,1,1,1,0,1,petrol,hatchback,manual,maruti,great,haryana,462299
5,35253,7050.6,1,2827,1,1,1,0,1,diesel,hatchback,manual,maruti,great,haryana,436599
10,30101,3010.1,1,1525,1,1,1,0,1,petrol,sedan,manual,toyota,good,delhi,280899
2,14890,7445.0,1,3534,1,1,1,0,1,petrol & cng,unknown,unknown,maruti,great,uttar pradesh,480399
2,32015,16007.5,1,1635,1,1,1,0,1,petrol,hatchback,manual,renault,great,haryana,338099
4,37687,9421.75,1,2413,0,1,1,0,1,petrol,hatchback,manual,maruti,great,haryana,394099
8,46674,5834.25,1,2555,1,1,1,0,1,diesel,suv,manual,toyota,great,haryana,661899
10,58348,5834.8,1,1904,1,1,1,0,1,petrol,hatchback,manual,honda,great,delhi,269299
3,15451,5150.333333333333,2,4071,1,1,1,0,1,diesel,suv,unknown,hyundai,great,haryana,1301484
2,22386,11193.0,1,1056,1,1,1,0,1,diesel,suv,manual,maruti,great,haryana,786999
11,82874,7534.0,2,1803,1,1,1,0,1,petrol,hatchback,manual,hyundai,great,haryana,194599
2,5503,2751.5,1,3537,1,1,1,0,1,diesel,suv,manual,mahindra,great,delhi,894499
5,57761,11552.2,1,2511,1,1,1,0,1,diesel,suv,manual,ford,great,haryana,525099
9,84629,9403.222222222223,3,2880,1,1,1,0,1,petrol,luxury sedan,automatic,skoda,great,delhi,380699
9,86976,9664.0,1,6292,1,1,1,0,1,petrol,suv,manual,maruti,great,delhi,396299
8,89057,11132.125,1,2431,1,1,1,0,1,diesel,suv,manual,ford,great,haryana,394199
9,95562,10618.0,1,1305,1,1,1,0,1,petrol,sedan,manual,volkswagen,great,delhi,397099
9,87048,9672.0,1,826,1,1,1,0,1,petrol,sedan,manual,maruti,great,haryana,288999
7,81799,11685.57142857143,1,2549,1,1,1,0,1,petrol,suv,manual,maruti,great,delhi,443899
7,117196,16742.285714285714,1,584,1,1,1,0,1,diesel,hatchback,manual,maruti,great,haryana,328599
8,79920,9990.0,1,3916,1,1,1,0,1,diesel,luxury suv,manual,mahindra,great,haryana,489599
9,141484,15720.444444444445,2,2883,1,1,1,0,1,petrol & cng,hatchback,manual,maruti,great,delhi,175099
3,76497,25499.0,1,1716,1,1,1,0,1,petrol & cng,suv,manual,maruti,great,delhi,312699
8,82921,10365.125,2,6938,1,1,1,0,1,petrol & cng,hatchback,manual,maruti,good,delhi,185399
7,97612,13944.57142857143,2,1721,1,1,1,0,1,diesel,suv,manual,honda,great,haryana,389999
10,155467,15546.7,1,4881,1,1,1,0,1,diesel,sedan,manual,maruti,great,haryana,175899
6,92818,15469.666666666666,1,1145,1,1,1,0,1,diesel,suv,manual,mahindra,great,delhi,486299
6,207822,34637.0,1,1846,1,1,1,0,1,diesel,suv,unknown,hyundai,great,haryana,662999
8,139528,17441.0,1,810,1,1,1,0,1,diesel,sedan,manual,maruti,great,haryana,335399
4,40613,10153.25,1,5,1,0,0,0,0,petrol,hatchback,manual,maruti,great,haryana,453754
2,2583,1291.5,1,9,1,0,0,0,0,diesel,unknown,unknown,tata,great,haryana,1300000
10,76138,7613.8,1,366,0,0,0,0,1,petrol & cng,hatchback,manual,maruti,good,haryana,180000
8,126968,15871.0,1,73,0,0,0,0,1,diesel,sedan,manual,nissan,fair,haryana,300000
3,43627,14542.333333333334,1,981,1,1,1,0,1,petrol,hatchback,automatic,maruti,great,delhi,566099
8,88252,11031.5,1,456,1,0,0,1,1,diesel,suv,manual,mahindra,great,haryana,458000
8,58594,7324.25,1,316,1,0,0,1,1,diesel,luxury suv,manual,hyundai,overpriced,haryana,652000
9,81210,9023.333333333334,1,272,1,0,0,1,1,petrol,hatchback,manual,hyundai,good,haryana,150000
5,20008,4001.6,2,338,0,0,0,0,1,petrol & cng,suv,manual,mahindra,great,haryana,300000
8,152265,19033.125,2,153,0,0,0,0,1,diesel,suv,manual,toyota,great,haryana,650000
5,147536,29507.2,2,215,0,0,0,1,1,diesel,sedan,manual,maruti,great,haryana,390000
13,107631,8279.307692307691,1,411,0,0,0,1,1,petrol,unknown,unknown,toyota,great,delhi,215000
9,71923,7991.444444444444,2,242,0,0,0,0,1,diesel,luxury sedan,automatic,bmw,great,haryana,925000
10,129051,12905.1,2,154,1,0,0,0,1,diesel,suv,manual,toyota,great,haryana,495000
7,121358,17336.85714285714,2,216,1,0,0,0,1,diesel,hatchback,manual,hyundai,good,haryana,450000
11,103139,9376.272727272728,2,241,0,0,0,0,0,petrol & lpg,hatchback,manual,hyundai,fair,haryana,100000
25,45876,1835.04,1,189,0,0,0,0,0,petrol,hatchback,manual,maruti,overpriced,haryana,70000
8,103300,12912.5,2,171,1,0,0,1,1,diesel,suv,manual,toyota,good,haryana,800000
7,75757,10822.42857142857,1,281,0,0,0,0,1,diesel,suv,manual,nissan,great,haryana,400000
6,68462,11410.333333333334,1,51,1,0,0,1,1,diesel,unknown,unknown,maruti,great,haryana,440000
7,73671,10524.42857142857,1,111,0,0,0,0,1,diesel,sedan,manual,honda,good,haryana,350000
7,107200,15314.285714285714,1,107,0,0,0,0,1,diesel,suv,manual,nissan,great,haryana,450000
15,47880,3192.0,1,110,0,0,0,0,0,petrol,hatchback,manual,maruti,good,haryana,75000
5,27982,5596.4,1,648,1,0,0,0,1,diesel,suv,manual,ford,great,haryana,700000
9,19010,2112.222222222222,1,8077,1,1,0,0,1,diesel,sedan,manual,maruti,great,delhi,366399
3,4397,1465.6666666666667,1,5148,1,1,0,0,1,petrol,hatchback,unknown,maruti,great,delhi,352299
4,5064,1266.0,1,2133,1,1,0,0,1,petrol,hatchback,manual,maruti,great,uttar pradesh,349199
6,22091,3681.8333333333335,1,1388,1,1,0,0,1,diesel,hatchback,manual,maruti,great,delhi,369599
8,28929,3616.125,2,1710,1,1,0,0,1,petrol,hatchback,manual,maruti,great,delhi,199799
7,33627,4803.857142857143,2,3514,1,1,0,0,1,petrol,hatchback,unknown,maruti,great,delhi,257499
5,14463,2892.6,1,679,1,1,0,0,1,petrol,hatchback,manual,renault,great,delhi,282499
7,44076,6296.571428571428,2,881,1,1,0,0,1,petrol,hatchback,manual,hyundai,great,delhi,369499
3,5568,1856.0,1,4473,1,1,0,0,1,petrol,hatchback,manual,renault,great,delhi,319499
8,55463,6932.875,2,3641,1,1,0,0,1,petrol,hatchback,manual,honda,great,delhi,219999
7,38526,5503.714285714285,2,487,1,1,0,0,1,petrol,hatchback,manual,maruti,great,haryana,265799
2,22226,11113.0,1,763,1,1,0,0,1,petrol,hatchback,manual,renault,great,haryana,360499
4,26464,6616.0,2,4883,1,1,0,0,1,petrol,hatchback,manual,hyundai,great,delhi,473999
8,47811,5976.375,1,3542,1,1,0,0,1,diesel,suv,manual,nissan,great,uttar pradesh,490399
8,47019,5877.375,1,1841,1,1,0,0,1,diesel,suv,manual,renault,great,delhi,454499
5,20114,4022.8,1,1544,1,1,0,0,1,petrol,hatchback,manual,renault,good,uttar pradesh,291399
4,41048,10262.0,1,1454,1,1,0,0,1,petrol,sedan,manual,maruti,great,uttar pradesh,609399
2,8026,4013.0,1,5701,1,1,0,0,1,diesel,suv,unknown,hyundai,great,uttar pradesh,845099
10,53953,5395.3,1,1083,1,1,0,0,1,petrol,hatchback,manual,maruti,good,delhi,194899
7,54909,7844.142857142857,2,1444,1,1,0,0,1,petrol,hatchback,manual,maruti,great,delhi,274199
6,63987,10664.5,2,3064,1,1,0,0,1,diesel,sedan,manual,hyundai,great,uttar pradesh,559799
13,58267,4482.076923076923,1,4563,1,1,0,0,1,petrol,hatchback,manual,maruti,great,uttar pradesh,115899
6,30896,5149.333333333333,2,1065,1,1,0,0,1,petrol,hatchback,manual,hyundai,good,delhi,310299
8,69745,8718.125,1,2917,1,1,0,0,1,petrol,hatchback,manual,volkswagen,great,haryana,288199
3,26212,8737.333333333334,1,1877,0,1,0,0,1,diesel,suv,manual,maruti,great,uttar pradesh,791399
2,31532,15766.0,1,5138,1,1,0,0,1,petrol,luxury suv,unknown,jeep,great,delhi,1320472
6,61215,10202.5,1,1108,1,1,0,0,1,diesel,hatchback,manual,maruti,great,delhi,466099
12,74979,6248.25,2,1774,1,1,0,0,1,petrol,hatchback,manual,maruti,great,uttar pradesh,167599
11,94362,8578.363636363636,2,1702,1,1,0,0,1,petrol,hatchback,manual,maruti,great,delhi,156199
6,86813,14468.833333333334,1,717,1,1,0,0,1,diesel,sedan,manual,maruti,great,uttar pradesh,541499
9,77552,8616.888888888889,1,3045,1,1,0,0,1,petrol,hatchback,manual,toyota,great,uttar pradesh,242099
11,120582,10962.0,2,2458,1,1,0,0,1,petrol,hatchback,manual,volkswagen,great,uttar pradesh,210299
6,67081,11180.166666666666,1,1096,1,1,0,0,1,diesel,hatchback,manual,maruti,great,uttar pradesh,438399
9,79907,8878.555555555555,2,2220,1,1,0,0,1,diesel,hatchback,manual,hyundai,great,uttar pradesh,285499
13,89412,6877.846153846154,2,4295,1,1,0,0,1,petrol,sedan,manual,maruti,great,uttar pradesh,189399
8,98889,12361.125,1,3096,1,1,0,0,1,diesel,sedan,manual,honda,great,delhi,259199
9,89214,9912.666666666666,1,306,1,1,0,0,1,petrol,hatchback,manual,honda,great,delhi,207599
8,69719,8714.875,1,580,1,1,0,0,1,petrol,suv,manual,renault,good,delhi,406899
7,71382,10197.42857142857,1,226,1,1,0,0,1,diesel,hatchback,manual,maruti,great,delhi,371599
11,123572,11233.818181818182,2,2539,1,1,0,0,1,petrol,hatchback,manual,volkswagen,great,delhi,184199
7,141685,20240.714285714286,1,1859,1,1,0,0,1,diesel,sedan,manual,honda,great,uttar pradesh,310499
9,115770,12863.333333333334,1,1291,1,1,0,0,1,diesel,sedan,manual,maruti,great,uttar pradesh,315299
8,144263,18032.875,2,561,1,1,0,0,1,diesel,hatchback,manual,maruti,great,delhi,295599
9,141069,15674.333333333334,1,711,1,1,0,0,1,diesel,hatchback,manual,hyundai,great,uttar pradesh,294499
10,144078,14407.8,1,1406,0,1,0,1,1,petrol,sedan,manual,honda,great,delhi,304599
5,101948,20389.6,1,2253,1,1,0,0,1,diesel,suv,manual,maruti,great,uttar pradesh,529999
7,62225,8889.285714285714,2,6742,1,1,0,0,1,diesel,luxury sedan,automatic,bmw,great,haryana,1517018
9,127042,14115.777777777777,1,628,1,1,0,0,1,diesel,sedan,manual,maruti,great,delhi,287399
9,133608,14845.333333333334,1,603,1,1,0,0,1,diesel,hatchback,manual,toyota,great,uttar pradesh,249599
6,120710,20118.333333333332,1,2452,1,1,0,1,1,diesel,luxury suv,manual,mahindra,great,uttar pradesh,639999
7,109559,15651.285714285714,1,1140,1,1,0,0,1,diesel,sedan,manual,hyundai,great,uttar pradesh,482799
6,143079,23846.5,1,719,1,1,0,0,1,diesel,hatchback,manual,hyundai,great,delhi,440199
3,119791,39930.333333333336,1,3172,1,1,0,0,1,petrol,sedan,unknown,honda,great,uttar pradesh,750799
3,114832,38277.333333333336,1,1566,1,1,0,0,1,diesel,suv,manual,maruti,great,uttar pradesh,647599
9,91533,10170.333333333334,2,2704,1,1,0,0,1,diesel,luxury sedan,automatic,audi,great,delhi,1049792
11,22415,2037.7272727272727,1,45,1,1,0,0,1,petrol,sedan,manual,honda,great,delhi,344299
7,44528,6361.142857142857,1,1391,1,1,0,0,1,diesel,hatchback,manual,maruti,great,uttar pradesh,378399
6,37327,6221.166666666667,1,1992,1,1,0,0,1,petrol,hatchback,manual,maruti,great,uttar pradesh,419599
6,33351,5558.5,1,1022,1,1,0,0,1,petrol,hatchback,manual,maruti,great,uttar pradesh,486199
7,38914,5559.142857142857,1,1322,1,1,0,0,1,diesel,sedan,manual,honda,great,haryana,335799
6,28775,4795.833333333333,1,1750,1,1,0,0,1,petrol,sedan,manual,ford,great,uttar pradesh,412799
6,46217,7702.833333333333,1,1514,1,1,0,0,1,petrol,hatchback,manual,hyundai,great,delhi,474199
2,13075,6537.5,1,1480,1,1,0,0,1,petrol,sedan,manual,maruti,great,uttar pradesh,641999
4,33097,8274.25,1,1322,1,1,0,0,1,petrol,hatchback,unknown,hyundai,great,uttar pradesh,439899
9,63678,7075.333333333333,1,600,1,1,0,0,1,petrol,hatchback,manual,maruti,great,uttar pradesh,215799
9,63608,7067.555555555556,1,265,1,1,0,0,1,diesel,hatchback,manual,maruti,good,delhi,285799
9,39650,4405.555555555556,1,585,1,1,0,0,1,petrol,hatchback,manual,maruti,good,haryana,311699
13,94707,7285.153846153846,1,2522,1,1,0,0,1,petrol,hatchback,manual,hyundai,great,uttar pradesh,157099
13,76422,5878.615384615385,2,1461,1,1,0,0,1,petrol,hatchback,manual,maruti,good,uttar pradesh,204499
8,73501,9187.625,1,653,1,1,0,0,1,diesel,sedan,manual,hyundai,great,delhi,433699
9,80682,8964.666666666666,1,382,1,1,0,0,1,diesel,hatchback,manual,maruti,great,delhi,322199
11,87756,7977.818181818182,1,930,1,1,0,0,1,petrol,sedan,manual,honda,great,uttar pradesh,358599
6,80469,13411.5,1,176,1,1,0,0,1,petrol,hatchback,unknown,honda,great,delhi,400699
4,56807,14201.75,1,995,1,1,0,0,1,petrol & cng,hatchback,manual,maruti,good,uttar pradesh,302199
4,73743,18435.75,1,1019,1,1,0,0,1,diesel,suv,manual,ford,great,delhi,714899
7,82718,11816.857142857143,2,64,1,1,0,0,1,diesel,hatchback,manual,ford,fair,delhi,253599
12,144292,12024.333333333334,1,1816,1,1,0,0,1,petrol,sedan,unknown,honda,great,uttar pradesh,237999
12,173017,14418.083333333334,1,121,1,1,0,0,1,petrol,sedan,manual,honda,great,delhi,229499
8,95840,11980.0,1,697,1,1,0,0,1,petrol,hatchback,manual,maruti,great,delhi,253499
6,108988,18164.666666666668,1,884,0,1,0,0,1,diesel,sedan,manual,honda,great,uttar pradesh,348599
6,70872,11812.0,1,23,1,1,0,0,1,diesel,hatchback,manual,hyundai,good,delhi,352399
6,150351,25058.5,1,1563,1,1,0,0,1,diesel,luxury sedan,unknown,hyundai,great,uttar pradesh,645299
9,121632,13514.666666666666,1,70,1,1,0,0,1,diesel,luxury suv,automatic,toyota,great,uttar pradesh,1147459
11,29166,2651.4545454545455,1,1549,1,1,1,0,1,petrol,hatchback,manual,maruti,great,delhi,161199
1,3639,3639.0,1,1776,1,1,1,0,1,petrol,hatchback,manual,maruti,great,delhi,322099
9,31999,3555.4444444444443,1,5702,1,1,1,1,1,petrol,hatchback,manual,maruti,great,delhi,310799
10,19599,1959.9,1,8493,1,1,1,0,1,petrol,hatchback,manual,maruti,great,uttar pradesh,172699
1,3176,3176.0,1,16029,1,1,1,0,1,petrol,hatchback,unknown,maruti,great,haryana,402199
4,8433,2108.25,1,2225,1,1,1,0,1,petrol,hatchback,automatic,maruti,great,delhi,404699
7,23794,3399.1428571428573,2,7372,1,1,1,0,1,petrol,hatchback,manual,hyundai,great,delhi,307599
10,17407,1740.7,1,4608,1,1,1,0,1,petrol,hatchback,manual,hyundai,great,delhi,247499
8,11048,1381.0,1,1181,1,1,1,0,1,petrol,hatchback,manual,hyundai,great,delhi,223499
10,35568,3556.8,1,3780,1,1,1,0,1,petrol,sedan,manual,honda,great,delhi,329599
1,5445,5445.0,1,4214,1,1,1,0,1,petrol,suv,manual,maruti,great,uttar pradesh,384599
2,8812,4406.0,1,5673,1,1,1,0,1,petrol,hatchback,unknown,maruti,great,delhi,432199
9,53422,5935.777777777777,1,2176,1,1,1,0,1,petrol,sedan,manual,maruti,great,delhi,283399
10,41648,4164.8,1,1445,1,1,1,0,1,petrol,hatchback,manual,hyundai,great,delhi,229799
8,13531,1691.375,1,2052,1,1,1,0,1,petrol,hatchback,manual,hyundai,good,delhi,231399
9,27694,3077.1111111111113,1,397,1,1,1,0,1,petrol,sedan,unknown,honda,great,delhi,382299
3,11025,3675.0,1,945,1,1,1,0,1,petrol,hatchback,manual,maruti,great,delhi,575299
11,54826,4984.181818181818,1,2889,1,1,1,0,1,petrol,sedan,manual,honda,great,delhi,308899
4,29989,7497.25,1,661,1,1,1,0,1,petrol,hatchback,manual,maruti,great,haryana,415299
5,34760,6952.0,2,2537,1,1,0,0,1,petrol & cng,hatchback,manual,maruti,great,delhi,232499
4,19481,4870.25,1,8265,1,1,1,0,1,diesel,suv,unknown,mahindra,great,uttar pradesh,569999
7,44911,6415.857142857143,1,3679,1,1,1,0,1,petrol & cng,hatchback,automatic,maruti,great,uttar pradesh,359599
9,27242,3026.8888888888887,1,4578,1,1,1,0,1,diesel,suv,manual,maruti,great,haryana,440299
3,22459,7486.333333333333,1,2099,1,1,1,0,1,petrol,hatchback,manual,maruti,great,haryana,495599
10,60621,6062.1,1,2428,1,1,1,0,1,petrol & cng,hatchback,manual,maruti,great,delhi,227399
6,26118,4353.0,2,3428,1,1,1,0,1,diesel,suv,automatic,mahindra,great,delhi,544799
10,55874,5587.4,1,1427,1,1,1,0,1,petrol,hatchback,manual,hyundai,great,delhi,227899
8,62712,7839.0,1,2064,1,1,1,0,1,diesel,hatchback,manual,ford,great,delhi,176199
8,48711,6088.875,3,590,1,1,1,0,1,petrol,hatchback,manual,honda,great,delhi,229499
7,13800,1971.4285714285713,1,2465,1,1,1,0,1,diesel,luxury suv,automatic,audi,great,delhi,1414199
11,64752,5886.545454545455,2,3678,1,1,1,0,1,petrol,hatchback,manual,maruti,great,delhi,175299
4,43641,10910.25,1,2253,1,1,1,0,1,diesel,suv,manual,toyota,great,delhi,1294599
5,45930,9186.0,1,4219,1,1,1,0,1,diesel,suv,unknown,renault,great,uttar pradesh,528199
3,17483,5827.666666666667,1,1891,1,1,1,0,1,petrol,sedan,unknown,maruti,great,delhi,726499
11,79324,7211.272727272727,2,825,1,1,1,0,1,petrol,luxury sedan,unknown,toyota,great,uttar pradesh,255699
3,11400,3800.0,1,2817,1,1,1,0,1,petrol,sedan,unknown,maruti,great,haryana,741799
4,46533,11633.25,2,3776,1,1,1,0,1,diesel,luxury suv,manual,jeep,great,delhi,1226744
9,69430,7714.444444444444,1,1841,1,1,1,0,1,diesel,hatchback,manual,toyota,great,delhi,258699
3,49286,16428.666666666668,1,1451,1,1,1,0,1,petrol & cng,suv,manual,maruti,great,delhi,305299
9,77969,8663.222222222223,1,1102,1,1,1,0,1,diesel,hatchback,manual,hyundai,great,delhi,274599
6,81468,13578.0,1,1313,1,1,1,0,1,diesel,hatchback,manual,maruti,great,uttar pradesh,444599
3,40328,13442.666666666666,2,1535,0,1,1,0,1,petrol & cng,hatchback,manual,maruti,great,haryana,379799
8,89139,11142.375,2,11826,1,1,1,0,1,diesel,suv,manual,mahindra,great,haryana,437099
9,98344,10927.111111111111,1,898,1,1,1,0,1,petrol,sedan,manual,honda,great,delhi,353699
5,76651,15330.2,1,926,1,1,1,0,1,diesel,hatchback,manual,hyundai,great,delhi,436399
3,41721,13907.0,1,1098,1,1,1,0,1,petrol & cng,suv,manual,maruti,great,uttar pradesh,374299
7,71800,10257.142857142857,1,1155,1,1,1,0,1,petrol,sedan,manual,honda,great,delhi,323299
7,89990,12855.714285714286,1,675,1,1,1,0,1,diesel,luxury suv,manual,ssangyong,great,haryana,595799
3,74994,24998.0,1,1045,1,1,1,0,1,diesel,suv,manual,maruti,great,uttar pradesh,607799
6,75863,12643.833333333334,1,852,1,1,1,0,1,diesel,suv,manual,mahindra,great,delhi,523599
4,93769,23442.25,1,1552,1,1,1,0,1,diesel,luxury suv,unknown,mahindra,great,delhi,1017371
6,59109,9851.5,1,4398,1,1,1,0,1,diesel,luxury sedan,automatic,bmw,great,haryana,1469199
9,110004,12222.666666666666,1,2016,1,1,1,0,1,diesel,suv,manual,toyota,great,haryana,515299
5,94738,18947.6,1,1434,1,1,1,0,1,diesel,suv,manual,hyundai,great,uttar pradesh,762099
7,124808,17829.714285714286,1,2445,1,1,1,0,1,petrol & cng,suv,manual,maruti,great,delhi,204999
14,94734,6766.714285714285,2,12959,1,1,1,0,1,petrol,hatchback,manual,maruti,great,uttar pradesh,92499
8,107134,13391.75,1,1090,1,1,1,0,1,diesel,hatchback,manual,maruti,great,uttar pradesh,305299
6,102722,17120.333333333332,1,2111,1,1,1,0,1,diesel,luxury suv,manual,mahindra,great,uttar pradesh,706299
11,123137,11194.272727272728,1,2405,0,1,1,0,1,petrol & cng,sedan,manual,hyundai,good,delhi,203099
9,125269,13918.777777777777,1,2968,1,1,1,0,1,diesel,suv,manual,renault,great,uttar pradesh,279499
7,29301,4185.857142857143,1,879,0,0,0,0,1,petrol,sedan,manual,tata,good,uttar pradesh,250000
5,57507,11501.4,1,83,0,0,0,0,1,petrol,hatchback,manual,hyundai,great,uttar pradesh,450000
11,84181,7652.818181818182,1,126,0,0,0,0,1,petrol,hatchback,manual,hyundai,great,delhi,135000
16,102538,6408.625,3,293,0,0,0,0,0,petrol,unknown,unknown,chevrolet,unknown,unknown,100000
11,84151,7650.090909090909,1,77,0,0,0,0,0,petrol,hatchback,manual,maruti,fair,uttar pradesh,100000
8,82737,10342.125,1,616,1,0,0,1,0,diesel,suv,manual,tata,good,uttar pradesh,285000
8,39944,4993.0,1,287,1,0,0,0,0,diesel,luxury sedan,automatic,audi,good,uttarakhand,1050000
5,26450,5290.0,1,88,0,0,0,0,1,petrol,unknown,unknown,volkswagen,good,uttar pradesh,800000
1,7770,7770.0,1,2104,1,1,1,0,1,petrol,hatchback,manual,maruti,great,delhi,432099
2,5965,2982.5,1,1391,1,1,1,0,1,petrol,hatchback,manual,renault,great,uttar pradesh,393299
8,122153,15269.125,1,664,0,0,0,0,1,petrol,luxury sedan,automatic,bmw,great,delhi,1185000
11,79091,7190.090909090909,1,1266,1,1,1,0,1,petrol & cng,hatchback,manual,hyundai,great,delhi,141899
9,65573,7285.888888888889,1,3094,1,1,1,0,1,petrol & cng,hatchback,manual,maruti,great,delhi,249799
7,59061,8437.285714285714,1,141,0,1,0,0,1,petrol,hatchback,manual,maruti,fair,uttar pradesh,381484
5,87712,17542.4,1,1590,1,1,1,0,1,petrol & cng,suv,unknown,maruti,great,uttar pradesh,571999
3,37274,12424.666666666666,1,152,1,0,0,1,1,petrol & cng,suv,manual,maruti,great,delhi,350000
10,29300,2930.0,2,81,0,0,0,1,1,petrol,hatchback,manual,hyundai,great,delhi,161100
7,30297,4328.142857142857,1,161,1,0,0,1,0,petrol,hatchback,manual,maruti,good,delhi,425000
13,84397,6492.076923076923,4,584,1,0,0,1,1,petrol,sedan,automatic,honda,good,delhi,140000
9,44993,4999.222222222223,1,333,1,0,0,1,1,petrol,hatchback,manual,hyundai,great,delhi,140000
17,89567,5268.64705882353,1,811,0,0,0,0,0,petrol & cng,hatchback,manual,maruti,great,delhi,20000
7,69786,9969.42857142857,1,220,0,0,0,0,1,diesel,suv,manual,mahindra,great,delhi,580000
16,68951,4309.4375,1,323,0,0,0,0,0,petrol,hatchback,manual,maruti,great,delhi,45000
10,79894,7989.4,3,272,0,0,0,0,1,petrol,hatchback,manual,maruti,great,uttar pradesh,130000
7,36846,5263.714285714285,1,202,0,0,0,0,1,petrol,sedan,manual,honda,great,delhi,356000
8,67212,8401.5,2,283,1,0,0,0,1,diesel,sedan,manual,renault,great,delhi,285000
10,148007,14800.7,2,146,0,0,0,0,1,diesel,sedan,manual,maruti,fair,delhi,200000
13,52233,4017.923076923077,3,358,1,0,0,0,1,petrol & cng,hatchback,manual,maruti,fair,delhi,135000
8,80551,10068.875,1,159,0,0,0,1,1,diesel,hatchback,manual,maruti,good,haryana,250000
17,94396,5552.705882352941,2,228,0,0,0,0,0,petrol,sedan,manual,hyundai,overpriced,delhi,50160
3,8847,2949.0,1,195,1,0,0,1,1,petrol,sedan,manual,maruti,good,uttar pradesh,900000
11,189456,17223.272727272728,1,537,1,0,0,0,0,petrol,hatchback,manual,hyundai,great,delhi,123000
10,133922,13392.2,1,202,1,0,0,1,1,petrol & cng,sedan,manual,toyota,good,uttar pradesh,255000
9,44511,4945.666666666667,2,137,1,0,0,1,1,petrol,hatchback,manual,hyundai,good,delhi,230000
8,47220,5902.5,1,163,1,0,0,1,1,diesel,hatchback,manual,maruti,fair,delhi,335000
8,46217,5777.125,2,800,1,0,0,1,1,diesel,suv,manual,mahindra,overpriced,uttar pradesh,700000
13,149942,11534.0,1,316,1,0,0,1,1,diesel,sedan,manual,hyundai,good,uttar pradesh,160000
7,57299,8185.571428571428,1,149,1,0,0,1,1,diesel,hatchback,manual,hyundai,great,uttar pradesh,320000
10,78354,7835.4,2,84,1,0,0,0,1,petrol,hatchback,manual,nissan,overpriced,delhi,190000
7,63187,9026.714285714286,1,47,0,0,0,1,1,diesel,sedan,manual,honda,overpriced,uttar pradesh,400000
7,101655,14522.142857142857,1,83,0,0,0,1,1,diesel,suv,manual,renault,great,uttar pradesh,370000
3,24814,8271.333333333334,2,149,0,0,0,1,1,diesel,unknown,unknown,hyundai,good,uttar pradesh,1500000
10,81239,8123.9,4,173,1,0,0,0,1,diesel,suv,manual,mahindra,good,uttarakhand,360000
11,62675,5697.727272727273,2,36,1,0,0,1,1,petrol,hatchback,manual,hyundai,great,delhi,130000
11,110833,10075.727272727272,1,22,0,0,0,0,1,diesel,sedan,manual,maruti,good,uttar pradesh,240000
12,147254,12271.166666666666,1,96,0,0,0,0,1,petrol,hatchback,manual,maruti,good,uttar pradesh,160000
8,44427,5553.375,1,67,0,0,0,0,1,petrol,hatchback,manual,maruti,great,delhi,200000
14,134909,9636.357142857143,2,141,0,0,0,0,0,petrol,hatchback,manual,maruti,great,uttar pradesh,80000
7,10922,1560.2857142857142,1,65,0,0,0,0,1,petrol,sedan,manual,hyundai,good,uttar pradesh,340000
8,48237,6029.625,1,146,0,0,0,0,1,diesel,suv,manual,mahindra,good,uttar pradesh,250000
8,82685,10335.625,3,47,0,0,0,0,1,diesel,hatchback,manual,hyundai,great,uttar pradesh,300000
4,29886,7471.5,1,8629,1,1,0,0,1,diesel,hatchback,manual,maruti,great,delhi,567299
5,142341,28468.2,1,8039,1,1,0,0,1,diesel,suv,manual,mahindra,great,uttar pradesh,929199
6,3628,604.6666666666666,2,4498,1,1,0,0,1,petrol,hatchback,manual,maruti,great,uttar pradesh,282399
10,21743,2174.3,1,8691,1,1,0,0,1,petrol,hatchback,manual,maruti,good,uttar pradesh,186499
3,20535,6845.0,1,7813,1,1,0,1,1,petrol,hatchback,manual,maruti,great,uttar pradesh,289099
6,17391,2898.5,1,5155,1,1,0,0,1,petrol,hatchback,manual,maruti,great,uttar pradesh,275299
6,14828,2471.3333333333335,1,5036,1,1,0,0,1,petrol,hatchback,manual,maruti,great,uttar pradesh,527299
5,43257,8651.4,1,1827,1,1,0,0,1,petrol,hatchback,manual,hyundai,great,uttar pradesh,266199
6,7222,1203.6666666666667,1,1694,1,1,0,0,1,petrol,hatchback,manual,maruti,great,uttar pradesh,272399
4,49227,12306.75,1,6943,1,1,0,1,1,petrol,hatchback,manual,maruti,great,uttar pradesh,411999
3,8204,2734.6666666666665,1,3001,1,1,0,0,1,petrol,hatchback,manual,hyundai,great,uttar pradesh,318599
8,50998,6374.75,1,5892,1,1,0,0,1,diesel,hatchback,manual,maruti,great,uttar pradesh,379399
1,4874,4874.0,1,4640,1,1,0,0,1,petrol,hatchback,manual,maruti,great,uttar pradesh,608799
8,38591,4823.875,1,1700,1,1,0,0,1,diesel,hatchback,manual,maruti,good,uttar pradesh,309799
8,47952,5994.0,1,2408,1,1,0,0,1,petrol,sedan,manual,maruti,great,uttar pradesh,415299
5,40610,8122.0,1,3301,1,1,0,0,1,petrol,hatchback,manual,hyundai,great,uttar pradesh,233599
4,14048,3512.0,1,7026,1,1,0,0,1,petrol,sedan,manual,maruti,great,uttar pradesh,543799
8,31324,3915.5,1,2875,1,1,0,0,1,petrol,sedan,manual,maruti,great,uttar pradesh,442499
4,21346,5336.5,1,3671,1,1,0,0,1,petrol,hatchback,manual,hyundai,great,uttar pradesh,540399
6,52398,8733.0,1,3756,1,1,0,0,1,petrol,sedan,manual,tata,great,uttar pradesh,336199
8,27913,3489.125,1,2052,1,1,0,0,1,petrol,hatchback,manual,maruti,good,uttar pradesh,245799
2,31519,15759.5,1,2438,1,1,0,0,1,petrol,hatchback,manual,maruti,great,uttar pradesh,614099
2,7743,3871.5,1,1389,1,1,0,0,1,petrol,unknown,unknown,hyundai,good,uttar pradesh,492299
6,43943,7323.833333333333,1,3021,1,1,0,0,1,petrol,hatchback,manual,maruti,great,uttar pradesh,430699
3,30599,10199.666666666666,1,2574,1,1,0,0,1,petrol,hatchback,manual,maruti,great,uttar pradesh,331999
4,53626,13406.5,1,5820,1,1,0,0,1,petrol,hatchback,manual,hyundai,great,uttar pradesh,373799
3,60362,20120.666666666668,2,617,1,1,0,0,1,petrol,hatchback,manual,maruti,great,uttar pradesh,321999
3,29890,9963.333333333334,1,2960,1,1,0,0,1,petrol,hatchback,manual,maruti,great,uttar pradesh,536899
2,20254,10127.0,1,1699,1,1,0,0,1,petrol,hatchback,manual,hyundai,great,uttar pradesh,499999
8,54844,6855.5,2,2084,1,1,0,0,1,petrol,hatchback,manual,hyundai,good,uttar pradesh,339999
5,51267,10253.4,1,3463,1,1,0,0,1,petrol,hatchback,automatic,maruti,great,uttar pradesh,386299
3,23085,7695.0,1,6578,1,1,0,0,1,diesel,suv,manual,mahindra,great,uttar pradesh,720799
4,45181,11295.25,1,1617,1,1,0,0,1,petrol,hatchback,manual,maruti,great,uttar pradesh,511799
8,69746,8718.25,1,2741,1,1,0,0,1,petrol,hatchback,manual,maruti,great,uttar pradesh,190099
3,40464,13488.0,2,2578,1,1,0,0,1,petrol,hatchback,manual,maruti,great,uttar pradesh,565399
3,31220,10406.666666666666,1,1365,1,1,0,0,1,petrol,hatchback,manual,hyundai,great,uttar pradesh,494299
13,76434,5879.538461538462,1,4219,1,1,0,0,1,petrol,sedan,manual,hyundai,fair,uttar pradesh,150399
3,26347,8782.333333333334,1,5686,1,1,0,0,1,petrol,sedan,manual,honda,great,uttar pradesh,869899
4,55502,13875.5,1,560,1,1,0,0,1,petrol,hatchback,manual,hyundai,great,uttar pradesh,461499
4,65063,16265.75,1,2747,1,1,0,0,1,diesel,suv,manual,mahindra,great,uttar pradesh,600399
5,39608,7921.6,1,3023,1,1,0,0,1,petrol,hatchback,manual,datsun,good,uttar pradesh,226099
3,32079,10693.0,1,3460,1,1,0,0,1,diesel,suv,manual,maruti,great,uttar pradesh,880799
11,62432,5675.636363636364,1,2949,1,1,0,0,1,petrol,hatchback,manual,hyundai,good,uttar pradesh,183499
3,44406,14802.0,1,5646,1,1,0,0,1,petrol,suv,unknown,honda,great,uttar pradesh,644099
6,56058,9343.0,2,1101,1,1,0,0,1,petrol,hatchback,manual,hyundai,great,uttar pradesh,494599
8,56218,7027.25,2,2974,1,1,0,0,1,petrol,hatchback,manual,hyundai,good,uttar pradesh,219999
4,57122,14280.5,1,1863,1,1,0,0,1,diesel,suv,automatic,hyundai,great,uttar pradesh,1098575
2,62420,31210.0,1,1482,1,1,0,0,1,petrol,unknown,unknown,maruti,great,uttar pradesh,522499
5,78540,15708.0,1,1167,1,1,0,0,1,petrol,hatchback,unknown,renault,good,uttar pradesh,335099
4,97271,24317.75,1,699,1,1,0,0,1,diesel,hatchback,manual,hyundai,great,uttar pradesh,468299
4,83833,20958.25,2,4831,1,1,0,0,1,diesel,suv,manual,tata,great,uttar pradesh,627599
3,59830,19943.333333333332,1,2344,1,1,0,0,1,diesel,sedan,unknown,hyundai,great,uttar pradesh,539999
7,64286,9183.714285714286,1,1728,1,1,0,0,1,diesel,hatchback,manual,maruti,good,uttar pradesh,423299
7,109183,15597.57142857143,2,5312,1,1,0,0,1,diesel,luxury sedan,automatic,bmw,great,uttar pradesh,1561660
6,106173,17695.5,1,2146,1,1,0,0,1,diesel,hatchback,manual,maruti,great,uttar pradesh,394799
10,122631,12263.1,1,3747,1,1,0,0,1,diesel,sedan,manual,hyundai,fair,uttar pradesh,381499
5,85834,17166.8,1,2108,1,1,0,0,1,petrol,sedan,manual,maruti,great,uttar pradesh,522499
7,104925,14989.285714285714,1,2150,1,1,0,0,1,petrol,hatchback,manual,maruti,great,uttar pradesh,273099
6,105850,17641.666666666668,1,1543,1,1,0,0,1,petrol,hatchback,manual,maruti,great,uttar pradesh,372099
6,146707,24451.166666666668,1,3400,1,1,0,0,1,diesel,suv,manual,maruti,great,uttar pradesh,496099
7,182082,26011.714285714286,2,4787,1,1,0,0,1,diesel,luxury suv,manual,toyota,great,uttar pradesh,1268053
6,132967,22161.166666666668,2,3386,1,1,0,0,1,diesel,suv,unknown,hyundai,great,uttar pradesh,730099
6,159969,26661.5,1,3708,1,1,0,0,1,diesel,suv,unknown,mahindra,great,uttar pradesh,804099
11,104540,9503.636363636364,1,509,1,1,0,0,1,petrol,hatchback,manual,maruti,good,uttar pradesh,229899
3,117688,39229.333333333336,1,642,1,1,0,0,1,diesel,hatchback,manual,maruti,great,uttar pradesh,725999
7,173730,24818.571428571428,1,2050,1,1,0,0,1,petrol & cng,hatchback,manual,maruti,fair,uttar pradesh,244099
6,185977,30996.166666666668,2,3215,0,1,0,0,1,diesel,luxury suv,manual,mahindra,great,uttar pradesh,609399
5,127560,25512.0,1,271,1,0,0,0,1,diesel,suv,manual,ford,great,uttar pradesh,430125
3,1355,451.6666666666667,1,1579,1,1,1,0,1,petrol,hatchback,manual,hyundai,great,uttar pradesh,507599
2,15547,7773.5,1,4675,1,1,1,0,1,petrol,sedan,manual,maruti,great,uttar pradesh,668999
8,26586,3323.25,1,2144,0,1,1,0,1,petrol,hatchback,manual,maruti,great,uttar pradesh,218499
6,21477,3579.5,1,4220,1,1,1,0,1,petrol,hatchback,manual,hyundai,great,uttar pradesh,461699
4,20888,5222.0,1,3561,1,1,1,0,1,diesel,hatchback,manual,hyundai,great,uttar pradesh,477299
5,41739,8347.8,1,2610,1,1,1,0,1,diesel,sedan,manual,maruti,great,uttar pradesh,537999
3,78869,26289.666666666668,1,2202,1,1,1,0,1,petrol,hatchback,manual,maruti,good,uttar pradesh,288899
5,62899,12579.8,1,1826,1,1,1,0,1,diesel,sedan,unknown,maruti,great,uttar pradesh,528199
2,55048,27524.0,1,1657,1,1,1,0,1,petrol,hatchback,manual,maruti,great,uttar pradesh,380799
3,43035,14345.0,1,2559,1,1,1,0,1,petrol,hatchback,manual,renault,good,uttar pradesh,315899
6,148250,24708.333333333332,2,3680,1,1,1,0,1,diesel,sedan,manual,hyundai,great,uttar pradesh,531399
11,77518,7047.090909090909,1,225,0,0,0,1,0,diesel,hatchback,manual,maruti,good,uttarakhand,215000
10,126285,12628.5,1,553,0,0,0,0,0,diesel,suv,manual,tata,fair,uttar pradesh,210000
3,62362,20787.333333333332,1,418,0,0,0,0,0,diesel,hatchback,manual,tata,good,uttar pradesh,360000
8,77251,9656.375,2,356,1,0,0,0,0,diesel,luxury sedan,manual,skoda,fair,uttar pradesh,630000
5,60337,12067.4,2,257,1,0,0,1,0,diesel,suv,manual,mahindra,overpriced,uttar pradesh,580000
11,87220,7929.090909090909,1,175,1,0,0,1,0,diesel,sedan,manual,hyundai,overpriced,chandigarh,250000
9,116838,12982.0,2,327,1,0,0,1,0,diesel,luxury suv,manual,toyota,good,uttar pradesh,1100000
9,47317,5257.444444444444,1,214,0,0,0,1,0,diesel,hatchback,manual,hyundai,overpriced,haryana,370000
10,119634,11963.4,2,157,0,0,0,0,0,diesel,hatchback,manual,tata,overpriced,uttar pradesh,150000
6,101527,16921.166666666668,2,144,1,0,0,1,0,diesel,hatchback,manual,hyundai,good,uttar pradesh,350000
9,69029,7669.888888888889,3,2068,1,1,0,0,1,petrol,sedan,manual,maruti,great,maharashtra,364299
8,45721,5715.125,1,903,1,1,0,0,1,petrol,hatchback,manual,hyundai,great,delhi,216799
8,37395,4674.375,1,2809,1,1,1,0,1,diesel,sedan,manual,honda,great,maharashtra,387399
9,37652,4183.555555555556,3,1054,1,1,1,0,1,petrol,hatchback,manual,hyundai,great,karnataka,364699
4,53648,13412.0,1,2927,1,1,0,0,1,diesel,suv,automatic,hyundai,great,uttar pradesh,1082011
5,55724,11144.8,1,889,1,1,0,0,1,petrol,suv,manual,renault,great,karnataka,695999
11,59295,5390.454545454545,2,506,1,1,0,0,1,petrol,hatchback,manual,hyundai,good,tamil nadu,286399
7,50294,7184.857142857143,1,1281,1,1,0,0,1,petrol,hatchback,manual,maruti,great,karnataka,283299
3,54422,18140.666666666668,2,864,1,1,0,0,1,petrol & cng,suv,manual,maruti,great,delhi,346399
8,116848,14606.0,1,1069,1,1,0,0,1,petrol,hatchback,manual,maruti,great,karnataka,205299
2,5450,2725.0,1,215,0,1,0,0,1,petrol,suv,unknown,hyundai,great,maharashtra,1211594
6,85560,14260.0,2,245,1,1,1,0,1,diesel,luxury suv,manual,mahindra,great,haryana,715299
6,43743,7290.5,2,1233,1,1,0,0,1,petrol,hatchback,manual,maruti,great,karnataka,499099
9,72428,8047.555555555556,1,1164,1,1,0,0,1,diesel,hatchback,manual,maruti,great,delhi,203899
7,26839,3834.1428571428573,1,1010,1,1,0,0,1,petrol,hatchback,manual,hyundai,great,delhi,224999
13,71758,5519.846153846154,1,263,0,1,0,0,1,petrol,hatchback,manual,hyundai,fair,maharashtra,157399
9,41632,4625.777777777777,1,2472,1,1,0,0,1,petrol,hatchback,automatic,hyundai,great,telangana,383999
6,121587,20264.5,1,935,1,1,0,0,1,petrol,sedan,manual,honda,great,telangana,620299
10,26173,2617.3,2,1657,1,1,0,0,1,petrol,hatchback,manual,maruti,good,uttar pradesh,188399
6,61537,10256.166666666666,1,361,0,0,0,0,1,diesel,unknown,unknown,maruti,great,gujarat,450000
11,29699,2699.909090909091,1,843,1,1,0,0,1,petrol,hatchback,manual,maruti,good,maharashtra,210099
2,31118,15559.0,1,31420,1,1,0,0,1,petrol,suv,unknown,hyundai,great,gujarat,1155236
13,20719,1593.7692307692307,1,61930,1,1,0,0,1,petrol,hatchback,manual,hyundai,great,karnataka,242299
9,11420,1268.888888888889,2,863,1,1,0,0,1,petrol,hatchback,manual,hyundai,great,maharashtra,270799
10,82120,8212.0,1,1489,1,1,0,0,1,petrol,hatchback,manual,hyundai,great,telangana,387899
9,92029,10225.444444444445,2,252,1,1,0,0,1,diesel,sedan,manual,maruti,great,maharashtra,417399
2,7723,3861.5,1,978,1,1,1,0,1,petrol,sedan,manual,maruti,great,maharashtra,651999
10,50372,5037.2,2,1219,1,1,0,0,1,petrol,hatchback,manual,volkswagen,great,maharashtra,305099
7,156184,22312.0,1,957,0,1,0,0,1,diesel,suv,manual,mahindra,great,maharashtra,830699
8,59531,7441.375,1,1016,0,1,1,0,1,diesel,sedan,manual,maruti,great,karnataka,504899
11,9278,843.4545454545455,1,5908,1,1,0,0,1,petrol,hatchback,manual,tata,good,karnataka,89099
5,25881,5176.2,1,709,1,1,0,0,1,diesel,suv,manual,maruti,great,gujarat,802199
4,25491,6372.75,2,2578,1,1,0,0,1,diesel,luxury suv,manual,jeep,great,maharashtra,1389758
2,1222,611.0,1,3254,0,1,0,0,1,petrol,hatchback,manual,renault,great,maharashtra,397799
10,80062,8006.2,1,1387,1,1,0,0,1,petrol,sedan,automatic,honda,great,maharashtra,394099
4,76112,19028.0,1,469,1,1,0,0,1,petrol,hatchback,unknown,maruti,great,maharashtra,564299
4,29996,7499.0,2,1290,1,1,0,0,1,petrol,hatchback,manual,maruti,great,telangana,546199
11,49945,4540.454545454545,1,584,1,1,0,0,1,petrol,hatchback,manual,honda,good,delhi,288499
4,13072,3268.0,1,811,1,1,0,0,1,petrol,unknown,unknown,maruti,great,tamil nadu,349299
3,28944,9648.0,1,1858,1,1,1,0,1,petrol,sedan,manual,honda,great,karnataka,570399
7,162517,23216.714285714286,1,288,1,1,0,0,1,diesel,sedan,manual,maruti,great,maharashtra,541499
5,81717,16343.4,1,2332,1,1,1,0,1,petrol & cng,suv,unknown,maruti,great,delhi,240899
8,23298,2912.25,1,573,1,1,0,0,1,petrol,hatchback,automatic,hyundai,great,karnataka,443099
5,107150,21430.0,1,2774,0,1,0,0,1,diesel,sedan,automatic,hyundai,great,maharashtra,694399
11,82800,7527.272727272727,3,299,1,0,0,0,1,diesel,hatchback,manual,ford,good,maharashtra,180000
10,58055,5805.5,1,404,1,1,0,0,1,petrol,hatchback,manual,hyundai,good,karnataka,416299
14,155004,11071.714285714286,2,5819,1,1,1,0,1,petrol,sedan,manual,honda,good,haryana,141399
8,63466,7933.25,1,272,0,0,0,0,1,petrol,suv,manual,ford,fair,karnataka,500000
9,72110,8012.222222222223,2,577,1,1,0,0,1,petrol,hatchback,manual,hyundai,good,uttar pradesh,237199
5,14894,2978.8,2,1536,1,1,0,0,1,petrol,hatchback,manual,hyundai,great,karnataka,560999
6,66221,11036.833333333334,1,512,1,1,0,0,1,petrol,suv,manual,maruti,great,maharashtra,616799
2,15028,7514.0,1,442,1,1,0,0,1,petrol,suv,manual,maruti,great,tamil nadu,465599
6,31796,5299.333333333333,1,1075,1,1,0,0,1,petrol,hatchback,manual,maruti,great,karnataka,386799
8,96343,12042.875,2,1905,0,1,1,0,1,diesel,sedan,manual,toyota,great,maharashtra,382799
4,34470,8617.5,2,913,1,1,1,0,1,petrol,hatchback,manual,maruti,great,delhi,377299
6,135250,22541.666666666668,2,5477,1,1,0,0,1,diesel,suv,manual,tata,great,uttar pradesh,626999
5,27100,5420.0,1,355,1,1,0,0,1,petrol,hatchback,manual,maruti,great,karnataka,336699
6,62761,10460.166666666666,1,835,1,1,0,0,1,diesel,sedan,manual,maruti,great,tamil nadu,567199
5,73401,14680.2,1,889,0,1,0,0,1,diesel,hatchback,manual,maruti,great,tamil nadu,520499
14,86033,6145.214285714285,2,339,1,1,0,0,1,petrol,hatchback,manual,hyundai,good,telangana,249599
3,8452,2817.3333333333335,1,1192,1,1,0,0,1,petrol & cng,hatchback,manual,maruti,great,maharashtra,487499
7,32033,4576.142857142857,1,73,1,1,0,0,1,petrol,hatchback,automatic,maruti,great,maharashtra,419199
4,88398,22099.5,2,3277,1,1,1,0,1,diesel,suv,manual,toyota,great,uttar pradesh,1248358
6,89930,14988.333333333334,1,1832,1,1,0,0,1,diesel,sedan,manual,hyundai,great,delhi,340199
9,62307,6923.0,1,3864,1,1,0,0,1,diesel,hatchback,manual,maruti,great,telangana,410599
9,83548,9283.111111111111,1,2427,1,1,0,0,1,petrol,sedan,manual,maruti,good,uttar pradesh,366799
7,99514,14216.285714285714,1,1391,1,1,0,0,1,petrol & cng,suv,manual,maruti,great,maharashtra,571799
3,49270,16423.333333333332,1,3782,1,1,1,0,1,diesel,sedan,unknown,tata,great,andhra pradesh,438299
2,13212,6606.0,1,3796,1,1,0,0,1,diesel,suv,unknown,hyundai,great,delhi,1447530
8,51472,6434.0,1,2572,1,1,0,0,1,diesel,hatchback,manual,hyundai,great,karnataka,415699
3,52539,17513.0,1,3716,1,1,0,0,1,petrol & cng,hatchback,manual,maruti,great,uttar pradesh,401799
14,117800,8414.285714285714,2,1552,1,1,0,0,1,petrol,hatchback,manual,maruti,good,telangana,182199
14,110646,7903.285714285715,2,186,0,0,0,0,0,petrol & cng,hatchback,manual,maruti,overpriced,delhi,89000
9,31540,3504.4444444444443,1,136,0,1,0,0,1,petrol,hatchback,manual,maruti,great,maharashtra,312499
3,61729,20576.333333333332,1,2404,0,1,0,0,1,diesel,suv,automatic,toyota,great,gujarat,1490758
9,103935,11548.333333333334,2,817,1,1,0,1,1,diesel,suv,manual,toyota,great,haryana,639499
14,64809,4629.214285714285,2,6268,1,1,1,0,1,petrol,hatchback,manual,hyundai,great,uttar pradesh,102499
6,36119,6019.833333333333,1,2840,1,1,1,0,1,petrol,sedan,automatic,honda,great,maharashtra,673999
13,114310,8793.076923076924,2,920,0,0,0,0,0,diesel,sedan,manual,ford,fair,gujarat,111000
6,43748,7291.333333333333,3,1376,1,1,0,0,1,petrol,hatchback,manual,hyundai,great,karnataka,267899
4,26386,6596.5,2,2254,0,1,1,0,1,petrol,sedan,manual,tata,great,maharashtra,491499
7,51206,7315.142857142857,1,753,1,1,1,0,1,petrol,hatchback,manual,hyundai,great,gujarat,371899
3,33080,11026.666666666666,1,699,1,1,1,0,1,diesel,hatchback,manual,hyundai,great,maharashtra,726099
1,22747,22747.0,1,3500,1,1,0,0,1,petrol,sedan,unknown,hyundai,great,gujarat,1112008
8,97585,12198.125,1,957,1,1,0,0,1,diesel,suv,manual,maruti,great,karnataka,595999
3,20175,6725.0,1,2240,1,1,1,0,1,petrol,unknown,unknown,ford,great,uttar pradesh,509099
6,78595,13099.166666666666,1,2496,1,1,0,0,1,diesel,sedan,manual,maruti,great,haryana,444499
5,36179,7235.8,1,1510,1,1,1,0,1,petrol,hatchback,manual,maruti,great,delhi,367999
3,62683,20894.333333333332,1,2539,0,1,0,0,1,diesel,luxury suv,manual,jeep,great,gujarat,1367538
11,58590,5326.363636363636,2,574,1,1,0,0,1,petrol,sedan,manual,maruti,good,maharashtra,227099
5,28640,5728.0,1,2219,1,1,1,0,1,petrol,suv,manual,mahindra,great,delhi,328099
9,30254,3361.5555555555557,1,345,1,1,0,0,1,petrol,hatchback,manual,honda,great,maharashtra,302799
3,14673,4891.0,1,1698,1,1,1,0,1,petrol,hatchback,manual,hyundai,great,haryana,450399
9,121979,13553.222222222223,1,277,1,1,0,0,1,petrol,sedan,manual,maruti,great,gujarat,359899
7,227391,32484.428571428572,1,1189,0,1,0,0,1,diesel,suv,manual,toyota,great,karnataka,1129683
11,132687,12062.454545454546,1,220,1,0,0,0,1,diesel,suv,manual,mahindra,fair,gujarat,200000
7,104666,14952.285714285714,2,781,1,1,0,0,1,petrol,sedan,manual,honda,great,delhi,493399
6,110966,18494.333333333332,1,1503,1,1,0,0,1,petrol,suv,manual,ford,great,delhi,490999
11,71122,6465.636363636364,2,537,1,1,0,0,1,petrol,hatchback,manual,maruti,great,karnataka,234399
12,68132,5677.666666666667,3,3567,0,1,0,0,1,petrol,hatchback,manual,hyundai,great,maharashtra,174099
6,80800,13466.666666666666,3,1185,1,1,0,0,1,petrol,sedan,manual,maruti,great,karnataka,481199
3,9582,3194.0,1,1942,1,1,0,0,1,petrol & cng,hatchback,manual,maruti,great,maharashtra,465699
2,22770,11385.0,1,2751,1,1,0,0,1,petrol,suv,unknown,maruti,great,maharashtra,1011199
9,40911,4545.666666666667,2,356,1,1,0,0,1,petrol,hatchback,manual,maruti,great,karnataka,269599
2,8781,4390.5,1,1677,1,1,0,0,1,petrol,hatchback,unknown,hyundai,great,karnataka,782899
9,84213,9357.0,1,504,1,1,0,0,1,diesel,hatchback,manual,maruti,great,delhi,324199
2,5419,2709.5,1,2798,1,1,0,0,1,petrol,hatchback,manual,maruti,great,gujarat,574999
12,85240,7103.333333333333,1,1482,1,1,1,0,1,petrol,hatchback,manual,hyundai,great,maharashtra,151999
11,168462,15314.727272727272,1,2154,1,1,1,0,1,petrol,sedan,manual,honda,good,maharashtra,270099
13,29650,2280.769230769231,2,4162,1,1,0,0,1,petrol,hatchback,manual,hyundai,great,maharashtra,157299
9,79396,8821.777777777777,1,1344,1,1,0,0,1,diesel,sedan,manual,maruti,great,haryana,373799
11,71080,6461.818181818182,1,552,0,1,0,0,1,petrol,hatchback,manual,chevrolet,great,karnataka,237399
6,70207,11701.166666666666,1,2254,0,1,0,0,1,diesel,sedan,automatic,hyundai,great,karnataka,766599
8,132070,16508.75,1,172,1,0,0,1,1,diesel,sedan,manual,honda,great,delhi,250000
5,62601,12520.2,1,1542,1,1,1,0,1,diesel,suv,manual,mahindra,great,haryana,333799
6,110600,18433.333333333332,1,31,1,0,0,1,1,diesel,sedan,manual,honda,great,maharashtra,600000
9,71853,7983.666666666667,2,163,1,1,0,0,1,petrol,hatchback,manual,hyundai,good,tamil nadu,336999
7,56549,8078.428571428572,1,2055,1,1,1,0,1,diesel,hatchback,manual,hyundai,great,delhi,340699
6,2546,424.3333333333333,1,658,1,1,1,0,1,petrol,hatchback,manual,hyundai,great,karnataka,563799
9,170597,18955.222222222223,1,3748,1,1,0,0,1,petrol,sedan,manual,hyundai,good,delhi,197799
8,81944,10243.0,1,571,1,1,0,0,1,petrol,hatchback,manual,maruti,great,telangana,257299
12,119627,9968.916666666666,2,1389,0,1,0,0,1,petrol & cng,hatchback,manual,hyundai,good,maharashtra,240899
10,47989,4798.9,2,2130,1,1,0,0,1,petrol,hatchback,manual,hyundai,great,tamil nadu,227199
6,55867,9311.166666666666,1,2990,1,1,1,0,1,diesel,suv,manual,hyundai,great,telangana,916099
11,150832,13712.0,1,1205,0,1,0,0,1,diesel,suv,manual,toyota,great,maharashtra,582199
5,23226,4645.2,1,3001,1,1,1,0,1,petrol,hatchback,manual,renault,great,haryana,265699
8,68016,8502.0,1,2403,1,1,1,0,1,petrol,sedan,manual,honda,great,uttar pradesh,424499
7,103397,14771.0,1,1628,1,1,0,0,1,diesel,sedan,manual,maruti,great,delhi,442899
2,5715,2857.5,1,3447,1,1,1,0,1,petrol & cng,suv,manual,maruti,great,delhi,386499
12,65198,5433.166666666667,2,2043,1,1,0,0,1,petrol,hatchback,manual,hyundai,great,maharashtra,169299
6,92400,15400.0,2,1039,1,1,0,0,1,diesel,luxury suv,manual,mahindra,great,haryana,858799
7,82081,11725.857142857143,1,1428,1,1,0,0,1,diesel,sedan,manual,volkswagen,great,delhi,310299
6,7187,1197.8333333333333,1,849,0,1,0,0,1,petrol,hatchback,automatic,maruti,great,karnataka,455899
5,95404,19080.8,1,576,1,1,0,0,1,petrol & cng,hatchback,manual,maruti,great,maharashtra,411599
12,53231,4435.916666666667,1,801,1,1,0,0,1,petrol,hatchback,manual,maruti,great,telangana,275299
6,52758,8793.0,2,1095,1,1,0,0,1,petrol,suv,automatic,ford,great,delhi,640299
4,49405,12351.25,2,663,1,1,0,1,1,petrol,hatchback,automatic,maruti,great,karnataka,674199
7,66079,9439.857142857143,1,283,1,1,0,0,1,petrol,hatchback,manual,maruti,great,karnataka,347099
5,48395,9679.0,1,355,1,1,0,0,1,petrol,hatchback,automatic,maruti,great,karnataka,461299
13,69982,5383.2307692307695,1,511,1,1,0,0,1,petrol & lpg,hatchback,manual,maruti,good,tamil nadu,193499
7,110899,15842.714285714286,1,1172,1,1,0,0,1,diesel,sedan,manual,honda,great,tamil nadu,620199
5,83735,16747.0,1,179,1,1,0,0,1,petrol,hatchback,automatic,maruti,great,tamil nadu,461099
10,30640,3064.0,1,693,1,1,0,0,1,petrol,hatchback,manual,maruti,great,maharashtra,266399
7,29000,4142.857142857143,2,1940,0,1,0,0,1,petrol,suv,manual,ford,great,maharashtra,464499
5,36146,7229.2,2,1456,1,1,1,0,1,petrol,hatchback,automatic,maruti,great,telangana,570599
11,60291,5481.0,1,249,0,0,0,0,1,petrol,sedan,automatic,honda,good,delhi,270000
10,76919,7691.9,1,375,1,1,0,0,1,petrol,hatchback,manual,maruti,good,delhi,251199
9,45635,5070.555555555556,1,1751,0,1,1,0,1,petrol,hatchback,manual,ford,good,maharashtra,238099
4,51514,12878.5,1,959,1,1,0,0,1,diesel,suv,manual,maruti,great,maharashtra,668999
3,72536,24178.666666666668,1,1366,1,1,0,0,1,diesel,sedan,manual,maruti,great,tamil nadu,674299
3,84119,28039.666666666668,1,726,1,1,0,0,1,petrol & cng,hatchback,manual,maruti,great,telangana,423899
5,105691,21138.2,1,204,1,1,0,0,1,diesel,luxury suv,unknown,mahindra,great,maharashtra,920999
3,3399,1133.0,1,853,1,1,0,0,1,petrol,sedan,manual,tata,great,maharashtra,571199
11,71422,6492.909090909091,2,296,1,1,0,0,1,petrol,hatchback,manual,maruti,good,delhi,210099
7,80728,11532.57142857143,1,978,1,1,0,0,1,petrol,hatchback,manual,maruti,great,maharashtra,362899
5,38114,7622.8,1,509,1,1,0,0,1,petrol,suv,manual,maruti,great,karnataka,392099
12,103556,8629.666666666666,5,390,1,0,0,1,1,petrol & cng,sedan,manual,honda,fair,delhi,210000
4,35617,8904.25,2,5414,0,1,1,0,1,diesel,luxury sedan,automatic,hyundai,great,maharashtra,1134935
6,45865,7644.166666666667,1,1533,1,1,0,0,1,petrol,sedan,manual,maruti,great,karnataka,437299
13,75701,5823.153846153846,2,2208,1,1,0,0,1,petrol,hatchback,manual,maruti,good,maharashtra,180599
3,57069,19023.0,1,1554,1,1,0,0,1,diesel,suv,unknown,maruti,great,haryana,769599
10,126386,12638.6,1,305,0,1,0,0,1,petrol,hatchback,manual,maruti,good,karnataka,326599
9,53597,5955.222222222223,2,2491,1,1,1,0,1,diesel,luxury sedan,unknown,mercedes benz,great,haryana,1047570
11,128317,11665.181818181818,2,2876,1,1,1,0,1,diesel,hatchback,manual,ford,great,maharashtra,187099
3,57889,19296.333333333332,1,903,1,1,0,0,1,petrol,hatchback,automatic,maruti,great,karnataka,691299
2,16746,8373.0,1,2376,0,1,1,0,1,diesel,suv,unknown,mahindra,great,maharashtra,1154428
7,48657,6951.0,1,403,1,1,0,0,1,petrol,hatchback,manual,maruti,great,karnataka,272899
10,72151,7215.1,2,1983,0,1,0,0,1,petrol & cng,hatchback,manual,maruti,great,maharashtra,253799
11,85763,7796.636363636364,3,816,1,1,0,0,1,petrol,luxury sedan,unknown,toyota,good,maharashtra,287299
9,29177,3241.8888888888887,1,4913,1,1,1,0,1,diesel,luxury sedan,automatic,audi,great,delhi,1184223
12,54904,4575.333333333333,1,1169,1,1,0,0,1,petrol,hatchback,manual,maruti,good,telangana,185599
5,43771,8754.2,1,1460,1,1,1,0,1,petrol,sedan,manual,volkswagen,great,maharashtra,460099
5,111279,22255.8,1,119,1,0,0,1,1,petrol,hatchback,manual,maruti,good,delhi,295000
5,52520,10504.0,2,4066,1,1,0,0,1,diesel,suv,manual,maruti,great,uttar pradesh,595999
4,59023,14755.75,2,3855,1,1,0,0,1,diesel,suv,manual,maruti,great,delhi,604999
6,41516,6919.333333333333,1,831,1,1,0,0,1,petrol,sedan,unknown,maruti,great,delhi,448399
7,51147,7306.714285714285,1,41,0,0,0,0,1,petrol,sedan,manual,hyundai,great,uttar pradesh,375000
6,35743,5957.166666666667,1,5297,1,1,0,0,1,petrol,hatchback,automatic,volkswagen,great,karnataka,622599
9,52977,5886.333333333333,2,8118,1,1,0,0,1,diesel,sedan,manual,volkswagen,great,tamil nadu,367799
1,7449,7449.0,1,838,1,1,0,0,1,petrol,suv,manual,maruti,great,gujarat,472799
10,39325,3932.5,1,430,1,1,0,0,1,petrol,hatchback,manual,maruti,good,delhi,286099
3,3330,1110.0,1,1600,1,1,0,0,1,petrol,sedan,unknown,maruti,great,karnataka,839099
5,60135,12027.0,2,2435,1,1,0,0,1,diesel,suv,automatic,mahindra,great,karnataka,671999
7,22656,3236.5714285714284,1,822,1,1,0,0,1,petrol,hatchback,manual,maruti,great,karnataka,306999
9,110108,12234.222222222223,1,169,1,1,0,0,1,petrol,hatchback,manual,honda,good,haryana,331799
7,55269,7895.571428571428,1,554,0,1,0,0,1,petrol,hatchback,manual,maruti,great,maharashtra,241499
9,56269,6252.111111111111,1,643,0,1,0,0,1,petrol,sedan,manual,maruti,great,maharashtra,408899
8,109600,13700.0,1,407,1,1,0,0,1,diesel,suv,manual,renault,great,gujarat,413499
9,62165,6907.222222222223,2,2084,1,1,0,0,1,petrol,hatchback,manual,hyundai,great,gujarat,312699
12,58102,4841.833333333333,2,3575,1,1,1,0,1,petrol,luxury sedan,manual,mercedes benz,great,maharashtra,554499
7,82735,11819.285714285714,1,2691,1,1,1,0,1,diesel,sedan,manual,honda,great,telangana,524699
2,30598,15299.0,1,538,1,1,0,0,1,petrol,hatchback,unknown,maruti,fair,telangana,441299
9,35190,3910.0,2,1791,1,1,0,0,1,petrol,hatchback,manual,maruti,great,tamil nadu,212999
7,82140,11734.285714285714,2,1280,1,1,0,0,1,diesel,sedan,manual,maruti,great,delhi,374799
3,6193,2064.3333333333335,1,466,1,1,0,0,1,petrol,hatchback,unknown,maruti,great,karnataka,409199
13,48435,3725.769230769231,2,3416,1,1,1,0,1,petrol,hatchback,unknown,maruti,good,telangana,246199
8,30011,3751.375,1,1596,1,1,1,1,1,diesel,sedan,manual,maruti,great,karnataka,517499
8,68210,8526.25,1,127,0,1,0,0,1,petrol,sedan,automatic,volkswagen,great,maharashtra,401000
2,21863,10931.5,1,1968,1,1,0,0,1,petrol,sedan,unknown,honda,great,gujarat,625799
3,55960,18653.333333333332,1,935,1,1,1,0,1,diesel,suv,manual,maruti,great,karnataka,788399
7,82605,11800.714285714286,2,1567,0,1,0,0,1,petrol & cng,hatchback,manual,maruti,great,maharashtra,244499
3,24872,8290.666666666666,1,1817,1,1,0,0,1,petrol,hatchback,manual,renault,great,tamil nadu,364899
13,78054,6004.153846153846,1,518,1,1,0,0,1,petrol,hatchback,manual,hyundai,great,telangana,235999
7,39790,5684.285714285715,1,610,1,1,1,0,1,petrol & cng,suv,manual,maruti,great,maharashtra,371599
1,2259,2259.0,1,1487,1,1,0,0,1,petrol,hatchback,unknown,hyundai,great,karnataka,766099
3,21973,7324.333333333333,1,1030,0,1,0,0,1,petrol,hatchback,manual,renault,great,gujarat,325299
7,39007,5572.428571428572,1,2259,1,1,0,0,1,petrol,hatchback,manual,hyundai,great,gujarat,432099
12,90418,7534.833333333333,1,808,1,1,0,0,1,petrol,sedan,manual,maruti,good,delhi,209599
4,49616,12404.0,1,2456,1,1,0,0,1,diesel,sedan,automatic,volkswagen,great,tamil nadu,773199
3,44813,14937.666666666666,1,2338,1,1,0,0,1,diesel,suv,manual,maruti,great,gujarat,803399
6,10520,1753.3333333333333,1,553,1,1,0,0,1,petrol,hatchback,manual,hyundai,great,karnataka,557099
9,66327,7369.666666666667,1,1154,0,1,0,0,1,petrol,hatchback,manual,hyundai,good,gujarat,196999
3,9861,3287.0,1,593,1,1,0,0,1,petrol,hatchback,unknown,maruti,great,karnataka,436999
12,58959,4913.25,2,561,1,1,0,0,1,petrol,hatchback,manual,maruti,great,karnataka,201899
2,5115,2557.5,1,2872,1,1,1,0,1,petrol,sedan,manual,maruti,great,delhi,625199
7,64628,9232.57142857143,1,420,0,0,0,0,1,diesel,suv,manual,nissan,good,haryana,500000
2,27799,13899.5,1,354,1,1,0,0,1,petrol,hatchback,manual,maruti,great,gujarat,338099
5,95987,19197.4,1,917,1,1,0,0,1,petrol,hatchback,manual,volkswagen,great,telangana,552599
7,72201,10314.42857142857,1,1152,1,1,0,0,1,petrol,sedan,manual,honda,great,haryana,371499
11,56095,5099.545454545455,1,696,1,1,1,0,1,petrol,hatchback,manual,maruti,great,karnataka,240599
4,10754,2688.5,1,1326,1,1,1,0,1,petrol,hatchback,manual,hyundai,great,maharashtra,637399
4,71494,17873.5,1,963,0,1,1,0,1,petrol,hatchback,manual,hyundai,great,delhi,386599
3,52420,17473.333333333332,1,139,1,0,0,1,1,petrol & cng,suv,manual,maruti,great,delhi,380000
9,138000,15333.333333333334,1,1500,1,1,1,0,1,diesel,hatchback,manual,hyundai,good,haryana,264199
12,101931,8494.25,2,1909,1,1,0,0,1,petrol,hatchback,manual,hyundai,great,telangana,221899
5,57111,11422.2,1,688,1,1,1,0,1,petrol,hatchback,manual,renault,great,haryana,251299
4,23780,5945.0,1,703,0,1,0,0,1,petrol,suv,manual,honda,great,maharashtra,723199
7,116278,16611.14285714286,2,814,1,1,1,0,1,diesel,suv,manual,maruti,great,karnataka,593599
10,74518,7451.8,1,468,1,1,0,0,1,petrol,hatchback,manual,maruti,great,delhi,218899
5,40746,8149.2,1,10,0,0,0,0,1,diesel,suv,manual,honda,great,maharashtra,775000
8,57900,7237.5,1,777,1,1,0,0,1,petrol,hatchback,manual,hyundai,great,delhi,324199
8,91004,11375.5,1,454,1,1,0,0,1,petrol,sedan,manual,honda,great,maharashtra,380699
3,11962,3987.3333333333335,1,2269,1,1,1,0,1,petrol,hatchback,manual,hyundai,great,telangana,659499
8,41967,5245.875,3,566,1,1,0,0,1,petrol,hatchback,manual,maruti,great,karnataka,249299
13,182406,14031.23076923077,2,1875,1,1,0,0,1,diesel,suv,manual,toyota,great,maharashtra,391999
10,156589,15658.9,1,1181,1,1,0,0,1,petrol,sedan,manual,toyota,great,delhi,207499
3,3783,1261.0,1,2547,1,1,1,0,1,petrol,suv,unknown,maruti,great,maharashtra,882599
1,6679,6679.0,1,15999,1,1,1,0,1,petrol,hatchback,manual,maruti,great,uttar pradesh,622999
5,17430,3486.0,2,2811,1,1,0,0,1,petrol,hatchback,automatic,volkswagen,great,karnataka,772499
6,12593,2098.8333333333335,2,634,1,1,0,0,1,petrol,hatchback,unknown,maruti,great,karnataka,394199
6,91984,15330.666666666666,1,1156,1,1,0,0,1,petrol,sedan,manual,hyundai,great,telangana,421099
9,64259,7139.888888888889,1,714,1,1,0,0,1,petrol,hatchback,manual,maruti,great,telangana,252199
10,62904,6290.4,1,87,1,1,0,0,1,petrol,hatchback,manual,hyundai,great,karnataka,387599
10,68153,6815.3,2,365,1,1,0,0,1,petrol,hatchback,manual,maruti,great,karnataka,241799
9,47729,5303.222222222223,1,478,1,1,0,0,1,petrol & cng,hatchback,manual,maruti,great,maharashtra,289699
10,18974,1897.4,1,318,1,1,0,0,1,petrol,hatchback,manual,hyundai,great,maharashtra,359199
10,123568,12356.8,2,656,1,1,0,0,1,petrol,hatchback,manual,hyundai,great,maharashtra,290699
3,1827,609.0,1,2595,1,1,0,0,1,petrol,sedan,automatic,hyundai,great,maharashtra,1182304
6,30242,5040.333333333333,1,2748,0,1,0,0,1,petrol,hatchback,manual,maruti,great,maharashtra,257499
13,64425,4955.7692307692305,2,9411,0,1,1,0,1,petrol & cng,hatchback,manual,maruti,great,maharashtra,199999
5,2751,550.2,1,681,1,1,0,0,1,petrol,hatchback,manual,hyundai,great,maharashtra,469999
9,59949,6661.0,2,755,1,1,0,0,1,petrol,hatchback,manual,honda,great,maharashtra,335099
8,25052,3131.5,1,548,1,1,1,0,1,petrol,hatchback,manual,hyundai,good,gujarat,238299
11,34181,3107.3636363636365,1,2631,1,1,1,0,1,petrol & cng,hatchback,manual,maruti,good,delhi,199199
11,160205,14564.09090909091,2,914,1,1,0,0,1,diesel,sedan,manual,maruti,great,maharashtra,280799
4,110111,27527.75,1,1356,1,1,0,0,1,diesel,sedan,manual,maruti,great,delhi,467399
6,58570,9761.666666666666,1,662,1,1,0,0,1,petrol,hatchback,manual,hyundai,great,maharashtra,396499
8,115427,14428.375,1,746,1,1,1,0,1,petrol,hatchback,manual,hyundai,great,tamil nadu,292799
14,149025,10644.642857142857,4,56,0,0,0,0,0,petrol,hatchback,manual,maruti,fair,delhi,81000
12,62353,5196.083333333333,3,589,1,1,0,0,1,petrol,hatchback,manual,maruti,great,karnataka,199299
8,69046,8630.75,1,536,1,1,0,0,1,diesel,hatchback,manual,hyundai,fair,delhi,378299
8,44431,5553.875,2,1205,1,1,0,0,1,petrol,hatchback,manual,maruti,great,karnataka,481699
7,29094,4156.285714285715,1,1256,1,1,1,0,1,petrol,hatchback,manual,hyundai,great,telangana,490799
9,81154,9017.111111111111,1,3716,1,1,0,0,1,diesel,sedan,manual,skoda,great,karnataka,457799
9,10253,1139.2222222222222,2,5600,1,1,0,0,1,petrol,sedan,automatic,hyundai,great,maharashtra,374799
13,222344,17103.384615384617,2,37,0,1,0,0,1,petrol,luxury sedan,unknown,toyota,great,maharashtra,228699
5,32339,6467.8,1,920,1,1,0,0,1,petrol,hatchback,manual,maruti,great,delhi,277099
7,30338,4334.0,1,474,1,1,0,0,1,petrol,hatchback,manual,maruti,great,maharashtra,362699
2,22647,11323.5,1,1501,0,1,0,0,1,petrol,sedan,manual,hyundai,great,maharashtra,822899
3,12608,4202.666666666667,1,1657,1,1,0,0,1,diesel,suv,manual,maruti,great,karnataka,855999
6,92086,15347.666666666666,1,1000,1,1,0,0,1,diesel,hatchback,manual,maruti,great,delhi,419699
15,106500,7100.0,1,64,0,0,0,0,0,petrol & cng,hatchback,manual,hyundai,good,delhi,70000
4,5359,1339.75,1,420,0,0,0,0,1,petrol,hatchback,manual,maruti,great,gujarat,270000
6,64085,10680.833333333334,1,927,1,1,1,0,1,diesel,suv,manual,maruti,great,karnataka,680199
6,19570,3261.6666666666665,1,1649,1,1,0,0,1,petrol & cng,hatchback,unknown,maruti,great,maharashtra,374199
6,58003,9667.166666666666,1,1892,1,1,0,0,1,diesel,suv,unknown,hyundai,great,delhi,841699
3,13638,4546.0,1,669,1,1,0,0,1,petrol,hatchback,manual,maruti,great,karnataka,541799
12,72623,6051.916666666667,1,1302,1,1,0,0,1,petrol,hatchback,manual,maruti,great,maharashtra,180699
9,94644,10516.0,1,698,1,1,0,0,1,diesel,sedan,manual,maruti,great,delhi,333299
12,215809,17984.083333333332,1,698,1,1,0,0,1,petrol,hatchback,manual,honda,great,haryana,202799
10,114593,11459.3,2,393,1,1,0,1,1,petrol & cng,hatchback,manual,maruti,great,telangana,235299
17,28484,1675.5294117647059,2,243,0,0,0,0,0,petrol,sedan,manual,ford,overpriced,delhi,50000
13,155454,11958.0,1,2256,1,1,0,0,1,petrol,sedan,manual,ford,good,karnataka,242499
6,31048,5174.666666666667,1,1366,1,1,0,0,1,petrol,suv,manual,maruti,great,maharashtra,660199
11,106039,9639.90909090909,1,1786,1,1,0,0,1,petrol,luxury sedan,manual,skoda,good,telangana,506299
7,43981,6283.0,1,721,1,1,0,0,1,petrol,sedan,manual,maruti,great,karnataka,517199
4,5994,1498.5,1,1129,1,1,0,0,1,petrol,hatchback,manual,datsun,great,maharashtra,393499
7,52108,7444.0,1,753,1,1,0,0,1,petrol,hatchback,automatic,maruti,great,tamil nadu,380199
6,100330,16721.666666666668,1,1007,1,1,0,0,1,petrol,sedan,manual,maruti,great,delhi,537599
7,87237,12462.42857142857,1,375,1,1,1,0,1,petrol,hatchback,manual,maruti,great,delhi,200399
8,29454,3681.75,2,962,1,1,0,0,1,petrol,hatchback,manual,maruti,great,karnataka,252999
4,51203,12800.75,1,785,0,1,1,0,1,diesel,suv,manual,maruti,great,maharashtra,768199
4,150584,37646.0,1,664,1,1,0,0,1,diesel,suv,manual,maruti,great,gujarat,731399
11,87770,7979.090909090909,1,1159,1,1,0,0,1,petrol,hatchback,manual,hyundai,great,delhi,199699
9,95000,10555.555555555555,2,120,0,0,0,0,0,diesel,unknown,unknown,maruti,unknown,unknown,260000
3,150635,50211.666666666664,1,1709,1,1,0,0,1,petrol & cng,suv,manual,maruti,great,gujarat,740799
12,74034,6169.5,2,1628,1,1,0,0,1,petrol,hatchback,manual,maruti,great,maharashtra,246999
9,49323,5480.333333333333,1,2442,1,1,0,0,1,petrol,hatchback,manual,maruti,great,maharashtra,182099
2,28580,14290.0,1,1556,1,1,0,0,1,diesel,luxury suv,unknown,mahindra,great,gujarat,1125744
11,119260,10841.818181818182,1,2363,1,1,1,0,1,petrol,sedan,unknown,honda,great,maharashtra,247099
5,58682,11736.4,1,355,0,0,0,0,1,diesel,unknown,unknown,honda,good,delhi,500000
4,19792,4948.0,1,1943,1,1,1,0,1,petrol,hatchback,manual,maruti,great,maharashtra,545999
7,53916,7702.285714285715,2,475,1,1,0,0,1,petrol,hatchback,automatic,maruti,great,karnataka,398299
4,51063,12765.75,1,1221,1,1,0,0,1,petrol & cng,hatchback,manual,maruti,great,maharashtra,409299
8,79962,9995.25,1,1875,1,1,1,0,1,diesel,suv,manual,renault,great,uttar pradesh,365099
3,35859,11953.0,1,241,0,1,0,0,1,petrol,sedan,manual,hyundai,great,tamil nadu,973399
7,55075,7867.857142857143,1,2392,1,1,1,1,1,petrol,hatchback,manual,maruti,great,haryana,269099
11,63843,5803.909090909091,3,794,1,1,0,0,1,petrol,hatchback,manual,maruti,good,delhi,180699
12,89307,7442.25,1,852,1,1,0,0,1,petrol,hatchback,manual,maruti,great,telangana,173699
4,53935,13483.75,1,167,0,1,1,0,1,petrol,sedan,manual,maruti,great,gujarat,548599
6,22078,3679.6666666666665,2,1199,1,1,1,0,1,petrol,sedan,unknown,volkswagen,great,maharashtra,567599
4,4347,1086.75,2,524,0,0,0,0,1,petrol,hatchback,manual,maruti,good,delhi,500000
8,44622,5577.75,1,1268,1,1,0,0,1,petrol,hatchback,manual,honda,great,maharashtra,289799
1,5076,5076.0,1,999,1,1,0,0,1,petrol,suv,manual,maruti,great,gujarat,481099
8,20924,2615.5,1,1783,1,1,0,0,1,petrol,sedan,manual,honda,great,maharashtra,411499
8,111690,13961.25,1,903,1,1,0,0,1,diesel,suv,manual,ford,great,delhi,384299
7,37000,5285.714285714285,2,128,0,0,0,0,0,petrol,hatchback,unknown,ford,unknown,unknown,375000
14,100178,7155.571428571428,4,284,0,0,0,0,0,petrol & cng,sedan,manual,maruti,overpriced,maharashtra,100000
13,117930,9071.538461538461,1,2807,1,1,1,0,1,petrol,sedan,manual,maruti,good,haryana,163199
12,111095,9257.916666666666,1,228,1,1,0,0,1,petrol,hatchback,manual,hyundai,good,delhi,187099
5,96726,19345.2,1,1280,1,1,0,0,1,petrol,sedan,automatic,volkswagen,great,karnataka,623899
13,102602,7892.461538461538,2,178,1,0,0,1,1,petrol & cng,sedan,manual,hyundai,overpriced,delhi,150000
5,70380,14076.0,1,400,1,1,0,0,1,petrol,hatchback,manual,maruti,good,gujarat,259599
8,68916,8614.5,1,121,1,1,0,0,1,petrol,hatchback,manual,honda,good,maharashtra,338699
9,80909,8989.888888888889,2,836,1,0,0,1,1,petrol & cng,hatchback,manual,maruti,good,delhi,174000
11,103406,9400.545454545454,1,310,0,0,0,0,1,diesel,hatchback,manual,maruti,great,delhi,152000
2,19564,9782.0,1,173,1,1,0,0,1,petrol,hatchback,manual,maruti,great,tamil nadu,567099
2,16685,8342.5,1,2183,1,1,1,0,1,petrol,hatchback,manual,renault,great,uttar pradesh,386599
13,90892,6991.692307692308,4,1092,0,0,0,0,0,petrol,hatchback,manual,maruti,great,maharashtra,70000
11,86559,7869.0,2,403,1,1,0,0,1,petrol,sedan,manual,honda,great,karnataka,431499
8,68242,8530.25,3,2771,1,1,0,0,1,petrol,sedan,manual,hyundai,great,maharashtra,367699
7,67597,9656.714285714286,2,531,1,1,0,0,1,petrol,sedan,manual,honda,great,karnataka,631699
9,115457,12828.555555555555,1,796,1,1,0,0,1,diesel,sedan,manual,hyundai,great,uttar pradesh,356599
3,52996,17665.333333333332,1,738,0,1,0,0,1,diesel,sedan,manual,maruti,great,maharashtra,709499
8,115820,14477.5,1,1319,1,1,0,0,1,diesel,suv,manual,maruti,great,delhi,456899
3,40049,13349.666666666666,1,3148,1,1,0,0,1,diesel,suv,unknown,hyundai,great,delhi,878999
7,39756,5679.428571428572,2,2823,1,1,0,0,1,petrol,sedan,manual,hyundai,great,maharashtra,483899
6,71640,11940.0,1,967,1,1,0,0,1,diesel,hatchback,manual,maruti,great,telangana,536399
7,31287,4469.571428571428,3,557,0,1,0,0,1,petrol,hatchback,manual,hyundai,great,karnataka,286499
5,47833,9566.6,2,579,1,1,0,0,1,petrol,hatchback,unknown,maruti,great,telangana,351199
10,55810,5581.0,2,548,1,1,0,0,1,petrol,hatchback,manual,maruti,good,uttar pradesh,206999
4,38079,9519.75,2,378,1,1,0,0,1,petrol,hatchback,manual,maruti,great,maharashtra,334299
7,83300,11900.0,1,528,1,1,0,0,1,petrol,hatchback,manual,maruti,great,gujarat,394499
11,98553,8959.363636363636,1,557,1,1,0,0,1,petrol,hatchback,manual,chevrolet,good,karnataka,224699
6,113208,18868.0,1,953,1,1,0,0,1,diesel,luxury suv,manual,mahindra,great,delhi,918099
7,95243,13606.142857142857,1,76,0,1,0,0,1,diesel,hatchback,manual,hyundai,great,maharashtra,526999
11,87265,7933.181818181818,1,79,1,1,0,0,1,petrol,hatchback,manual,hyundai,good,maharashtra,268299
15,63992,4266.133333333333,2,187,0,0,0,0,0,petrol & cng,hatchback,manual,chevrolet,overpriced,gujarat,80000
10,35039,3503.9,1,4266,1,1,1,0,1,petrol,hatchback,manual,maruti,great,andhra pradesh,238599
9,53558,5950.888888888889,1,321,1,1,0,0,1,petrol,hatchback,manual,maruti,great,maharashtra,279599
10,36419,3641.9,2,1690,1,1,0,0,1,petrol,hatchback,manual,toyota,great,maharashtra,257399
6,67455,11242.5,1,1152,0,1,0,0,1,petrol,unknown,unknown,maruti,great,karnataka,280099
7,53935,7705.0,1,3038,1,1,1,0,1,petrol,sedan,manual,maruti,great,uttar pradesh,411099
6,60954,10159.0,1,602,1,1,0,0,1,petrol,hatchback,manual,toyota,great,tamil nadu,435099
2,65709,32854.5,1,183,1,1,0,0,1,diesel,sedan,manual,maruti,great,tamil nadu,691699
9,123846,13760.666666666666,1,409,1,1,0,0,1,diesel,hatchback,manual,maruti,great,delhi,327799
3,27623,9207.666666666666,1,1243,1,1,1,0,1,diesel,hatchback,manual,maruti,great,tamil nadu,658899
4,57969,14492.25,1,2308,0,1,0,0,1,petrol,sedan,manual,honda,great,gujarat,790299
6,24134,4022.3333333333335,1,1056,1,1,1,0,1,petrol,hatchback,automatic,volkswagen,great,maharashtra,555899
2,28932,14466.0,1,1090,1,1,0,0,1,petrol,suv,unknown,hyundai,great,maharashtra,1071103
6,82350,13725.0,2,502,0,1,0,0,1,petrol,hatchback,manual,hyundai,good,gujarat,260299
5,58133,11626.6,1,261,1,0,0,0,1,electric,hatchback,manual,mahindra,fair,karnataka,350000
10,36503,3650.3,2,2027,1,1,0,0,1,petrol,hatchback,manual,maruti,great,tamil nadu,290699
10,73715,7371.5,1,2293,1,1,1,0,1,diesel,luxury sedan,automatic,volkswagen,great,maharashtra,582899
9,87615,9735.0,1,1505,1,1,0,0,1,petrol,sedan,manual,honda,great,telangana,478299
5,40705,8141.0,1,685,0,1,0,0,1,petrol,luxury sedan,automatic,toyota,great,maharashtra,1122108
10,55925,5592.5,4,2685,1,1,1,0,1,petrol,luxury sedan,unknown,toyota,great,karnataka,401099
5,34151,6830.2,2,83,1,1,0,0,1,petrol,hatchback,manual,maruti,great,tamil nadu,311399
5,71468,14293.6,1,787,1,1,0,0,1,diesel,suv,manual,maruti,great,uttar pradesh,623799
5,28987,5797.4,1,2614,0,1,1,0,1,diesel,suv,manual,maruti,great,telangana,777299
12,107840,8986.666666666666,1,831,1,1,0,0,1,petrol,hatchback,manual,maruti,great,maharashtra,184699
7,30411,4344.428571428572,2,370,0,1,0,0,1,petrol,sedan,manual,maruti,great,maharashtra,460899
1,379,379.0,1,11041,1,1,1,0,1,petrol,hatchback,unknown,hyundai,great,telangana,680899
2,14779,7389.5,2,1077,1,1,1,0,1,petrol,suv,automatic,renault,great,karnataka,936699
4,62516,15629.0,1,678,1,1,0,0,1,petrol,hatchback,manual,maruti,great,telangana,614099
10,66622,6662.2,1,490,1,1,1,0,1,petrol,hatchback,manual,hyundai,great,delhi,189499
9,51209,5689.888888888889,1,484,1,1,0,0,1,diesel,suv,manual,maruti,great,maharashtra,590899
5,82420,16484.0,1,1350,1,1,0,0,1,diesel,suv,manual,maruti,great,karnataka,756099
9,88815,9868.333333333334,5,4125,1,1,1,0,1,diesel,sedan,manual,hyundai,great,karnataka,413899
12,70095,5841.25,2,159,1,0,0,1,1,petrol & cng,hatchback,manual,maruti,fair,delhi,170000
3,49072,16357.333333333334,1,1099,0,1,0,0,1,petrol,sedan,manual,maruti,great,gujarat,690699
1,3822,3822.0,1,2952,1,1,0,0,1,petrol,suv,manual,maruti,great,gujarat,476499
4,33205,8301.25,1,1235,1,1,1,0,1,petrol,hatchback,manual,tata,great,karnataka,489599
8,63162,7895.25,1,219,0,0,0,0,1,petrol,hatchback,manual,hyundai,great,karnataka,306000
2,8940,4470.0,1,2260,1,1,0,0,1,petrol,hatchback,manual,maruti,great,tamil nadu,575099
8,48861,6107.625,1,1207,1,1,1,0,1,petrol,suv,manual,ford,great,tamil nadu,474499
6,106123,17687.166666666668,1,269,1,1,0,0,1,diesel,hatchback,manual,hyundai,great,delhi,480399
9,113073,12563.666666666666,1,615,1,1,0,0,1,diesel,hatchback,manual,maruti,great,haryana,291999
7,9571,1367.2857142857142,1,931,0,1,0,0,1,petrol,sedan,manual,hyundai,great,maharashtra,460899
3,6662,2220.6666666666665,1,1241,1,1,0,0,1,petrol,hatchback,manual,maruti,great,gujarat,343299
9,95321,10591.222222222223,1,580,1,1,0,0,1,diesel,hatchback,manual,maruti,great,haryana,324599
3,82508,27502.666666666668,1,602,1,1,0,0,1,diesel,suv,manual,maruti,great,maharashtra,884399
3,14275,4758.333333333333,1,1142,1,1,1,0,1,petrol,hatchback,manual,maruti,great,karnataka,304399
5,85369,17073.8,1,820,1,1,1,1,1,diesel,suv,automatic,renault,great,haryana,522599
6,171277,28546.166666666668,1,1052,1,1,0,0,1,diesel,hatchback,manual,maruti,great,telangana,511499
13,84985,6537.307692307692,1,9481,1,1,0,0,1,petrol & lpg,hatchback,manual,hyundai,great,telangana,166199
4,14965,3741.25,1,1741,1,1,0,0,1,petrol,hatchback,manual,hyundai,great,tamil nadu,533399
7,88835,12690.714285714286,1,1485,1,1,0,0,1,diesel,sedan,manual,maruti,great,delhi,354099
7,9392,1341.7142857142858,1,3525,1,1,0,0,1,petrol,hatchback,automatic,tata,great,maharashtra,187599
7,107465,15352.142857142857,1,896,1,1,0,0,1,diesel,hatchback,manual,volkswagen,great,uttar pradesh,366399
4,38526,9631.5,2,1175,1,1,0,0,1,petrol,hatchback,manual,hyundai,great,telangana,623899
11,72363,6578.454545454545,1,2187,1,1,0,0,1,petrol,hatchback,manual,maruti,great,delhi,202899
10,90696,9069.6,2,3650,1,1,1,0,1,diesel,luxury sedan,automatic,bmw,great,maharashtra,694299
7,23856,3408.0,2,2632,0,1,0,0,1,petrol,luxury sedan,unknown,mercedes benz,great,maharashtra,1335521
4,76040,19010.0,1,1107,1,1,1,0,1,diesel,sedan,automatic,maruti,great,tamil nadu,707799
2,20995,10497.5,1,3270,1,1,0,0,1,diesel,suv,unknown,tata,great,maharashtra,973899
6,23144,3857.3333333333335,1,2395,1,1,0,0,1,petrol,hatchback,manual,renault,good,telangana,286899
6,79035,13172.5,1,1293,1,1,1,0,1,petrol,hatchback,automatic,nissan,great,karnataka,384699
4,54562,13640.5,1,2046,1,1,0,0,1,petrol,suv,automatic,honda,great,tamil nadu,806099
4,18510,4627.5,1,3623,1,1,0,0,1,petrol,suv,manual,ford,great,maharashtra,606699
8,22201,2775.125,1,461,0,1,0,0,1,petrol,hatchback,automatic,hyundai,great,karnataka,469299
4,46220,11555.0,1,2424,0,1,0,0,1,diesel,suv,automatic,renault,great,maharashtra,887499
9,113771,12641.222222222223,1,1241,1,1,0,0,1,diesel,luxury suv,automatic,audi,great,haryana,1119381
5,41357,8271.4,1,348,1,1,1,0,1,petrol,hatchback,manual,hyundai,great,haryana,352299
7,23233,3319.0,2,2906,1,1,0,0,1,petrol,hatchback,manual,maruti,great,telangana,357399
9,71968,7996.444444444444,2,3092,0,1,0,0,1,petrol,hatchback,manual,maruti,great,karnataka,298599
13,85606,6585.076923076923,1,543,1,1,0,0,1,petrol,hatchback,automatic,hyundai,great,karnataka,304599
6,74825,12470.833333333334,1,95,0,0,0,0,1,diesel,suv,manual,mahindra,good,delhi,490000
10,48380,4838.0,2,3523,0,1,0,0,1,petrol,hatchback,manual,nissan,good,maharashtra,199699
8,9676,1209.5,1,5709,1,1,1,0,1,petrol,hatchback,manual,maruti,great,karnataka,299599
11,57695,5245.0,2,550,1,1,0,0,1,petrol,hatchback,manual,maruti,good,telangana,205199
11,19432,1766.5454545454545,1,817,0,1,0,0,1,petrol,hatchback,manual,maruti,great,maharashtra,241199
11,46021,4183.727272727273,2,2276,1,1,0,0,1,petrol,hatchback,manual,maruti,great,karnataka,246699
7,90426,12918.0,1,356,1,1,1,0,1,diesel,sedan,manual,honda,great,uttar pradesh,523899
6,58384,9730.666666666666,2,917,1,1,0,0,1,petrol,hatchback,manual,volkswagen,great,karnataka,531899
8,46281,5785.125,2,2605,1,1,0,0,1,petrol,hatchback,manual,nissan,great,tamil nadu,283099
4,29115,7278.75,1,693,1,1,0,0,1,petrol,sedan,manual,maruti,great,telangana,664399
6,36995,6165.833333333333,1,573,1,1,0,0,1,petrol,hatchback,manual,hyundai,great,telangana,297799
4,80193,20048.25,1,1514,1,1,0,0,1,diesel,hatchback,manual,maruti,great,haryana,581099
6,78599,13099.833333333334,2,2261,1,1,0,0,1,diesel,suv,automatic,hyundai,great,maharashtra,959399
8,85256,10657.0,1,4708,0,1,1,0,1,diesel,suv,manual,mahindra,great,uttar pradesh,378999
14,33538,2395.5714285714284,1,3590,0,1,1,0,1,petrol,hatchback,manual,maruti,great,karnataka,189599
7,100187,14312.42857142857,2,62,1,1,0,0,1,petrol,sedan,manual,honda,great,delhi,400099
7,101866,14552.285714285714,2,1356,1,1,0,0,1,diesel,sedan,manual,honda,great,maharashtra,531399
7,50672,7238.857142857143,2,4945,1,1,0,0,1,petrol,sedan,manual,hyundai,great,uttar pradesh,358799
6,74575,12429.166666666666,1,664,1,1,0,0,1,diesel,sedan,manual,maruti,great,tamil nadu,536099
6,84281,14046.833333333334,1,556,0,1,0,0,1,petrol,hatchback,manual,volkswagen,great,maharashtra,421499
7,43955,6279.285714285715,1,784,1,1,0,0,1,petrol,hatchback,manual,maruti,great,karnataka,387199
6,72955,12159.166666666666,2,409,0,0,0,0,0,diesel,hatchback,manual,maruti,great,gujarat,390000
3,47051,15683.666666666666,1,1742,1,1,0,0,1,petrol,sedan,manual,maruti,great,gujarat,664599
12,170681,14223.416666666666,1,649,1,1,0,0,1,diesel,hatchback,manual,maruti,great,karnataka,313799
9,109303,12144.777777777777,1,2826,1,1,0,0,1,diesel,sedan,manual,hyundai,great,delhi,358399
7,113481,16211.57142857143,1,731,1,1,0,0,1,petrol,hatchback,manual,maruti,great,maharashtra,383599
8,54021,6752.625,1,1343,0,1,0,0,1,diesel,suv,manual,maruti,great,maharashtra,645099
2,45317,22658.5,1,501,1,1,0,0,1,petrol & cng,suv,manual,maruti,great,gujarat,452399
10,26569,2656.9,1,2156,1,1,1,0,1,petrol,hatchback,manual,ford,good,telangana,263199
3,30904,10301.333333333334,1,2139,1,1,0,0,1,petrol,sedan,unknown,maruti,great,haryana,828499
3,53156,17718.666666666668,1,2160,1,1,1,0,1,petrol & cng,hatchback,unknown,maruti,great,delhi,302099
2,12583,6291.5,1,1089,1,1,0,0,1,petrol,hatchback,manual,maruti,great,karnataka,695599
6,61188,10198.0,1,631,1,1,1,0,1,petrol,suv,automatic,ford,great,maharashtra,607999
12,101199,8433.25,1,714,1,1,0,0,1,petrol,hatchback,manual,hyundai,good,delhi,179199
12,37982,3165.1666666666665,2,1913,1,1,0,0,1,petrol,hatchback,manual,hyundai,fair,haryana,197099
7,56469,8067.0,1,1184,1,1,1,0,1,petrol,sedan,manual,maruti,great,delhi,479999
2,11855,5927.5,2,495,1,1,0,0,1,petrol,hatchback,unknown,hyundai,great,tamil nadu,628299
7,12720,1817.142857142857,1,2427,1,1,0,0,1,petrol,hatchback,manual,maruti,great,tamil nadu,510899
12,76508,6375.666666666667,4,6,1,0,0,0,0,petrol,hatchback,manual,maruti,great,haryana,195059
4,14538,3634.5,1,579,1,1,0,0,1,petrol,hatchback,manual,hyundai,great,gujarat,478299
11,53390,4853.636363636364,2,740,0,0,0,0,0,petrol,hatchback,manual,tata,fair,delhi,35000
6,57036,9506.0,1,569,1,1,0,0,1,petrol,hatchback,manual,maruti,great,karnataka,485399
4,43072,10768.0,2,166,0,0,0,0,1,petrol,hatchback,manual,maruti,great,haryana,270000
1,9344,9344.0,1,3461,1,1,1,0,1,petrol,sedan,manual,honda,great,uttar pradesh,685399
2,7343,3671.5,1,3550,1,1,0,0,1,petrol,hatchback,manual,renault,great,karnataka,400699
1,11371,11371.0,1,6143,1,1,1,0,1,diesel,suv,manual,ford,great,telangana,981199
7,56316,8045.142857142857,1,994,1,1,0,0,1,petrol,hatchback,manual,volkswagen,great,maharashtra,420099
9,107319,11924.333333333334,1,521,1,1,0,0,1,diesel,sedan,manual,tata,fair,maharashtra,256499
4,52212,13053.0,1,1746,1,1,1,0,1,diesel,suv,unknown,ford,great,haryana,692899
4,37386,9346.5,1,539,1,1,0,0,1,petrol,suv,manual,honda,great,maharashtra,727299
10,109283,10928.3,1,27,1,1,0,0,1,petrol & cng,hatchback,manual,maruti,good,delhi,274299
4,89362,22340.5,1,1296,1,1,0,0,1,petrol,sedan,automatic,honda,great,telangana,921799
9,37135,4126.111111111111,1,3420,0,1,0,0,1,petrol,hatchback,manual,maruti,great,maharashtra,295599
5,22884,4576.8,1,2996,1,1,0,0,1,petrol,sedan,manual,hyundai,great,gujarat,618799
4,43634,10908.5,1,2279,1,1,0,0,1,diesel,suv,manual,maruti,great,telangana,811699
3,72527,24175.666666666668,2,2410,1,1,0,0,1,diesel,luxury suv,automatic,hyundai,great,karnataka,1651146
11,42795,3890.4545454545455,1,1985,0,1,0,0,1,petrol,hatchback,manual,volkswagen,good,maharashtra,285599
7,46348,6621.142857142857,1,1847,1,1,1,0,1,petrol,sedan,manual,honda,great,karnataka,408899
9,98842,10982.444444444445,2,1373,0,1,0,0,1,petrol,luxury sedan,manual,mercedes benz,great,maharashtra,1139985
5,95260,19052.0,1,1876,1,1,0,0,1,petrol,hatchback,manual,hyundai,great,maharashtra,453799
9,28610,3178.8888888888887,1,4326,1,1,0,0,1,petrol,hatchback,manual,maruti,great,karnataka,256399
5,41120,8224.0,2,317,1,1,0,0,1,petrol,hatchback,manual,maruti,great,tamil nadu,302099
7,81540,11648.57142857143,1,465,1,1,0,0,1,diesel,sedan,manual,maruti,great,telangana,547899
5,46455,9291.0,1,230,0,0,0,0,1,diesel,sedan,manual,tata,great,delhi,300000
8,70687,8835.875,1,852,0,1,0,0,1,diesel,hatchback,manual,maruti,great,delhi,285299
10,33717,3371.7,1,536,1,1,0,0,1,petrol,hatchback,manual,maruti,great,haryana,200799
3,92405,30801.666666666668,1,427,1,1,0,0,1,petrol & cng,suv,manual,maruti,great,gujarat,422299
8,59555,7444.375,2,770,1,1,0,0,1,petrol,hatchback,automatic,hyundai,great,karnataka,370299
7,101361,14480.142857142857,2,420,1,1,0,0,1,petrol,hatchback,manual,maruti,great,maharashtra,367399
7,62642,8948.857142857143,1,273,1,1,0,0,1,petrol,hatchback,manual,maruti,great,karnataka,410099
4,52028,13007.0,1,196,0,0,0,0,1,petrol,sedan,manual,honda,great,delhi,850000
6,26270,4378.333333333333,1,2034,1,1,0,0,1,petrol,hatchback,manual,hyundai,great,delhi,263999
9,56032,6225.777777777777,2,2826,1,1,1,0,1,petrol,hatchback,manual,volkswagen,great,delhi,295299
4,113808,28452.0,1,1045,1,1,0,0,1,diesel,suv,manual,maruti,great,maharashtra,662399
6,15839,2639.8333333333335,1,338,0,1,0,0,1,petrol,hatchback,manual,hyundai,great,karnataka,504799
7,22411,3201.5714285714284,1,1700,1,1,0,0,1,diesel,sedan,manual,nissan,great,tamil nadu,478899
11,84850,7713.636363636364,1,482,1,1,0,0,1,petrol,hatchback,manual,hyundai,great,haryana,216999
1,6942,6942.0,1,870,1,1,0,0,1,petrol,hatchback,manual,maruti,great,gujarat,363499
6,32671,5445.166666666667,1,5251,1,1,0,0,1,petrol,hatchback,manual,renault,great,tamil nadu,288699
6,41688,6948.0,1,994,0,1,0,0,1,petrol,hatchback,manual,hyundai,great,karnataka,401999
2,25469,12734.5,1,1637,1,1,0,0,1,petrol,suv,unknown,maruti,great,delhi,874799
8,90309,11288.625,3,1111,1,1,0,0,1,diesel,suv,manual,ford,great,delhi,383699
6,5972,995.3333333333334,1,1591,1,1,0,0,1,petrol,hatchback,manual,maruti,great,maharashtra,377899
5,43240,8648.0,1,748,1,1,0,0,1,petrol,sedan,manual,honda,great,maharashtra,435599
9,112871,12541.222222222223,1,628,1,1,0,0,1,petrol,sedan,manual,maruti,great,telangana,417799
2,47782,23891.0,1,2318,0,1,0,0,1,petrol,sedan,unknown,volkswagen,great,gujarat,430399
6,37023,6170.5,1,2064,1,1,1,0,1,petrol,hatchback,manual,hyundai,great,haryana,507799
8,205697,25712.125,1,1695,1,1,0,0,1,diesel,luxury suv,manual,toyota,great,delhi,1105948
4,23023,5755.75,2,770,1,1,1,0,1,petrol,hatchback,unknown,maruti,great,karnataka,361899
6,136775,22795.833333333332,1,1801,1,1,1,0,1,diesel,sedan,manual,honda,great,uttar pradesh,291999
6,72343,12057.166666666666,1,1842,1,1,0,0,1,petrol,sedan,manual,honda,great,maharashtra,376799
10,58202,5820.2,2,256,1,1,0,0,1,petrol,hatchback,manual,hyundai,great,maharashtra,337399
8,81382,10172.75,1,396,1,1,0,0,1,diesel,suv,manual,renault,great,maharashtra,476899
6,62928,10488.0,1,2536,1,1,0,0,1,petrol,suv,manual,maruti,great,gujarat,531499
9,70522,7835.777777777777,1,741,1,1,0,0,1,petrol,hatchback,manual,maruti,great,delhi,407299
11,88895,8081.363636363636,1,1831,1,1,0,0,1,petrol,hatchback,manual,hyundai,good,delhi,175199
6,36307,6051.166666666667,1,1378,1,1,0,0,1,petrol,hatchback,manual,hyundai,great,delhi,552599
5,36414,7282.8,1,422,1,0,0,0,0,petrol,hatchback,manual,datsun,good,telangana,200000
5,16491,3298.2,1,1296,0,1,0,0,1,petrol,hatchback,automatic,maruti,great,maharashtra,669799
11,90062,8187.454545454545,1,419,0,1,0,0,1,petrol,hatchback,manual,hyundai,great,karnataka,373299
9,25375,2819.4444444444443,1,900,1,1,0,0,1,petrol,sedan,manual,hyundai,great,maharashtra,376799
5,28787,5757.4,1,2640,1,1,0,0,1,diesel,suv,manual,hyundai,great,maharashtra,1021411
9,47840,5315.555555555556,2,989,1,1,0,0,1,petrol,hatchback,automatic,hyundai,good,tamil nadu,379999
13,143363,11027.923076923076,1,4491,1,1,1,0,1,petrol,sedan,manual,maruti,great,haryana,156899
9,81759,9084.333333333334,2,992,1,1,0,0,1,petrol,hatchback,manual,maruti,great,telangana,218999
2,29962,14981.0,1,2041,1,1,0,0,1,petrol,suv,manual,ford,great,maharashtra,855199
11,61156,5559.636363636364,1,373,0,1,0,0,1,petrol,hatchback,manual,maruti,great,karnataka,362699
6,94412,15735.333333333334,1,1544,1,1,1,0,1,diesel,suv,automatic,hyundai,great,tamil nadu,812499
13,53131,4087.0,2,746,1,1,0,0,1,petrol,hatchback,manual,hyundai,good,telangana,205799
10,35533,3553.3,1,2054,1,1,1,0,1,petrol,hatchback,manual,hyundai,great,telangana,317399
10,77761,7776.1,2,1628,1,1,0,0,1,petrol,sedan,manual,maruti,great,maharashtra,233699
8,94895,11861.875,3,2582,1,1,0,0,1,diesel,luxury sedan,automatic,audi,great,delhi,1063528
13,113515,8731.923076923076,1,707,0,0,0,0,0,petrol,sedan,automatic,honda,great,uttar pradesh,80000
9,83304,9256.0,1,933,1,1,0,0,1,petrol,hatchback,manual,hyundai,great,karnataka,405099
5,45170,9034.0,1,823,1,1,0,0,1,petrol,hatchback,manual,maruti,great,karnataka,385499
9,63009,7001.0,1,421,0,1,0,0,1,petrol,hatchback,manual,maruti,great,karnataka,470799
3,24707,8235.666666666666,1,2565,1,1,0,0,1,diesel,suv,automatic,tata,great,gujarat,1189172
7,122250,17464.285714285714,2,184,1,0,0,1,1,diesel,sedan,manual,honda,great,delhi,400000
6,39094,6515.666666666667,2,339,1,1,0,0,1,petrol,hatchback,manual,maruti,great,maharashtra,383199
7,80584,11512.0,1,1724,1,1,0,0,1,diesel,suv,manual,toyota,great,haryana,668299
3,18794,6264.666666666667,2,671,1,1,0,0,1,diesel,suv,unknown,hyundai,great,tamil nadu,880799
6,37429,6238.166666666667,1,955,1,1,0,0,1,petrol,sedan,manual,maruti,great,maharashtra,520499
8,85864,10733.0,2,571,1,1,0,0,1,diesel,sedan,manual,maruti,great,telangana,524399
2,39910,19955.0,2,1291,1,1,0,0,1,diesel,suv,automatic,maruti,great,maharashtra,928599
11,47861,4351.0,1,955,1,1,0,0,1,petrol,hatchback,manual,maruti,great,haryana,264499
5,14773,2954.6,1,755,1,1,0,0,1,petrol,hatchback,manual,renault,great,karnataka,381599
7,66724,9532.0,1,617,1,1,0,0,1,petrol,sedan,manual,honda,great,maharashtra,529899
10,82523,8252.3,2,1743,1,1,1,0,1,petrol & cng,sedan,manual,toyota,good,haryana,252499
5,27015,5403.0,1,967,1,1,0,0,1,petrol,hatchback,manual,hyundai,great,andhra pradesh,492199
4,8280,2070.0,1,1279,1,1,0,0,1,petrol,hatchback,manual,tata,great,karnataka,542499
7,73364,10480.57142857143,1,1010,1,1,1,0,1,petrol,suv,manual,maruti,great,uttar pradesh,523499
5,32496,6499.2,1,1177,1,1,1,0,1,petrol,hatchback,automatic,hyundai,great,tamil nadu,492399
13,119960,9227.692307692309,2,751,1,1,0,0,1,petrol,hatchback,manual,hyundai,great,maharashtra,199299
8,64318,8039.75,2,425,1,1,0,0,1,petrol & lpg,hatchback,manual,hyundai,great,telangana,302499
11,21013,1910.2727272727273,1,1230,1,1,0,0,1,petrol,hatchback,manual,hyundai,good,delhi,244699
10,62555,6255.5,1,307,1,1,0,0,1,petrol,luxury sedan,manual,skoda,great,maharashtra,252799
11,42013,3819.3636363636365,1,2400,1,1,1,0,1,petrol,sedan,manual,volkswagen,great,maharashtra,248999
9,100609,11178.777777777777,1,410,1,1,0,0,1,petrol,sedan,manual,volkswagen,good,maharashtra,301199
13,82148,6319.076923076923,3,1805,1,1,0,0,1,petrol,hatchback,manual,hyundai,great,maharashtra,199899
7,47920,6845.714285714285,1,2304,1,1,1,0,1,petrol,sedan,manual,toyota,great,delhi,357399
3,16534,5511.333333333333,1,1884,1,1,1,0,1,petrol,hatchback,manual,tata,great,maharashtra,472599
8,45258,5657.25,1,2910,1,1,1,0,1,diesel,hatchback,manual,chevrolet,great,karnataka,259099
8,50232,6279.0,1,3016,1,1,0,0,1,petrol,hatchback,manual,hyundai,great,maharashtra,424299
5,121507,24301.4,1,1863,1,1,1,0,1,diesel,suv,manual,ford,great,delhi,503199
3,41350,13783.333333333334,1,1063,0,1,0,0,1,petrol,hatchback,manual,maruti,great,karnataka,592499
11,44505,4045.909090909091,1,1116,1,1,0,0,1,petrol,sedan,manual,maruti,good,delhi,268799
6,133949,22324.833333333332,1,1323,1,1,0,0,1,diesel,hatchback,manual,volkswagen,great,maharashtra,403499
2,4792,2396.0,1,6533,1,1,1,0,1,petrol,unknown,unknown,maruti,great,delhi,473799
11,93671,8515.545454545454,2,1469,1,1,0,0,1,petrol,sedan,automatic,honda,great,maharashtra,332899
14,98787,7056.214285714285,2,6599,1,1,0,0,1,petrol,sedan,manual,honda,great,telangana,251899
7,122226,17460.85714285714,1,41,0,0,0,0,1,diesel,sedan,manual,honda,great,telangana,590000
3,30872,10290.666666666666,1,1317,1,1,0,0,1,diesel,suv,unknown,hyundai,great,maharashtra,1449045
7,75156,10736.57142857143,1,445,1,1,0,0,1,petrol,sedan,manual,honda,great,maharashtra,389899
6,27767,4627.833333333333,1,1814,1,1,0,0,1,petrol,hatchback,manual,maruti,great,maharashtra,323099
9,81861,9095.666666666666,1,978,1,1,0,0,1,petrol,hatchback,manual,maruti,great,delhi,186999
8,41999,5249.875,1,4499,1,1,0,1,1,diesel,hatchback,manual,hyundai,great,delhi,341999
8,129364,16170.5,1,534,1,1,0,0,1,diesel,sedan,manual,maruti,great,delhi,344799
8,76084,9510.5,1,1014,1,1,1,0,1,petrol,hatchback,manual,hyundai,great,delhi,312199
9,99219,11024.333333333334,2,776,1,1,0,0,1,petrol,sedan,manual,honda,great,haryana,351499
9,76434,8492.666666666666,2,3265,1,1,0,0,1,petrol,luxury sedan,manual,skoda,great,maharashtra,351399
12,191532,15961.0,1,1490,1,1,1,0,1,petrol,sedan,manual,maruti,great,delhi,186299
10,36916,3691.6,1,3420,1,1,0,0,1,petrol,hatchback,manual,maruti,great,delhi,240499
5,32883,6576.6,2,1222,1,1,0,0,1,petrol,hatchback,manual,maruti,great,tamil nadu,287299
4,11733,2933.25,1,1642,1,1,0,0,1,petrol,hatchback,manual,maruti,great,tamil nadu,358699
12,72858,6071.5,2,1442,1,1,0,0,1,petrol,hatchback,manual,hyundai,great,delhi,165199
5,51353,10270.6,1,1935,1,1,1,0,1,diesel,suv,unknown,hyundai,great,uttar pradesh,837999
6,48615,8102.5,1,1343,1,1,0,0,1,petrol,hatchback,manual,maruti,great,uttar pradesh,415299
10,36084,3608.4,2,188,1,1,0,0,1,petrol,hatchback,manual,maruti,good,maharashtra,273899
3,65207,21735.666666666668,1,2465,1,1,0,0,1,diesel,hatchback,manual,maruti,great,telangana,684199
10,17980,1798.0,1,1841,1,1,0,0,1,petrol,hatchback,manual,maruti,good,uttar pradesh,270699
5,33044,6608.8,2,1218,0,1,0,0,1,petrol,hatchback,manual,hyundai,great,telangana,570599
6,15440,2573.3333333333335,1,2882,1,1,0,0,1,petrol,hatchback,manual,hyundai,good,west bengal,337199
9,88747,9860.777777777777,1,272,1,1,0,0,1,petrol,hatchback,manual,hyundai,good,tamil nadu,290299
8,51650,6456.25,1,1150,1,1,0,0,1,petrol,hatchback,manual,honda,great,delhi,274099
9,47356,5261.777777777777,1,828,1,1,1,0,1,petrol & cng,hatchback,manual,maruti,great,delhi,235199
7,65487,9355.285714285714,1,162,1,1,0,0,1,petrol,hatchback,manual,maruti,great,tamil nadu,259099
6,114221,19036.833333333332,1,888,1,1,0,0,1,diesel,hatchback,manual,maruti,great,telangana,478699
10,121163,12116.3,2,1452,0,1,0,0,1,petrol & cng,luxury sedan,unknown,toyota,great,maharashtra,357399
12,71126,5927.166666666667,2,315,0,1,0,0,1,petrol,hatchback,manual,hyundai,great,karnataka,300499
7,70965,10137.857142857143,1,326,1,1,1,0,1,diesel,hatchback,manual,volkswagen,good,tamil nadu,468999
6,97868,16311.333333333334,1,98,1,1,1,0,1,diesel,hatchback,manual,maruti,great,haryana,381699
7,59818,8545.42857142857,1,3047,1,1,1,0,1,diesel,suv,manual,ford,great,haryana,435899
13,81426,6263.538461538462,3,1632,1,1,0,0,1,petrol,luxury sedan,unknown,toyota,great,maharashtra,223599
10,73867,7386.7,1,997,1,1,0,0,1,petrol,hatchback,manual,hyundai,great,telangana,291599
4,41831,10457.75,1,1472,1,1,0,1,1,petrol,suv,manual,hyundai,great,uttar pradesh,949799
11,107892,9808.363636363636,3,2858,1,1,0,0,1,petrol & cng,hatchback,manual,maruti,great,gujarat,133199
11,101633,9239.363636363636,2,20,1,1,0,0,1,petrol,hatchback,manual,maruti,good,delhi,233999
1,3282,3282.0,1,1242,1,1,1,0,1,petrol,hatchback,manual,tata,great,maharashtra,499199
8,190199,23774.875,1,773,1,1,0,0,1,petrol,sedan,manual,hyundai,great,karnataka,480799
11,37321,3392.818181818182,2,595,1,1,0,0,1,petrol & cng,hatchback,manual,hyundai,good,maharashtra,257999
2,22902,11451.0,1,240,0,0,1,0,1,diesel,hatchback,unknown,hyundai,great,haryana,700000
5,53414,10682.8,1,550,1,1,0,0,1,petrol,hatchback,manual,renault,great,karnataka,352399
7,171211,24458.714285714286,1,2013,1,1,0,0,1,petrol,sedan,manual,honda,great,delhi,405499
9,170924,18991.555555555555,1,3513,1,1,0,0,1,diesel,suv,manual,toyota,great,delhi,483299
9,15914,1768.2222222222222,1,2247,1,1,0,0,1,petrol,hatchback,manual,chevrolet,good,maharashtra,182799
2,18090,9045.0,1,15652,1,1,0,0,1,petrol,hatchback,manual,datsun,great,delhi,248099
5,56491,11298.2,1,936,1,1,0,0,1,petrol,hatchback,manual,maruti,great,haryana,244399
13,94396,7261.2307692307695,1,616,0,1,0,0,1,petrol,sedan,manual,honda,good,tamil nadu,299699
8,63674,7959.25,1,152,0,0,0,0,1,diesel,sedan,manual,maruti,great,delhi,350000
4,19606,4901.5,1,2891,1,1,1,0,1,petrol,hatchback,manual,hyundai,great,delhi,615799
5,17477,3495.4,1,1656,1,1,0,0,1,petrol,sedan,manual,maruti,great,tamil nadu,549299
4,35805,8951.25,2,4137,1,1,0,0,1,petrol,sedan,manual,honda,great,telangana,758099
8,115213,14401.625,1,500,1,1,0,0,1,petrol & cng,hatchback,manual,maruti,great,maharashtra,279999
9,43367,4818.555555555556,2,309,1,1,0,0,1,petrol,hatchback,manual,maruti,great,karnataka,288599
3,24199,8066.333333333333,1,1164,1,1,0,0,1,petrol,hatchback,unknown,renault,great,karnataka,395399
3,12409,4136.333333333333,1,2541,1,1,1,0,1,petrol,hatchback,automatic,maruti,great,delhi,396999
9,50282,5586.888888888889,3,521,1,1,0,0,1,petrol,hatchback,manual,maruti,great,karnataka,274599
11,95624,8693.09090909091,3,171,1,1,0,0,1,petrol,hatchback,manual,hyundai,good,telangana,297499
10,55421,5542.1,2,1376,1,1,0,0,1,petrol,hatchback,manual,hyundai,great,telangana,274399
10,82861,8286.1,1,504,1,1,0,0,1,petrol,hatchback,manual,hyundai,good,tamil nadu,329099
7,88029,12575.57142857143,1,134,1,0,0,1,1,diesel,suv,manual,mahindra,good,maharashtra,700000
7,35406,5058.0,1,381,1,1,0,0,1,petrol,hatchback,manual,maruti,great,karnataka,290399
9,105522,11724.666666666666,1,465,1,1,0,0,1,diesel,sedan,manual,maruti,great,delhi,326599
10,56727,5672.7,1,1052,1,1,0,0,1,petrol,sedan,manual,honda,great,maharashtra,342699
11,38567,3506.090909090909,1,3172,0,1,0,0,1,petrol,hatchback,manual,hyundai,great,karnataka,312299
2,7146,3573.0,1,857,1,1,0,0,1,petrol,hatchback,unknown,hyundai,great,maharashtra,812999
7,84647,12092.42857142857,1,3030,1,1,0,0,1,diesel,sedan,manual,hyundai,great,maharashtra,496099
8,167408,20926.0,1,2036,1,1,0,0,1,diesel,suv,manual,maruti,great,delhi,391899
5,18251,3650.2,2,215,1,1,0,0,1,petrol,hatchback,manual,maruti,great,tamil nadu,305599
10,81190,8119.0,3,3426,1,1,1,0,1,petrol,luxury sedan,manual,mercedes benz,great,gujarat,669799
7,63051,9007.285714285714,1,1688,1,1,1,0,1,petrol,sedan,manual,maruti,great,maharashtra,388799
7,42968,6138.285714285715,1,1726,1,1,0,0,1,petrol,sedan,manual,maruti,great,maharashtra,439399
7,45043,6434.714285714285,2,1264,1,1,0,0,1,petrol,hatchback,manual,maruti,great,tamil nadu,272399
9,33186,3687.3333333333335,2,620,0,1,0,0,1,petrol,hatchback,manual,maruti,great,karnataka,272199
9,88489,9832.111111111111,2,2829,1,1,0,0,1,petrol,sedan,manual,honda,great,delhi,355799
4,46394,11598.5,1,4991,1,1,0,0,1,petrol,sedan,manual,tata,great,delhi,393299
8,89370,11171.25,1,2528,1,1,0,0,1,diesel,sedan,manual,renault,great,delhi,256999
5,138691,27738.2,1,1548,1,1,0,0,1,petrol & cng,suv,manual,maruti,great,maharashtra,655599
8,69448,8681.0,1,2983,1,1,1,0,1,diesel,hatchback,manual,maruti,great,maharashtra,401899
2,17518,8759.0,1,3633,1,1,0,0,1,petrol,hatchback,manual,maruti,great,gujarat,505799
10,46479,4647.9,1,1489,0,1,1,0,1,petrol,hatchback,manual,chevrolet,good,karnataka,248699
7,41556,5936.571428571428,1,642,1,1,0,0,1,petrol,hatchback,manual,hyundai,great,maharashtra,429199
4,23886,5971.5,1,295,1,0,0,1,1,diesel,hatchback,manual,maruti,fair,delhi,550000
9,70135,7792.777777777777,1,1120,1,1,0,0,1,petrol,hatchback,manual,hyundai,great,karnataka,239199
8,34999,4374.875,1,1168,1,1,0,0,1,petrol,hatchback,manual,hyundai,great,karnataka,481899
10,38721,3872.1,1,5489,1,1,1,0,1,petrol,hatchback,manual,hyundai,good,haryana,145799
12,88322,7360.166666666667,1,357,1,1,0,0,1,petrol,hatchback,manual,hyundai,great,telangana,259199
4,24433,6108.25,1,1842,1,1,1,0,1,petrol,hatchback,unknown,hyundai,great,delhi,432299
5,52417,10483.4,2,2964,1,1,1,0,1,petrol,hatchback,manual,renault,great,haryana,219899
6,99951,16658.5,1,3608,1,1,0,0,1,petrol,luxury sedan,automatic,hyundai,great,maharashtra,607799
7,74950,10707.142857142857,1,711,1,1,0,0,1,petrol,sedan,manual,volkswagen,great,maharashtra,430699
2,6243,3121.5,1,6590,1,1,0,0,1,petrol,unknown,unknown,kia,great,tamil nadu,1041510
10,44007,4400.7,1,2445,1,1,0,0,1,petrol,hatchback,manual,hyundai,great,delhi,264999
10,181733,18173.3,1,597,1,1,0,0,1,diesel,hatchback,manual,maruti,great,maharashtra,374299
13,72819,5601.461538461538,3,29,0,1,0,0,1,petrol,hatchback,manual,maruti,good,karnataka,206499
8,154164,19270.5,1,1473,1,1,0,0,1,diesel,sedan,manual,maruti,great,delhi,310299
5,101529,20305.8,1,513,1,1,0,0,1,diesel,suv,manual,maruti,great,haryana,647999
9,12377,1375.2222222222222,1,671,0,1,0,0,1,petrol,hatchback,manual,maruti,good,maharashtra,220899
10,68764,6876.4,2,1881,1,1,0,0,1,petrol,hatchback,manual,hyundai,great,telangana,293099
8,43859,5482.375,1,459,1,1,0,0,1,petrol,sedan,manual,maruti,great,tamil nadu,482099
6,68611,11435.166666666666,3,1210,1,1,0,0,1,petrol & cng,hatchback,manual,maruti,great,maharashtra,344999
12,87557,7296.416666666667,1,358,0,1,0,0,1,petrol,hatchback,manual,maruti,good,delhi,232799
2,50814,25407.0,1,550,1,1,0,0,1,petrol & cng,suv,manual,maruti,great,gujarat,444499
4,76837,19209.25,1,1458,1,1,0,0,1,diesel,sedan,manual,maruti,great,uttar pradesh,565699
8,66517,8314.625,2,2802,1,1,0,0,1,petrol,sedan,manual,hyundai,great,maharashtra,397099
6,76322,12720.333333333334,1,1503,1,1,1,0,1,diesel,hatchback,manual,hyundai,great,maharashtra,572699
10,31715,3171.5,2,1202,1,1,0,0,1,petrol,hatchback,manual,maruti,great,maharashtra,179399
10,137729,13772.9,1,1102,1,1,0,0,1,petrol,sedan,manual,nissan,good,tamil nadu,307199
5,14540,2908.0,1,312,0,0,0,0,1,petrol,hatchback,manual,hyundai,great,maharashtra,575000
6,52458,8743.0,1,1398,1,1,0,0,1,petrol,hatchback,automatic,maruti,great,delhi,350599
3,24627,8209.0,1,735,1,1,0,0,1,petrol,hatchback,manual,maruti,great,tamil nadu,607899
11,61379,5579.909090909091,1,148,1,1,0,0,1,diesel,hatchback,manual,ford,good,karnataka,301199
4,16389,4097.25,1,4661,1,1,0,0,1,petrol,hatchback,manual,datsun,great,telangana,303899
14,59676,4262.571428571428,1,5986,1,1,0,0,1,petrol,hatchback,manual,maruti,great,delhi,103599
6,21236,3539.3333333333335,1,4720,1,1,0,0,1,petrol,hatchback,manual,hyundai,great,delhi,567499
6,47506,7917.666666666667,1,1643,1,1,0,1,1,petrol,hatchback,manual,maruti,great,maharashtra,304399
8,92521,11565.125,3,2478,1,1,0,0,1,diesel,sedan,manual,hyundai,great,haryana,359199
9,190416,21157.333333333332,1,893,0,1,0,0,1,diesel,hatchback,manual,toyota,great,maharashtra,306599
5,62730,12546.0,1,1023,1,1,0,0,1,petrol,hatchback,manual,renault,great,maharashtra,303099
9,36697,4077.4444444444443,2,99,1,1,0,0,1,petrol,hatchback,manual,hyundai,good,maharashtra,389399
4,26725,6681.25,1,1653,1,1,0,0,1,petrol,hatchback,manual,datsun,great,karnataka,282399
10,116983,11698.3,2,2050,1,1,0,0,1,petrol,hatchback,manual,hyundai,great,telangana,247999
8,73361,9170.125,1,19,1,0,0,0,1,diesel,sedan,manual,toyota,good,delhi,320000
5,24665,4933.0,1,1216,1,1,1,0,1,petrol,hatchback,manual,hyundai,great,haryana,427299
4,15251,3812.75,1,1293,1,1,1,0,1,petrol,suv,manual,maruti,great,karnataka,384799
8,49259,6157.375,1,873,1,1,0,0,1,petrol,sedan,manual,hyundai,great,karnataka,584799
5,34682,6936.4,3,1804,0,1,1,0,1,petrol,hatchback,automatic,maruti,great,karnataka,494999
5,64939,12987.8,2,106,1,1,0,0,1,petrol,hatchback,manual,renault,good,maharashtra,297899
8,73503,9187.875,2,2565,1,1,1,0,1,diesel,suv,manual,renault,great,maharashtra,370999
7,74016,10573.714285714286,2,2497,1,1,1,0,1,diesel,suv,manual,renault,great,telangana,507899
9,85100,9455.555555555555,2,1356,1,1,0,0,1,petrol,hatchback,manual,toyota,great,delhi,257999
12,48964,4080.3333333333335,1,320,1,1,0,0,1,petrol,hatchback,manual,hyundai,good,tamil nadu,278699
6,60362,10060.333333333334,2,3679,1,1,0,0,1,diesel,suv,manual,mahindra,great,delhi,865399
8,41294,5161.75,2,4846,1,1,0,0,1,diesel,luxury sedan,manual,mercedes benz,great,delhi,1445409
5,48085,9617.0,1,1378,0,1,1,0,1,diesel,suv,manual,maruti,great,karnataka,825999
7,97537,13933.857142857143,2,1130,1,1,0,0,1,diesel,luxury suv,manual,mahindra,great,maharashtra,694799
2,14911,7455.5,1,300,1,1,0,0,1,petrol,suv,unknown,maruti,great,maharashtra,1012119
7,174675,24953.571428571428,1,277,1,1,0,0,1,petrol & cng,hatchback,manual,maruti,great,maharashtra,307999
7,50599,7228.428571428572,1,526,1,1,0,0,1,petrol,hatchback,manual,maruti,great,karnataka,323299
11,59580,5416.363636363636,1,665,1,1,0,0,1,diesel,hatchback,manual,volkswagen,good,karnataka,371299
12,42165,3513.75,1,4000,1,1,1,0,1,petrol,sedan,manual,tata,fair,telangana,143399
11,137382,12489.272727272728,1,2909,1,1,1,0,1,petrol,hatchback,manual,maruti,great,delhi,117099
7,37168,5309.714285714285,3,449,1,1,0,0,1,petrol,hatchback,manual,maruti,good,maharashtra,214699
7,91931,13133.0,1,324,1,1,0,0,1,petrol,hatchback,manual,maruti,great,delhi,385399
6,73656,12276.0,2,7538,1,1,0,0,1,diesel,luxury suv,automatic,audi,great,tamil nadu,1646803
9,66504,7389.333333333333,2,2453,1,1,0,0,1,petrol,hatchback,manual,hyundai,great,maharashtra,314999
11,85037,7730.636363636364,1,364,1,1,0,0,1,petrol,sedan,manual,honda,great,maharashtra,301999
9,29425,3269.4444444444443,2,5013,0,1,0,0,1,petrol,hatchback,manual,maruti,great,karnataka,313899
7,5383,769.0,1,8359,1,1,0,0,1,petrol,hatchback,manual,maruti,great,delhi,285699
12,67343,5611.916666666667,3,275,1,0,0,0,1,petrol,luxury sedan,manual,skoda,overpriced,delhi,300000
8,58233,7279.125,1,1449,1,1,1,0,1,petrol,sedan,manual,hyundai,great,delhi,439499
4,49922,12480.5,1,2368,1,1,1,0,1,petrol,suv,automatic,renault,great,maharashtra,661599
13,43423,3340.230769230769,1,689,1,1,0,0,1,petrol,hatchback,manual,hyundai,great,karnataka,233099
10,39597,3959.7,2,1079,1,1,0,0,1,petrol,hatchback,manual,hyundai,good,telangana,338399
6,35706,5951.0,1,1831,1,1,0,0,1,petrol,hatchback,manual,hyundai,great,delhi,431999
10,70996,7099.6,1,551,1,1,0,0,1,petrol,hatchback,manual,maruti,great,karnataka,257199
5,51851,10370.2,2,2005,0,1,0,0,1,diesel,suv,automatic,toyota,great,maharashtra,1708615
8,62965,7870.625,1,1652,1,1,0,0,1,petrol & cng,hatchback,manual,maruti,great,haryana,298599
10,52311,5231.1,2,755,1,1,0,0,1,petrol,hatchback,manual,hyundai,great,karnataka,313999
12,66777,5564.75,3,2617,1,1,0,0,1,petrol,hatchback,manual,maruti,great,karnataka,209999
6,6799,1133.1666666666667,1,2161,1,1,1,0,1,petrol & cng,hatchback,manual,maruti,great,maharashtra,378099
7,155205,22172.14285714286,2,1542,1,1,0,0,1,diesel,sedan,manual,maruti,great,telangana,476299
9,120777,13419.666666666666,1,389,1,1,1,0,1,diesel,sedan,manual,maruti,great,uttar pradesh,336299
4,20149,5037.25,2,3071,1,1,1,0,1,petrol,sedan,manual,maruti,great,delhi,508499
9,51808,5756.444444444444,2,5881,1,1,1,0,1,petrol,sedan,automatic,honda,great,maharashtra,411499
8,88600,11075.0,2,3724,0,1,1,0,1,diesel,luxury suv,manual,mercedes benz,great,gujarat,719499
10,66475,6647.5,1,465,1,1,0,0,1,petrol,hatchback,manual,maruti,good,maharashtra,241699
11,37650,3422.7272727272725,3,2573,1,1,0,0,1,petrol,hatchback,manual,maruti,good,uttar pradesh,232499
11,135052,12277.454545454546,2,282,1,1,0,0,1,petrol,hatchback,manual,maruti,great,karnataka,224999
10,16261,1626.1,1,1670,1,1,0,0,1,petrol,hatchback,manual,hyundai,great,karnataka,334199
12,70988,5915.666666666667,1,159,1,1,0,0,1,petrol,sedan,manual,maruti,good,delhi,240599
11,104324,9484.0,1,855,0,0,0,1,0,diesel,sedan,manual,mahindra renault,good,haryana,90000
15,53377,3558.4666666666667,5,194,0,0,0,0,0,petrol,unknown,unknown,honda,overpriced,uttar pradesh,100000
9,164127,18236.333333333332,1,907,1,1,0,0,1,diesel,hatchback,manual,maruti,great,delhi,273199
8,44854,5606.75,1,473,1,1,0,0,1,petrol,hatchback,manual,hyundai,great,delhi,213599
7,65178,9311.142857142857,1,1405,1,1,0,0,1,petrol,hatchback,manual,hyundai,great,delhi,420099
9,108532,12059.111111111111,1,2221,1,1,1,0,1,diesel,luxury sedan,unknown,hyundai,great,maharashtra,488599
11,113701,10336.454545454546,1,303,1,1,0,0,1,petrol,sedan,manual,honda,great,delhi,353199
2,2576,1288.0,1,1333,1,1,0,0,1,petrol,hatchback,manual,maruti,great,tamil nadu,648899
4,47637,11909.25,1,936,1,1,0,0,1,petrol & cng,hatchback,manual,maruti,great,maharashtra,400299
6,11366,1894.3333333333333,1,1416,1,1,0,0,1,petrol,hatchback,unknown,maruti,great,maharashtra,329999
5,34658,6931.6,1,2323,1,1,1,1,1,diesel,suv,manual,mahindra,great,karnataka,534599
6,38614,6435.666666666667,1,1700,1,1,0,0,1,petrol,sedan,manual,honda,great,karnataka,702299
12,68306,5692.166666666667,1,361,1,1,0,0,1,petrol & lpg,hatchback,manual,hyundai,great,karnataka,239999
5,83614,16722.8,1,981,1,1,1,0,1,petrol,hatchback,manual,tata,great,gujarat,321099
11,115045,10458.636363636364,1,536,1,1,0,0,1,petrol,hatchback,manual,maruti,great,tamil nadu,230999
10,73611,7361.1,2,696,0,1,0,0,1,petrol,sedan,manual,honda,great,maharashtra,317299
8,36750,4593.75,1,1884,1,1,0,0,1,petrol,hatchback,manual,maruti,great,delhi,236999
11,102047,9277.0,1,3321,1,1,0,0,1,petrol,hatchback,manual,honda,great,maharashtra,231899
12,102210,8517.5,3,2330,0,1,0,1,1,petrol,hatchback,manual,hyundai,great,karnataka,181399
7,68279,9754.142857142857,1,118,1,0,0,0,1,diesel,sedan,manual,honda,great,delhi,325000
4,38359,9589.75,1,3778,1,1,1,0,1,diesel,sedan,automatic,skoda,great,maharashtra,826299
3,57877,19292.333333333332,1,5038,1,1,1,0,1,petrol & cng,hatchback,manual,maruti,great,gujarat,391699
10,106451,10645.1,2,154,0,0,0,0,1,petrol,sedan,manual,toyota,good,maharashtra,200000
6,63585,10597.5,1,3923,1,1,1,0,1,petrol,hatchback,manual,datsun,great,maharashtra,224499
10,29879,2987.9,2,2102,1,1,1,0,1,petrol,hatchback,manual,maruti,great,karnataka,223999
3,32446,10815.333333333334,1,2198,1,1,0,0,1,petrol,hatchback,manual,maruti,great,delhi,358899
4,8480,2120.0,1,1564,0,1,1,0,1,petrol,hatchback,automatic,maruti,great,maharashtra,555699
7,83429,11918.42857142857,1,1754,1,1,1,0,1,petrol,sedan,automatic,skoda,great,karnataka,505999
8,45714,5714.25,1,2786,1,1,1,0,1,petrol,hatchback,manual,hyundai,great,maharashtra,328599
8,81344,10168.0,2,1027,1,1,0,1,1,diesel,hatchback,manual,hyundai,great,haryana,285199
6,148319,24719.833333333332,1,817,1,1,0,0,1,petrol & cng,suv,manual,maruti,great,maharashtra,548299
4,8865,2216.25,1,80,0,0,0,0,1,petrol,hatchback,manual,maruti,good,karnataka,480000
6,207086,34514.333333333336,2,1370,1,1,1,0,1,petrol & cng,hatchback,manual,maruti,great,delhi,247799
8,60133,7516.625,2,1212,1,1,0,0,1,petrol,hatchback,manual,hyundai,great,tamil nadu,360699
11,98807,8982.454545454546,3,1214,0,1,0,0,1,petrol,sedan,automatic,honda,great,karnataka,388199
9,41964,4662.666666666667,2,1226,0,1,0,0,1,petrol & cng,hatchback,manual,maruti,great,maharashtra,259499
11,122773,11161.181818181818,1,1590,1,1,0,0,1,petrol,sedan,manual,honda,great,delhi,263899
9,163110,18123.333333333332,1,1873,0,1,1,0,1,diesel,luxury suv,manual,mahindra,great,maharashtra,531599
11,124364,11305.818181818182,1,166,0,0,0,0,1,petrol,hatchback,manual,hyundai,good,delhi,130000
9,67818,7535.333333333333,1,2261,1,1,0,0,1,diesel,sedan,manual,hyundai,great,delhi,358099
8,53063,6632.875,2,410,1,1,0,0,1,petrol,hatchback,manual,hyundai,great,maharashtra,208499
3,1676,558.6666666666666,1,2857,1,1,1,0,1,petrol,hatchback,manual,datsun,great,maharashtra,243099
5,53647,10729.4,1,1485,1,1,0,0,1,petrol,sedan,manual,maruti,great,maharashtra,572999
6,48590,8098.333333333333,1,373,1,1,0,0,1,petrol,hatchback,manual,hyundai,great,maharashtra,374499
5,23105,4621.0,1,3909,1,1,0,0,1,petrol,hatchback,manual,maruti,great,delhi,224399
10,97812,9781.2,1,337,1,1,0,0,1,petrol,hatchback,manual,maruti,great,maharashtra,262399
10,152770,15277.0,3,1035,1,1,1,0,1,petrol,sedan,manual,volkswagen,great,maharashtra,245599
10,93562,9356.2,2,260,1,1,0,0,1,petrol,hatchback,manual,hyundai,great,telangana,294399
7,21725,3103.5714285714284,1,420,1,1,0,0,1,petrol,hatchback,manual,maruti,great,karnataka,284399
10,105520,10552.0,1,1955,1,1,0,0,1,diesel,hatchback,manual,nissan,great,tamil nadu,259099
5,21041,4208.2,1,3978,1,1,1,0,1,petrol,suv,manual,mahindra,great,delhi,313099
11,27657,2514.2727272727275,1,1694,1,1,0,0,1,petrol,sedan,manual,honda,great,maharashtra,317499
6,20971,3495.1666666666665,1,2117,1,1,1,0,1,diesel,hatchback,manual,hyundai,great,karnataka,678399
9,91465,10162.777777777777,1,686,0,1,0,0,1,petrol,hatchback,manual,hyundai,great,maharashtra,298099
8,54361,6795.125,2,1318,1,1,0,0,1,petrol,hatchback,manual,maruti,great,maharashtra,248999
7,56002,8000.285714285715,1,258,1,1,0,0,1,petrol,sedan,manual,maruti,great,maharashtra,472699
10,5044,504.4,1,2859,1,1,0,0,1,petrol,hatchback,manual,hyundai,great,karnataka,357399
7,110017,15716.714285714286,1,480,1,1,0,0,1,petrol,hatchback,manual,hyundai,great,delhi,323499
9,43847,4871.888888888889,3,659,1,1,0,0,1,petrol,hatchback,manual,hyundai,good,maharashtra,210699
3,12824,4274.666666666667,1,1374,1,1,0,0,1,petrol,sedan,manual,honda,great,karnataka,681899
7,94746,13535.142857142857,1,1338,1,1,0,0,1,petrol & cng,hatchback,manual,hyundai,good,gujarat,285899
10,154355,15435.5,1,1155,1,1,0,0,0,diesel,sedan,manual,skoda,great,karnataka,374499
11,111674,10152.181818181818,1,3638,1,1,1,0,1,petrol,hatchback,manual,hyundai,great,delhi,176099
8,81479,10184.875,2,772,1,1,0,0,1,diesel,sedan,manual,volkswagen,great,maharashtra,420299
5,27265,5453.0,1,4043,1,1,0,0,1,petrol,suv,manual,mahindra,great,tamil nadu,369999
6,56019,9336.5,2,616,1,1,0,0,1,petrol,hatchback,manual,hyundai,great,karnataka,447599
2,9130,4565.0,1,5318,1,1,1,0,1,petrol,suv,manual,hyundai,great,haryana,900799
4,12889,3222.25,1,3185,1,1,0,0,1,petrol,hatchback,manual,maruti,great,maharashtra,432099
8,113370,14171.25,1,1156,1,1,0,0,1,petrol,hatchback,manual,hyundai,great,maharashtra,345299
8,120438,15054.75,1,658,1,1,1,0,1,petrol,hatchback,manual,hyundai,great,karnataka,373599
5,49323,9864.6,1,534,1,0,0,1,1,petrol,sedan,manual,hyundai,overpriced,maharashtra,700000
9,98462,10940.222222222223,1,1205,0,1,0,0,1,petrol,hatchback,manual,maruti,great,maharashtra,238799
4,10302,2575.5,1,556,0,1,0,0,1,petrol,hatchback,manual,hyundai,great,maharashtra,618199
8,96602,12075.25,4,529,0,1,0,0,1,petrol & cng,hatchback,manual,maruti,good,maharashtra,329499
4,10143,2535.75,1,226,0,0,0,0,1,petrol,sedan,manual,honda,great,gujarat,550000
8,75842,9480.25,2,1588,0,1,0,1,1,petrol,hatchback,manual,maruti,great,maharashtra,238599
5,169374,33874.8,1,1108,1,1,0,0,1,diesel,suv,manual,maruti,great,tamil nadu,703899
6,58585,9764.166666666666,1,960,1,1,1,0,1,petrol,suv,manual,hyundai,great,uttar pradesh,732299
5,30632,6126.4,1,1173,1,1,0,0,1,petrol,hatchback,manual,renault,great,karnataka,346499
9,41547,4616.333333333333,1,2809,0,1,0,0,1,petrol,suv,manual,maruti,great,maharashtra,476999
4,76217,19054.25,2,273,1,1,0,0,1,diesel,hatchback,manual,maruti,great,delhi,582299
10,30746,3074.6,1,2193,1,1,0,0,1,petrol,hatchback,manual,hyundai,great,delhi,251099
9,21852,2428.0,1,367,1,1,0,0,1,petrol,hatchback,manual,maruti,great,maharashtra,302099
5,43399,8679.8,1,1128,1,1,0,0,1,diesel,suv,manual,maruti,great,maharashtra,761399
5,57923,11584.6,1,1091,1,1,0,0,1,petrol & cng,hatchback,manual,maruti,great,delhi,237199
8,100679,12584.875,1,882,1,1,0,0,1,petrol,hatchback,manual,hyundai,great,gujarat,246499
7,39571,5653.0,1,1759,1,1,1,0,1,petrol & cng,hatchback,manual,maruti,great,delhi,376099
9,82585,9176.111111111111,1,67,1,1,0,0,1,diesel,hatchback,manual,maruti,great,delhi,302399
10,80612,8061.2,2,455,0,1,0,0,1,petrol,hatchback,manual,hyundai,great,maharashtra,251799
6,23973,3995.5,1,2926,1,1,0,0,1,petrol,hatchback,manual,hyundai,great,gujarat,559399
13,83474,6421.076923076923,2,803,1,0,0,0,0,diesel,luxury sedan,unknown,mercedes benz,good,delhi,200000
2,13427,6713.5,1,2870,1,1,0,0,1,petrol,unknown,unknown,hyundai,great,uttar pradesh,500199
7,29661,4237.285714285715,1,848,1,1,0,0,1,petrol,hatchback,manual,hyundai,great,karnataka,291899
9,61782,6864.666666666667,2,742,0,0,0,0,1,petrol,hatchback,manual,maruti,great,delhi,300000
8,85110,10638.75,1,904,1,1,0,0,1,petrol,hatchback,manual,hyundai,great,delhi,341799
5,88378,17675.6,1,1541,1,1,1,0,1,diesel,hatchback,manual,hyundai,great,uttar pradesh,508499
4,21830,5457.5,1,2545,1,1,0,0,1,petrol,hatchback,unknown,hyundai,great,telangana,574799
12,97719,8143.25,3,550,1,1,1,0,1,petrol,hatchback,manual,hyundai,fair,karnataka,228299
11,66894,6081.272727272727,3,1861,1,1,1,0,1,petrol,sedan,automatic,honda,great,karnataka,423899
6,96631,16105.166666666666,1,894,1,1,0,0,1,diesel,sedan,automatic,volkswagen,great,maharashtra,1052216
6,119932,19988.666666666668,2,1235,1,1,1,0,1,diesel,luxury suv,manual,mahindra,great,maharashtra,733899
7,78542,11220.285714285714,1,567,0,0,0,0,1,diesel,suv,manual,mahindra,great,maharashtra,420000
8,120039,15004.875,1,1213,1,1,0,0,1,diesel,suv,manual,renault,great,haryana,331799
7,24847,3549.5714285714284,1,5473,1,1,1,0,1,diesel,suv,manual,mahindra,great,delhi,880799
11,43890,3990.0,2,112,1,1,0,0,1,petrol,hatchback,manual,hyundai,great,karnataka,322399
8,108631,13578.875,2,551,1,1,0,0,1,diesel,sedan,manual,maruti,great,telangana,471799
2,43346,21673.0,1,1422,1,1,0,0,1,petrol,hatchback,manual,tata,great,tamil nadu,453399
10,95082,9508.2,1,407,0,1,0,0,1,petrol,hatchback,manual,hyundai,good,gujarat,252799
4,73340,18335.0,1,546,0,0,0,0,1,petrol & cng,suv,manual,maruti,great,maharashtra,612000
4,31874,7968.5,1,840,1,1,1,0,1,diesel,suv,manual,honda,great,delhi,714199
8,49718,6214.75,1,3558,1,1,1,0,1,diesel,sedan,manual,hyundai,great,delhi,397499
10,13579,1357.9,1,23375,0,1,1,0,1,petrol,sedan,manual,toyota,great,karnataka,402399
5,48003,9600.6,1,2450,1,1,0,0,1,petrol & cng,hatchback,manual,maruti,great,maharashtra,347699
6,78966,13161.0,3,1818,1,1,0,0,1,diesel,sedan,manual,skoda,great,karnataka,457099
11,44077,4007.0,1,901,1,1,0,0,1,petrol & lpg,hatchback,manual,hyundai,great,telangana,263599
4,17713,4428.25,1,3784,1,1,0,0,1,petrol,suv,manual,hyundai,great,telangana,987199
11,75640,6876.363636363636,2,357,1,1,0,0,1,petrol,hatchback,manual,hyundai,good,uttar pradesh,256099
3,14695,4898.333333333333,1,1304,1,1,0,0,1,petrol,hatchback,manual,maruti,great,karnataka,607399
5,24434,4886.8,1,1415,1,1,0,0,1,petrol,sedan,manual,honda,great,gujarat,504699
3,31895,10631.666666666666,1,415,1,1,0,0,1,petrol,suv,manual,maruti,great,karnataka,430999
12,71417,5951.416666666667,2,153,1,1,0,0,1,petrol,hatchback,manual,hyundai,fair,gujarat,215899
11,67593,6144.818181818182,1,741,1,1,0,0,1,petrol,hatchback,manual,maruti,good,maharashtra,184799
10,38857,3885.7,1,2038,1,1,0,0,1,petrol,hatchback,manual,hyundai,great,karnataka,371199
7,51261,7323.0,1,39,0,0,0,0,1,petrol,hatchback,manual,hyundai,great,maharashtra,499000
7,13068,1866.857142857143,1,1029,1,1,0,0,1,petrol,hatchback,manual,hyundai,great,maharashtra,386099
8,74457,9307.125,2,1359,1,1,0,0,1,petrol,hatchback,manual,hyundai,great,tamil nadu,386299
6,171979,28663.166666666668,1,1458,1,1,0,0,1,diesel,suv,manual,renault,great,maharashtra,475399
8,52110,6513.75,1,2555,1,1,0,0,1,diesel,luxury sedan,manual,mercedes benz,great,haryana,1352489
4,10172,2543.0,1,774,1,1,1,0,1,petrol,hatchback,manual,hyundai,great,maharashtra,460999
9,104227,11580.777777777777,1,1257,1,1,0,0,1,petrol & cng,hatchback,manual,maruti,great,maharashtra,275599
6,47644,7940.666666666667,1,2709,1,1,0,0,1,diesel,hatchback,manual,hyundai,great,haryana,491399
9,115024,12780.444444444445,2,1546,1,1,0,0,1,diesel,suv,manual,renault,great,karnataka,484199
10,130494,13049.4,1,1135,1,1,0,0,1,diesel,sedan,manual,toyota,great,karnataka,380299
11,205948,18722.545454545456,2,963,1,1,0,0,1,diesel,suv,manual,toyota,great,maharashtra,530699
12,39622,3301.8333333333335,1,881,0,1,0,0,1,petrol,hatchback,manual,maruti,good,maharashtra,164499
9,38023,4224.777777777777,1,2580,1,1,0,0,1,petrol,hatchback,manual,volkswagen,great,maharashtra,322699
6,59851,9975.166666666666,1,1133,1,1,1,0,1,petrol,sedan,manual,honda,great,delhi,559599
2,83351,41675.5,1,1328,1,1,0,0,1,petrol,unknown,unknown,mg,great,haryana,1477426
5,14173,2834.6,1,3308,1,1,1,0,1,petrol,suv,manual,honda,great,maharashtra,676899
6,84079,14013.166666666666,1,522,1,1,0,0,1,petrol,hatchback,manual,volkswagen,great,maharashtra,474999
9,87063,9673.666666666666,1,547,1,0,0,1,1,diesel,suv,manual,mahindra,great,delhi,390000
5,43387,8677.4,1,2933,1,1,1,0,1,petrol,hatchback,manual,tata,great,delhi,329199
4,32394,8098.5,1,1714,1,1,1,0,1,diesel,suv,manual,mahindra,great,maharashtra,705499
7,43981,6283.0,1,4552,0,1,1,0,1,petrol,hatchback,manual,maruti,great,gujarat,291699
10,88720,8872.0,1,1991,1,1,0,0,1,petrol,hatchback,manual,hyundai,good,telangana,261699
3,50364,16788.0,1,2657,1,1,0,0,1,petrol,hatchback,manual,maruti,great,karnataka,589399
2,8746,4373.0,1,2850,1,1,0,0,1,petrol,hatchback,unknown,hyundai,great,karnataka,650999
9,126375,14041.666666666666,2,372,1,1,0,0,1,petrol,hatchback,manual,maruti,great,delhi,202099
7,186575,26653.571428571428,3,1511,1,1,1,0,1,diesel,sedan,manual,hyundai,great,haryana,400599
5,8545,1709.0,1,940,1,1,0,0,1,petrol,hatchback,unknown,maruti,great,tamil nadu,361299
7,78930,11275.714285714286,2,1659,1,1,1,0,1,petrol & cng,hatchback,manual,hyundai,great,delhi,431399
5,23199,4639.8,1,147,1,1,0,0,1,petrol,hatchback,unknown,maruti,great,tamil nadu,376499
9,59608,6623.111111111111,1,10575,1,1,0,1,1,diesel,luxury suv,manual,mahindra,great,delhi,438099
5,59802,11960.4,1,1491,1,1,1,0,1,diesel,suv,manual,maruti,great,maharashtra,788499
7,138853,19836.14285714286,1,634,1,1,0,0,1,petrol,hatchback,manual,hyundai,great,delhi,322499
6,41701,6950.166666666667,1,328,0,0,0,0,1,petrol,hatchback,manual,hyundai,great,karnataka,516000
5,39768,7953.6,1,900,1,1,0,0,1,petrol,hatchback,manual,hyundai,great,karnataka,650799
7,49253,7036.142857142857,1,888,1,1,0,0,1,petrol,hatchback,automatic,volkswagen,great,maharashtra,517299
5,32405,6481.0,1,3878,1,1,1,0,1,petrol,hatchback,manual,datsun,great,telangana,300399
13,77123,5932.538461538462,2,2470,1,1,1,0,1,petrol,hatchback,manual,maruti,good,maharashtra,138299
6,60900,10150.0,1,797,1,1,0,0,1,petrol,sedan,manual,maruti,great,karnataka,620299
5,60068,12013.6,1,157,1,1,0,0,1,petrol,hatchback,manual,maruti,great,tamil nadu,556199
6,12657,2109.5,1,481,0,1,0,0,1,petrol,hatchback,manual,maruti,great,maharashtra,293899
8,83315,10414.375,1,319,1,1,0,0,1,diesel,sedan,manual,maruti,great,delhi,372199
11,38182,3471.090909090909,1,1579,0,1,1,0,1,petrol,hatchback,manual,hyundai,great,maharashtra,259399
5,63814,12762.8,1,1059,1,1,0,0,1,petrol,hatchback,manual,nissan,great,karnataka,404399
5,69884,13976.8,1,1504,1,1,0,0,1,diesel,suv,manual,mahindra,great,haryana,504299
12,35094,2924.5,1,1522,1,1,0,0,1,petrol,hatchback,manual,maruti,great,maharashtra,156599
4,111095,27773.75,1,1398,1,1,0,0,1,petrol & cng,suv,manual,maruti,great,delhi,297299
6,97803,16300.5,1,457,1,1,0,0,1,diesel,suv,automatic,hyundai,great,maharashtra,888899
10,100743,10074.3,1,1605,1,1,0,0,1,diesel,sedan,manual,toyota,great,delhi,231699
9,50014,5557.111111111111,1,1502,1,1,0,0,1,petrol,hatchback,manual,maruti,great,maharashtra,255199
8,99985,12498.125,1,1415,1,1,1,0,1,petrol & cng,hatchback,manual,maruti,great,delhi,201799
10,97608,9760.8,2,2959,1,1,0,0,1,petrol,hatchback,manual,ford,great,maharashtra,181899
10,63165,6316.5,1,693,1,1,0,0,1,petrol,hatchback,manual,maruti,great,telangana,320599
2,39681,19840.5,1,3101,1,1,0,0,1,diesel,suv,manual,maruti,great,delhi,771599
3,21074,7024.666666666667,1,1196,1,1,0,0,1,petrol,hatchback,manual,hyundai,great,karnataka,562399
8,28778,3597.25,1,3684,1,1,0,0,1,petrol,hatchback,manual,chevrolet,good,maharashtra,180899
9,60930,6770.0,1,4561,0,1,0,0,1,diesel,hatchback,manual,ford,good,uttar pradesh,216199
2,5348,2674.0,1,1446,1,1,0,0,1,petrol,unknown,unknown,kia,great,maharashtra,1734168
6,86573,14428.833333333334,1,1848,1,1,1,0,1,diesel,suv,unknown,hyundai,great,karnataka,934599
8,60472,7559.0,2,1410,1,1,0,0,1,diesel,sedan,manual,toyota,great,karnataka,492099
3,71483,23827.666666666668,1,3012,1,1,0,0,1,diesel,suv,manual,ford,great,telangana,797399
7,84023,12003.285714285714,1,2035,1,1,0,0,1,diesel,sedan,manual,hyundai,great,delhi,491399
3,10312,3437.3333333333335,1,472,0,0,0,0,1,petrol & cng,suv,manual,maruti,great,maharashtra,775000
7,32555,4650.714285714285,1,1488,1,1,1,0,1,petrol,hatchback,manual,maruti,great,uttar pradesh,397899
6,30511,5085.166666666667,1,2881,1,1,0,0,1,petrol,hatchback,manual,hyundai,great,gujarat,316699
11,116520,10592.727272727272,2,1293,1,1,0,0,1,diesel,hatchback,manual,ford,good,karnataka,251099
4,30373,7593.25,1,553,1,1,1,0,1,petrol,hatchback,manual,hyundai,great,delhi,425699
6,57445,9574.166666666666,2,4971,1,1,1,0,1,diesel,hatchback,manual,chevrolet,great,maharashtra,199799
11,51536,4685.090909090909,3,2019,0,1,1,0,1,petrol,suv,manual,maruti,great,tamil nadu,232199
5,14330,2866.0,3,931,1,1,0,0,1,petrol,hatchback,automatic,tata,great,karnataka,205899
11,42016,3819.6363636363635,1,412,1,1,0,0,1,petrol,hatchback,manual,maruti,great,delhi,133199
10,43511,4351.1,3,887,0,1,0,0,1,petrol,hatchback,manual,maruti,great,karnataka,252699
8,57033,7129.125,1,1196,1,1,0,0,1,petrol,hatchback,manual,maruti,great,tamil nadu,323699
9,24076,2675.1111111111113,1,642,1,1,0,0,1,petrol,hatchback,manual,hyundai,great,maharashtra,244799
4,69848,17462.0,1,1377,1,1,0,0,1,diesel,sedan,manual,maruti,great,delhi,615099
5,39149,7829.8,1,1894,1,1,1,0,1,petrol,hatchback,manual,tata,great,delhi,341599
11,58745,5340.454545454545,2,1609,1,1,0,0,1,petrol,suv,manual,maruti,great,maharashtra,222999
12,75433,6286.083333333333,1,513,1,1,0,0,1,petrol,hatchback,manual,maruti,great,haryana,203099
8,50603,6325.375,1,716,1,1,0,0,1,petrol,hatchback,manual,hyundai,good,maharashtra,231299
8,53065,6633.125,1,925,1,1,0,0,1,diesel,sedan,manual,maruti,great,maharashtra,407799
7,46586,6655.142857142857,2,986,1,1,1,0,1,diesel,sedan,manual,maruti,great,karnataka,605099
5,37772,7554.4,1,900,1,1,0,0,1,petrol & cng,hatchback,manual,maruti,great,maharashtra,426399
7,24316,3473.714285714286,2,1809,1,1,0,0,1,petrol,hatchback,unknown,maruti,great,delhi,274399
5,44582,8916.4,2,4632,1,1,0,0,1,petrol,hatchback,manual,renault,great,maharashtra,237499
4,83043,20760.75,1,810,0,1,0,0,1,petrol,sedan,automatic,maruti,great,maharashtra,630899
10,65816,6581.6,2,523,1,1,0,0,1,petrol,hatchback,automatic,hyundai,great,telangana,354199
4,35926,8981.5,1,812,1,1,0,0,1,petrol,hatchback,manual,hyundai,great,telangana,332999
2,12889,6444.5,1,1982,1,1,0,0,1,petrol,hatchback,manual,maruti,great,tamil nadu,582599
7,74024,10574.857142857143,2,2141,0,1,1,0,1,diesel,sedan,manual,hyundai,great,maharashtra,456999
5,48541,9708.2,1,796,1,1,1,0,1,petrol,hatchback,unknown,maruti,great,delhi,533599
9,81212,9023.555555555555,2,2509,1,1,1,0,1,petrol,sedan,automatic,honda,great,delhi,325799
7,87125,12446.42857142857,2,801,1,1,0,0,1,diesel,sedan,manual,maruti,great,karnataka,493599
10,61129,6112.9,2,1875,1,1,0,0,1,petrol,hatchback,manual,volkswagen,good,delhi,217299
7,40375,5767.857142857143,1,3940,1,1,0,0,1,diesel,hatchback,manual,maruti,great,tamil nadu,443599
3,3517,1172.3333333333333,1,1401,1,1,0,0,1,petrol,hatchback,automatic,renault,great,maharashtra,422099
6,65380,10896.666666666666,1,818,0,1,0,0,1,petrol,hatchback,manual,maruti,great,gujarat,441799
2,7857,3928.5,1,2844,1,1,0,0,1,petrol,suv,unknown,hyundai,great,uttar pradesh,1031006
7,88009,12572.714285714286,1,198,1,1,0,0,1,petrol,sedan,manual,maruti,great,maharashtra,416599
9,149569,16618.777777777777,1,88,1,1,0,0,1,diesel,hatchback,manual,volkswagen,good,uttar pradesh,238699
4,31152,7788.0,1,1242,1,1,0,0,1,petrol,hatchback,automatic,maruti,great,maharashtra,526899
8,81363,10170.375,2,1741,1,1,0,0,1,diesel,hatchback,manual,hyundai,great,tamil nadu,387199
4,61838,15459.5,1,1577,1,1,0,0,1,petrol,sedan,manual,maruti,great,uttar pradesh,603699
4,163124,40781.0,1,663,1,1,0,0,1,petrol,hatchback,manual,maruti,great,karnataka,389899
7,75691,10813.0,1,663,1,1,1,0,1,petrol & cng,hatchback,manual,hyundai,great,maharashtra,377199
5,61903,12380.6,1,1310,1,1,1,0,1,diesel,sedan,unknown,tata,great,tamil nadu,397999
9,53525,5947.222222222223,2,1889,1,1,0,0,1,petrol,sedan,manual,skoda,good,maharashtra,293599
6,72206,12034.333333333334,2,122,0,0,0,1,1,diesel,sedan,manual,hyundai,great,delhi,550000
2,27346,13673.0,1,644,1,1,0,0,1,petrol & cng,suv,manual,maruti,great,gujarat,449199
10,190068,19006.8,2,2157,1,1,0,0,1,diesel,luxury suv,manual,toyota,great,maharashtra,829399
9,182075,20230.555555555555,1,1616,1,1,0,0,1,diesel,sedan,manual,skoda,great,uttar pradesh,258499
3,26202,8734.0,1,401,1,1,0,0,1,petrol,hatchback,manual,maruti,great,karnataka,624999
4,24104,6026.0,1,2835,1,1,1,0,1,petrol,hatchback,manual,maruti,great,telangana,535399
4,18913,4728.25,2,2151,1,1,0,0,1,petrol,hatchback,manual,maruti,great,haryana,294299
11,66102,6009.272727272727,1,138,1,0,0,0,1,petrol,hatchback,manual,maruti,great,delhi,150000
9,40091,4454.555555555556,1,245,1,1,0,0,1,petrol,hatchback,manual,maruti,great,maharashtra,310599
11,40225,3656.818181818182,2,1453,1,1,0,0,1,petrol,hatchback,manual,maruti,great,karnataka,213599
6,32821,5470.166666666667,1,1733,1,1,0,0,1,petrol,hatchback,manual,maruti,great,gujarat,232199
11,40666,3696.909090909091,1,1327,1,1,0,0,1,petrol,hatchback,manual,maruti,great,delhi,189699
9,88973,9885.888888888889,2,1171,1,1,0,0,1,petrol,sedan,manual,volkswagen,great,uttar pradesh,448699
19,77323,4069.6315789473683,2,492,0,0,0,0,0,petrol & lpg,hatchback,manual,maruti,overpriced,gujarat,35000
3,53486,17828.666666666668,1,2756,1,1,1,0,1,diesel,sedan,unknown,honda,great,uttar pradesh,604299
3,8854,2951.3333333333335,1,640,1,1,0,0,1,petrol,hatchback,manual,maruti,great,tamil nadu,562599
6,46300,7716.666666666667,1,795,1,1,1,0,1,petrol,sedan,manual,honda,great,maharashtra,400499
5,27245,5449.0,1,1155,1,1,0,0,1,petrol,hatchback,manual,maruti,great,delhi,284099
4,37134,9283.5,1,4603,1,1,1,0,1,diesel,suv,manual,mahindra,great,delhi,671399
